hip	simbad_id	ra_deg	dec_deg	v_mag
34	HD 224758	0.099583	26.918108	6.434
43	HD 224784	0.128698	59.559681	6.177
63	V* CG And	0.181810	45.253335	6.347
88	* tau Phe	0.269095	-48.809874	5.698
106	HD 224870	0.330214	49.981557	6.217
107	HD 224865	0.333830	-50.337370	5.524
122	* tet Oct	0.398748	-77.065725	4.783
124	HD 224893	0.404233	61.222800	5.567
128	HD 224890	0.414410	73.611846	6.492
137	HD 224906	0.432705	42.367143	6.24
145	*  29 Psc	0.456034	-3.027503	5.1
154	*  30 Psc	0.490081	-6.014071	4.41
171	*  85 Peg	0.543120	27.081833	5.75
183	* zet Scl	0.583029	-29.720441	5.022
186	*  31 Psc	0.600695	8.956825	6.325
194	* c Psc	0.623759	8.485464	5.69
207	HD 225009	0.650386	66.098963	5.842
238	HD 225045	0.739534	-20.045883	6.238
253	HD 225069	0.782725	-24.145145	6.443
274	HD 225094	0.857148	63.640517	6.22
301	*   2 Cet	0.934949	-17.335991	4.536
302	V* V398 Cep	0.965171	66.712186	6.323
330	*   9 Cas	1.056927	62.287664	5.884
343	HD 225197	1.082462	-16.529037	5.769
345	HD 225200	1.084655	-29.268822	6.39
355	*   3 Cet	1.125495	-10.509522	4.924
365	HD 225218	1.152435	42.092524	6.14
377	HD 225253	1.172116	-71.436890	5.585
379	HD 225216	1.174922	67.166445	5.676
394	HD 225239	1.223853	34.659667	6.11
399	HD 225276	1.233329	26.648771	6.25
410	HD 225292	1.254934	27.674791	6.462
417	HD      6	1.265928	-0.503036	6.298
418	V* V567 Cas	1.275629	61.313970	5.791
443	*  33 Psc	1.333922	-5.707620	4.61
476	*  86 Peg	1.424840	13.396268	5.537
522	HD    142	1.579897	-49.075186	5.76
531	*  10 Cas	1.610572	64.196158	5.59
544	HD    166	1.653267	29.021504	6.07
560	HD    203	1.708693	-23.107540	6.173
602	HD    256	1.826108	-17.386993	6.203
635	*   4 Cet	1.933797	-2.548680	6.43
636	HD    319	1.945415	-22.508557	5.923
655	HD    344	2.014529	-33.529325	5.662
664	*   5 Cet	2.050398	-2.447706	6.22
671	HD    360	2.073052	-8.824112	5.98
677	* alf And	2.096916	29.090431	2.06
695	HD    371	2.136910	63.204033	6.42
696	V* CF Cet	2.139571	-17.578155	6.13
716	HD    417	2.217233	25.462985	6.246
728	HD    434	2.250670	28.247542	6.47
729	*  87 Peg	2.260103	18.211965	5.555
730	HD    469	2.259971	-54.001955	6.33
746	* bet Cas	2.294522	59.149781	2.27
765	* eps Phe	2.352667	-45.747424	3.87
798	HD    565	2.467151	-62.296794	6.33
813	*  34 Psc	2.509179	11.145816	5.53
814	* gam03 Oct	2.509052	-82.224047	5.283
840	HD    587	2.578630	-5.248588	5.844
841	*  22 And	2.580194	46.072271	5.04
873	HD    645	2.678475	-12.579898	5.849
910	*   6 Cet	2.816075	-15.467978	4.89
930	* kap02 Scl	2.893420	-27.799720	5.404
950	* tet Scl	2.933421	-35.133115	5.239
967	HD    743	2.996188	48.152398	6.162
983	HD    787	3.041602	-17.938251	5.265
1057	HD    874	3.289593	16.921457	6.5
1067	* gam Peg	3.308968	15.183598	2.84
1074	HD   1032	3.331758	-84.993977	5.77
1076	HD    895	3.349672	26.987546	6.277
1096	HD    942	3.426017	-26.022351	5.937
1099	HD    943	3.434912	-26.284963	6.119
1123	HD    952	3.509495	33.206041	6.25
1144	HD   1002	3.584125	-27.531395	6.46
1158	V* AD Cet	3.615128	-7.780529	5.12
1168	* chi Peg	3.650685	20.206703	4.8
1170	*   7 Cet	3.660070	-18.932863	4.46
1191	HD   1064	3.727148	-9.569563	5.749
1193	HD   1048	3.732910	22.284226	6.234
1195	HD   1089	3.742757	-34.904223	6.159
1196	*  35 Psc	3.745168	8.820961	6.01
1208	HD   1075	3.778961	31.535726	6.34
1215	HD   1083	3.794020	27.283441	6.342
1236	V* S Scl	3.842775	-32.045269	6.2
1269	HD   1142	3.978522	61.000176	6.432
1288	HD   1187	4.036945	-31.446391	5.642
1302	HD   1185	4.089704	43.595051	6.15
1319	*  36 Psc	4.141841	8.240157	6.121
1331	HD   1256	4.176426	-20.210061	6.491
1339	HD   1255	4.190326	10.244781	6.49
1354	HD   1239	4.237680	61.533186	5.737
1366	* tet And	4.272927	38.681636	4.61
1372	HD   1279	4.287683	47.947406	5.852
1402	HD   1343	4.386263	-19.051094	6.446
1415	V* AO Cas	4.429430	51.433088	6.14
1421	HD   1367	4.448744	1.688730	6.176
1444	HD   1388	4.495286	-13.455641	6.5
1465	HD   1419	4.571858	11.206215	6.045
1473	* sig And	4.581906	36.785225	4.52
1493	HD   1439	4.659409	31.517228	5.875
1499	HD   1461	4.674449	-8.053001	6.46
1501	*  26 And	4.675704	43.791141	6.11
1502	HD   1483	4.677337	-43.235569	6.328
1562	* iot Cet	4.856977	-8.823919	3.55
1575	HD   1527	4.923164	40.729465	6.34
1599	* zet Tuc	5.017744	-64.874794	4.23
1630	HD   1606	5.101672	30.935614	5.869
1639	HD   1601	5.128871	48.968633	6.47
1645	* d Psc	5.149425	8.190272	5.37
1647	* pi. Tuc	5.162676	-69.624919	5.499
1657	HD   1632	5.189654	32.911187	5.794
1686	* rho And	5.280286	37.968605	5.18
1706	HD   1801	5.369884	-77.426882	5.959
1708	* iot Scl	5.379993	-28.981470	5.167
1728	V* T Cet	5.442803	-20.058025	5.74
1772	*  42 Psc	5.606179	13.482488	6.24
1803	*   9 Cet	5.715785	-12.209436	6.39
1821	HD   1879	5.768296	-15.942531	6.425
1902	NGC   104	6.022329	-72.081444	4.09
1921	HD   1976	6.065225	52.019918	5.58
1939	HD   2023	6.123540	-2.219063	6.067
1948	*  43 Psc	6.158980	14.315517	6.46
1960	*  12 Cas	6.197939	61.831058	5.377
1982	HD   2054	6.276710	53.046782	5.719
2006	*  44 Psc	6.350868	1.939692	5.77
2021	* bet Hyi	6.437793	-77.254246	2.79
2072	* kap Phe	6.550839	-43.679831	3.94
2081	* alf Phe	6.571048	-42.305987	2.38
2086	HD   2268	6.590630	-18.693632	6.266
2100	*  10 Cet	6.655878	-0.049522	6.192
2159	HD   2363	6.811282	-25.547173	5.969
2178	HD   2358	6.879455	16.025483	6.432
2210	* eta Scl	6.982074	-33.007166	4.81
2213	*  46 Psc	6.993609	19.514038	6.38
2219	*  47 Psc	7.012145	17.893127	5.06
2224	*  48 Psc	7.052929	16.445068	6.039
2225	HD   2421	7.056956	44.394469	5.173
2237	HD   2475	7.087898	-20.335049	6.44
2240	HD   2490	7.110505	-39.914999	5.415
2256	HD   2529	7.179693	-50.532857	6.265
2270	HD   2507	7.236096	36.899693	6.273
2337	HD   2630	7.466238	-14.864109	6.131
2353	*  12 Cet	7.509827	-3.957327	5.72
2355	*  28 And	7.530688	29.751558	5.214
2358	HD   2648	7.536189	4.860111	6.5
2377	HD   2626	7.583060	59.977553	5.94
2381	HD   2696	7.594396	-23.787682	5.19
2383	HD   2726	7.608597	-48.214821	5.664
2388	V* BB Phe	7.615938	-40.939584	6.172
2472	* lam01 Phe	7.854088	-48.803514	4.77
2474	*  13 Cas	7.855121	66.519617	6.165
2475	HD   2767	7.856824	33.581637	5.878
2484	* bet01 Tuc	7.886117	-62.958217	4.289
2487	* bet02 Tuc	7.889260	-62.965593	4.514
2497	HD   2774	7.921488	52.839528	5.596
2548	*  51 Psc	8.099079	6.955485	5.679
2568	*  52 Psc	8.147853	20.294318	5.37
2578	* bet03 Tuc	8.182939	-63.031501	5.09
2583	HD   2942	8.204525	28.280241	6.33
2599	* kap Cas	8.249966	62.931781	4.16
2611	HD   2952	8.293310	54.894986	5.922
2628	HD   2904	8.330274	70.981855	6.38
2629	* tet Tuc	8.347330	-71.266245	6.109
2661	HD   3059	8.421006	-29.558278	5.541
2663	HD   3074	8.432528	-35.002076	6.4
2707	*  16 Cas	8.603830	66.750338	6.473
2711	HD   3158	8.615965	-52.373092	5.57
2734	HD   3166	8.730680	13.371140	6.39
2762	*  13 Cet	8.811999	-3.592844	5.21
2787	*  14 Cet	8.886806	-0.505611	5.936
2789	HD   3303	8.888912	-54.821872	6.052
2802	* lam02 Phe	8.921564	-48.000907	5.51
2846	HD   3325	9.013151	-14.973034	6.444
2852	V* BG Cet	9.028571	-22.842335	6.06
2854	HD   3240	9.034626	54.168450	5.076
2876	HD   3283	9.113936	60.326213	5.792
2889	HD   3444	9.156876	-65.124446	6.413
2900	V* V428 And	9.193504	44.488589	5.129
2903	*  53 Psc	9.197129	15.231720	5.863
2912	* pi. And	9.220214	33.719343	4.36
2920	* zet Cas	9.242852	53.896910	3.66
2926	HD   3411	9.279957	24.014139	6.16
2937	HD   3488	9.326027	-54.393819	6.403
2942	HD   3421	9.338416	35.399503	5.431
2954	HD   3457	9.377048	3.135352	6.407
3031	* eps And	9.638948	29.311753	4.38
3056	HD   3605	9.703263	-25.107817	6.41
3083	HD   3574	9.791225	49.354588	5.419
3092	* del And	9.831680	30.860984	3.28
3093	*  54 Psc	9.840856	21.250476	5.88
3132	HD   3440	9.946876	82.493763	6.389
3137	HD   3750	9.966459	-44.796292	5.998
3138	*  55 Psc	9.981548	21.438497	5.428
3170	HD   3823	10.106958	-59.454602	5.9
3175	HD   3794	10.119098	-16.516662	6.49
3179	* alf Cas	10.126846	56.537329	2.23
3185	HD   3795	10.136642	-23.804925	6.14
3193	HD   3807	10.176548	-4.351840	5.885
3231	*  32 And	10.279936	39.458664	5.33
3245	* mu. Phe	10.331547	-46.084981	4.59
3269	HD   3883	10.400157	24.629014	6.046
3277	* ksi Phe	10.443322	-56.501316	5.7
3299	HD   3856	10.514253	66.147593	5.821
3300	* ksi Cas	10.516218	50.512533	4.81
3330	* rho Tuc	10.618216	-65.468030	5.381
3334	HD   3924	10.629343	58.753414	6.171
3352	HD   4088	10.674791	-60.262807	5.98
3405	* eta Phe	10.838376	-57.463063	4.361
3414	* pi. Cas	10.866957	47.024546	4.949
3419	* bet Cet	10.897379	-17.986606	2.01
3436	HD   4145	10.958689	-12.011826	6.02
3455	* phi01 Cet	11.047500	-10.609551	4.767
3456	* lam02 Scl	11.050413	-38.421682	5.96
3478	*  68 Cas	11.109131	47.863984	5.648
3504	* omi Cas	11.181328	48.284370	4.5
3505	HD   4247	11.184984	-22.006133	5.22
3521	HD   4293	11.237719	-42.676559	5.926
3527	HD   4304	11.249757	-53.714893	6.15
3544	HD   4222	11.321557	55.221397	5.41
3552	HD   4301	11.350521	-4.629160	6.16
3559	*  18 Cet	11.369531	-12.880809	6.15
3572	*  21 Cas	11.412819	74.988071	5.652
3576	HD   4338	11.423781	-16.424218	6.499
3583	HD   4391	11.439971	-47.551984	5.794
3604	HD   4335	11.545050	44.861500	6.024
3607	HD   4398	11.548983	-22.522103	5.5
3632	*  57 Psc	11.637299	15.475509	5.38
3649	HD   4362	11.676910	59.574541	6.41
3675	*  58 Psc	11.756067	11.973852	5.504
3685	*  59 Psc	11.806776	19.578706	6.101
3693	* zet And	11.834690	24.267179	4.06
3697	*  60 Psc	11.848474	6.740972	5.961
3717	HD   4585	11.930088	-18.061338	5.693
3721	*  23 Cas	11.941891	74.847570	5.413
3741	HD   4622	12.004438	-21.722526	5.57
3750	HD   4440	12.037928	72.674497	5.855
3760	*  62 Psc	12.072541	7.299930	5.912
3765	HD   4628	12.095733	5.280614	5.74
3781	* lam Hyi	12.147571	-74.923435	5.083
3786	* del Psc	12.170601	7.585082	4.44
3801	* nu. Cas	12.208423	50.968165	4.891
3807	HD   4737	12.236365	-46.697645	6.277
3821	* eta Cas	12.276227	57.815177	3.44
3834	HD   4732	12.308126	-24.136664	5.9
3849	HD   4730	12.356737	-13.561271	5.594
3858	HD   4772	12.389295	-23.362141	6.3
3881	* nu. And	12.453526	41.078911	4.53
3903	V* AZ Phe	12.515702	-43.394967	6.476
3909	* phi02 Cet	12.531621	-10.644329	5.19
3919	V* GO And	12.576105	45.002260	6.15
3949	* rho Phe	12.671610	-50.986817	5.225
3951	HD   4775	12.681657	64.247569	5.362
3965	V* V526 Cas	12.739148	51.508034	6.36
3988	HD   4817	12.818263	61.805494	6.18
3992	HD   4928	12.826350	3.385025	6.368
4023	HD   4881	12.890794	51.571424	6.22
4084	* lam01 Tuc	13.102164	-69.503761	6.22
4104	HD   5098	13.169269	-24.005843	5.48
4147	*  20 Cet	13.252059	-1.144260	4.76
4151	HD   5015	13.267485	61.123972	4.8
4185	HD   5118	13.367595	37.418203	6.057
4200	V* BQ Tuc	13.407824	-62.871360	5.748
4212	HD   5128	13.448332	52.689294	6.31
4257	*  21 Cet	13.573303	-8.740664	6.161
4267	*  66 Psc	13.646761	19.188422	5.79
4283	HD   4853	13.721417	83.707410	5.59
4288	*  36 And	13.742109	23.628328	5.45
4292	* ups01 Cas	13.750649	58.972699	4.82
4293	* lam Tuc	13.751296	-69.527085	5.454
4298	HD   5273	13.771685	48.678523	6.31
4317	HD   5316	13.811139	24.557064	6.24
4346	HD   5384	13.926667	-7.347149	5.85
4363	HD   5445	13.981405	-27.775840	6.13
4366	* k Psc	13.993791	27.209382	6.1
4371	* phi03 Cet	14.006207	-11.266526	5.326
4382	HD   5418	14.037999	13.951959	6.44
4383	HD   5343	14.054050	57.996558	6.19
4422	* ups02 Cas	14.166271	59.181057	4.622
4427	* gam Cas	14.177213	60.716740	2.39
4436	* mu. And	14.188371	38.499334	3.87
4440	HD   5408	14.195715	60.362839	5.566
4446	HD   5357	14.229720	68.775638	6.386
4463	* eta And	14.301668	23.417650	4.42
4475	HD   5459	14.331694	61.421895	6.437
4501	HD   5526	14.415187	45.839380	6.086
4510	* h Psc	14.458967	28.992214	5.438
4520	HD   5612	14.477129	13.695862	6.283
4552	HD   5608	14.559246	33.950884	5.98
4558	HD   5641	14.578713	21.404494	6.46
4563	HD   5771	14.592623	-60.696239	6.235
4572	HD   5550	14.629425	66.351794	5.97
4577	* alf Scl	14.651497	-29.357453	4.27
4587	* phi04 Cet	14.682784	-11.379975	5.614
4655	V* WW Psc	14.957030	6.483226	6.14
4675	HD   5789	15.014824	44.713248	6.05
4709	HD   5715	15.129182	70.982990	6.4
4770	* ksi Scl	15.326148	-38.916528	5.582
4786	HD   5927	15.362686	49.544221	6.48
4801	HD   6037	15.411019	-16.265572	6.47
4829	* ome Phe	15.507585	-57.002387	6.1
4844	HD   6028	15.576957	51.034947	6.49
4852	* sig Scl	15.610129	-31.552014	5.501
4879	V* CC Tuc	15.678779	-65.456102	6.275
4889	* sig Psc	15.704570	31.804262	5.5
4890	HD   6245	15.704957	-46.397309	5.387
4903	*  39 And	15.726061	41.345214	5.932
4906	* eps Psc	15.735868	7.890133	4.28
4914	*  25 Cet	15.760571	-4.836599	5.408
4932	HD   6269	15.823724	-29.525846	6.283
4962	HD   6130	15.904181	61.074823	6.0
4979	*  26 Cet	15.954284	1.366847	6.065
4998	HD   6211	16.009961	52.502162	5.977
5021	HD   6210	16.081046	61.580184	5.833
5034	HD   6301	16.115102	29.658787	6.202
5042	HD   6403	16.135727	-33.532865	6.46
5074	*  73 Psc	16.219325	5.656265	6.007
5081	*  72 Psc	16.272316	14.946135	5.631
5121	*  27 Cet	16.403678	-9.979323	6.088
5131	*  74 Psc A	16.420601	21.473192	5.273
5132	*  74 Psc B	16.423796	21.465448	5.455
5164	*  28 Cet	16.521453	-9.839355	5.565
5165	* bet Phe	16.520998	-46.718411	3.3
5170	HD   6559	16.532142	-23.992484	6.114
5175	*  76 Psc	16.546671	32.181489	6.26
5204	*  75 Psc	16.640111	12.956037	6.144
5240	HD   6497	16.750727	56.934972	6.401
5251	HD   6540	16.789410	53.498185	6.29
5259	HD   6668	16.803851	-23.996335	6.353
5268	* iot Tuc	16.827768	-61.775288	5.342
5296	*  30 Cet	16.942536	-9.785551	5.705
5300	* ups Phe	16.949264	-41.486843	5.207
5310	* psi02 Psc	16.988183	20.739070	5.563
5336	* mu. Cas	17.067929	54.920156	5.17
5346	* e Psc	17.092556	5.649851	5.501
5348	* zet Phe	17.096169	-55.245760	4.014
5361	HD   6676	17.139443	58.263451	5.767
5364	* eta Cet	17.147464	-10.182264	3.45
5372	*   2 UMi	17.186994	86.257091	4.225
5412	HD   6473	17.300774	80.011582	6.23
5434	* phi And	17.375523	47.241794	4.25
5447	* bet And	17.433016	35.620558	2.05
5454	* psi03 Psc	17.455004	19.658407	5.562
5477	HD   7082	17.530721	-57.694390	6.418
5483	HD   6966	17.547673	15.673911	6.043
5485	*  32 Cet	17.549774	-8.906135	6.394
5493	*  44 And	17.578085	42.081475	5.665
5494	HD   6953	17.581042	25.457762	5.797
5510	*  33 Cet	17.639804	2.445674	5.942
5518	*  31 Cas	17.663843	68.778623	5.309
5542	* tet Cas	17.775675	55.149900	4.33
5544	* g Psc	17.778180	31.424729	5.152
5550	*  45 And	17.792821	37.724124	5.786
5566	HD   6960	17.856546	64.202678	5.548
5571	* chi Psc	17.863411	21.034649	4.658
5575	HD   7107	17.870719	10.291908	6.493
5586	* tau Psc	17.915072	30.089638	4.511
5589	*  32 Cas	17.922510	65.018854	5.564
5594	*  34 Cet	17.931284	-2.251078	5.918
5626	HD   6798	18.070068	79.673964	5.6
5650	HD   7158	18.142012	45.337529	6.11
5661	V* AI Scl	18.189302	-37.856478	5.934
5679	HD   7229	18.247811	30.064228	6.23
5737	* zet Psc A	18.432858	7.575360	5.19
5742	* phi Psc	18.437275	24.583698	4.66
5743	* zet Psc B	18.438561	7.578245	6.1
5772	V* DT Psc	18.520438	28.529569	6.347
5778	*  87 Psc	18.531784	16.133476	5.962
5799	*  37 Cet	18.600170	-7.922826	5.13
5824	*  88 Psc	18.676633	6.995138	6.022
5833	*  38 Cet	18.704885	-0.973794	5.69
5862	* nu. Phe	18.796339	-45.531665	4.96
5896	* kap Tuc	18.942038	-68.875945	4.95
5926	HD   7389	19.049591	71.743840	5.86
5928	HD   6319	19.055038	87.145497	6.188
5936	HD   7578	19.078843	33.114719	6.026
5947	HD   7238	19.128670	79.910018	6.261
5951	*  39 Cet	19.151200	-2.500369	5.428
5992	HD   7916	19.265658	-66.397855	6.24
5993	HD   7647	19.271102	44.901992	6.11
6025	HD   7724	19.350467	31.744619	6.36
6061	* f Psc	19.449819	3.614469	5.137
6087	HD   7758	19.542285	47.419706	6.246
6140	HD   7853	19.695874	37.386279	6.497
6193	* ups Psc	19.866640	27.264059	4.748
6226	*  42 Cet	19.951233	-0.509032	5.87
6242	* phi Cas	20.020485	58.231613	4.98
6261	HD   7732	20.080825	77.570686	6.318
6272	HD   8121	20.115866	-11.238997	6.147
6283	HD   8120	20.144050	-3.246992	6.246
6312	*  35 Cas	20.271943	64.658132	6.322
6315	* l Psc	20.280721	28.738207	5.223
6378	HD   7925	20.496262	76.238808	6.38
6411	* ksi And	20.585084	45.528777	4.868
6432	HD   8334	20.653972	1.726333	6.201
6486	HD   8272	20.839249	58.142994	6.35
6492	HD   8388	20.853954	20.468968	5.971
6502	HD   8498	20.878991	-30.945616	5.819
6512	HD   8375	20.906130	34.245865	6.28
6514	*  47 And	20.919235	37.714944	5.587
6522	HD   8065	20.945007	78.726058	6.064
6537	* tet Cet	21.005847	-8.183261	3.59
6539	*  44 Cet	21.010578	-8.007415	6.21
6564	HD   8556	21.085426	-6.914659	5.92
6589	HD   8589	21.166397	-15.660466	6.183
6592	HD   8651	21.169944	-41.492546	5.417
6595	HD   8681	21.174642	-44.528577	6.247
6605	HD   8599	21.202838	-2.848590	6.164
6631	HD   8810	21.272111	-64.369476	5.9
6669	HD   8634	21.398654	23.511517	6.187
6670	*  46 Cet	21.405164	-14.598785	4.907
6685	HD   8424	21.443047	70.979899	6.36
6686	* del Cas	21.453964	60.235284	2.68
6687	HD   8713	21.468188	-3.927389	6.5
6692	* psi Cas	21.483430	68.130014	4.727
6702	HD   8673	21.536610	34.579703	6.34
6706	* rho Psc	21.563593	19.172347	5.344
6711	HD   8671	21.577860	43.457742	5.978
6714	HD   8733	21.598322	20.070807	6.439
6717	HD   8779	21.613945	-0.399032	6.426
6732	*  94 Psc	21.673663	19.240424	5.495
6748	*  47 Cet	21.714853	-13.056511	5.505
6759	V* R Scl	21.742058	-32.543178	5.72
6789	HD   8896	21.847125	-22.338232	6.41
6794	V* V529 And	21.861137	41.101161	6.425
6813	* ome And	21.914086	45.406685	4.83
6822	HD   8921	21.943927	-10.901582	6.21
6867	* gam Phe	22.091370	-43.318235	3.42
6868	HD   8949	22.095482	7.961355	6.214
6952	V* AW Phe	22.377245	-46.756421	6.28
6960	*  48 Cet	22.400565	-21.629336	5.104
6971	HD   9151	22.428403	-25.617756	6.37
6981	*  97 Psc	22.470261	18.355669	6.023
6999	*  49 And	22.525423	47.007273	5.261
7007	* mu. Psc	22.546313	6.143822	4.84
7016	HD   9228	22.595437	-26.207852	5.926
7050	HD   9030	22.717166	66.098088	6.137
7083	* del Phe	22.812934	-49.072703	3.935
7097	* eta Psc	22.870867	15.345832	3.62
7115	HD   9414	22.912525	-45.575715	6.17
7118	HD   9377	22.930227	-30.283098	5.788
7147	HD   9298	23.031575	34.799963	6.373
7189	HD   9544	23.151530	-49.727714	6.26
7213	HD   9525	23.233519	-36.865235	5.493
7243	HD   9496	23.326158	8.208736	6.33
7251	HD   9353	23.357115	58.327347	5.709
7271	HD  10042	23.413213	-78.504820	6.103
7276	HD   9562	23.428482	-7.025344	5.76
7283	HD   5914	23.461292	89.015638	6.47
7294	* chi Cas	23.482839	59.232054	4.681
7321	V* KK And	23.569250	37.237165	5.91
7345	*  49 Cet	23.657411	-15.676361	5.607
7359	HD   9640	23.704438	18.460512	5.903
7361	HD   9742	23.711600	-31.892316	6.11
7362	HD   9690	23.713827	-3.523886	6.43
7363	HD   9731	23.714882	-23.699681	6.4
7387	HD   9896	23.812596	-58.139474	6.01
7436	* 101 Psc	23.943510	14.661421	6.219
7443	HD   9895	23.960693	-39.947124	6.43
7444	HD   9712	23.969066	41.076419	6.386
7450	*  50 Cet	23.995707	-15.400182	5.402
7493	V* OP And	24.113336	48.722778	6.22
7505	V* CY Psc	24.181359	7.831528	6.42
7506	HD  10052	24.186622	-58.270985	6.205
7513	* ups And	24.199340	41.405459	4.1
7535	* pi. Psc	24.274692	12.141783	5.535
7568	HD  11025	24.366819	-84.769617	5.667
7580	HD  10009	24.407109	-9.403822	6.24
7588	* alf Eri	24.428523	-57.236753	0.46
7597	HD  10024	24.466952	-3.440679	6.44
7601	HD  10800	24.481486	-82.974996	5.87
7607	* ups Per	24.498158	48.628212	3.57
7617	HD   9900	24.531527	57.977632	5.536
7643	HD  10142	24.614516	-36.528250	5.939
7650	*  40 Cas	24.628825	73.040038	5.281
7651	V* GY And	24.632606	45.399704	6.38
7679	HD  10148	24.715786	-21.275385	5.58
7719	* chi And	24.837452	44.386175	5.008
7740	* 105 Psc	24.920076	16.405855	5.979
7786	HD  10110	25.054587	53.868278	6.37
7818	* tau And	25.145067	40.577039	4.94
7819	HD  10262	25.145554	8.760789	6.345
7825	HD  10204	25.165239	43.297670	5.629
7874	HD  10308	25.326565	25.745713	6.202
7884	* nu. Psc	25.357892	5.487612	4.44
7886	HD  10481	25.363840	-38.132827	6.183
7906	HD  10348	25.413486	30.047120	5.961
7918	HD  10307	25.446362	42.613395	4.96
7921	HD  10615	25.449867	-60.789337	5.692
7941	HD  10538	25.512474	-36.832304	5.698
7943	HD  10390	25.514540	35.245705	5.64
7955	* pi. Scl	25.535956	-32.326988	5.256
7963	HD  10293	25.573756	58.627737	6.348
7965	*  43 Cas	25.585529	68.043025	5.59
7978	* q01 Eri	25.622144	-53.740831	5.52
7981	* 107 Psc	25.624011	20.268513	5.24
7999	HD  10550	25.681298	-3.690200	4.982
8016	*  42 Cas	25.732764	70.622526	5.174
8020	HD  10362	25.743001	61.421073	6.323
8044	HD  10486	25.818766	45.322649	6.32
8046	*  44 Cas	25.832319	60.551332	5.76
8068	* phi Per	25.915158	50.688731	4.06
8086	HD  10588	25.958928	32.192016	6.3
8094	HD  10658	25.978317	-4.765514	6.19
8102	* tau Cet	26.017013	-15.937480	3.5
8127	HD  10597	26.110528	46.139692	6.31
8148	HD  10587	26.192380	57.089232	6.24
8159	* 109 Psc	26.232606	20.083149	6.279
8198	* omi Psc	26.348438	9.157751	4.26
8209	* eps Scl	26.411529	-25.052615	5.34
8210	V* UZ Psc	26.427218	8.559249	6.43
8230	HD  10824	26.496916	-5.733300	5.34
8233	HD  10863	26.504409	-27.348831	6.385
8240	* 120 Phe	26.524856	-50.816254	5.49
8241	* q02 Eri	26.526096	-53.522036	5.033
8320	HD  11022	26.819597	-41.759924	6.165
8362	HD  10780	26.936810	63.852503	5.63
8366	* tau02 Hyi	26.943529	-80.176309	6.04
8369	HD  11050	26.949035	-37.159484	6.32
8370	HD  10874	26.950060	46.229749	6.317
8387	*   4 Ari	27.045515	16.955516	5.841
8404	HD  11037	27.108414	3.685450	5.904
8423	HD  10975	27.162188	37.952870	5.929
8480	HD  11183	27.330920	-31.072462	6.348
8497	* chi Cet	27.396262	-10.686409	4.68
8514	HD  11262	27.453588	-38.402829	6.37
8544	*   1 Ari	27.535708	22.275336	5.86
8552	HD  11332	27.584090	-47.816391	6.14
8588	*  54 Cet	27.716553	11.043378	5.922
8593	V* BD Phe	27.726813	-50.206137	5.929
8598	HD  11151	27.738034	51.933418	5.951
8641	HD  11421	27.859818	-39.835936	6.43
8645	* zet Cet	27.865131	-10.335031	3.72
8664	HD  11365	27.907501	-6.874140	6.41
8688	HD  11396	27.942079	-15.647481	6.45
8704	*   1 Per	27.997167	55.147384	5.52
8714	*   2 Per	28.039051	50.792793	5.689
8771	HD  11335	28.211356	51.474837	6.3
8778	V* BK Cet	28.217137	-16.929251	5.782
8796	* alf Tri	28.270439	29.578819	3.42
8814	*  55 And	28.322268	40.729790	5.394
8820	HD  11643	28.346553	-38.594632	6.086
8832	* gam Ari	28.382562	19.293855	3.88
8833	* ksi Psc	28.388904	3.187533	4.604
8837	* psi Phe	28.411414	-46.302669	4.41
8847	HD  11408	28.452144	55.597638	6.437
8882	* phi Phe	28.591800	-42.496928	5.109
8886	* eps Cas	28.598892	63.670100	3.37
8903	* bet Ari	28.660046	20.808031	2.65
8922	HD  11613	28.724084	40.701998	6.248
8928	* eta02 Hyi	28.733881	-67.647303	4.685
8930	HD  11624	28.740255	37.128296	6.267
8983	HD  11995	28.943675	-60.860974	6.058
8991	* sig Hyi	28.960621	-78.348546	6.146
8993	*   7 Ari	28.962660	23.577315	5.749
9001	HD  11727	28.977003	37.277790	5.867
9007	* chi Eri	28.989416	-51.608878	3.71
9009	* ome Cas	29.000118	68.685240	4.968
9022	HD  11965	29.039202	-49.836445	6.36
9061	*  56 Cet	29.167511	-22.526785	4.85
9085	HD  12042	29.249936	-51.766246	6.1
9094	HD  11964	29.290031	-10.242426	6.42
9095	HD  12055	29.291998	-47.385280	4.834
9110	* iot Ari	29.337740	17.817556	5.105
9132	HD  11928	29.432267	27.804377	5.85
9149	HD  12270	29.472185	-65.424677	6.357
9153	* lam Ari	29.482153	23.596063	4.766
9163	HD  11884	29.496815	47.095522	6.45
9207	HD  12135	29.611167	-33.066794	6.374
9220	HD  11857	29.638480	61.697790	6.004
9222	*   3 Per	29.639608	49.204353	5.702
9236	* alf Hyi	29.692244	-61.569822	2.84
9237	HD  12116	29.691656	-11.300956	6.46
9295	HD  12140	29.857848	12.294880	6.076
9307	HD  12139	29.898681	21.058569	5.892
9312	HD  11946	29.908490	64.621600	5.278
9313	HD  12296	29.911729	-42.030532	5.563
9318	HD  12477	29.921365	-66.066559	6.078
9326	*  57 Cet	29.942500	-20.824539	5.429
9347	* ups Cet	30.001285	-21.077832	4.02
9372	V* AR Cet	30.111761	-8.523874	5.51
9440	* pi. For	30.311345	-30.001830	5.35
9459	* chi Phe	30.426568	-44.713507	5.14
9480	*  48 Cas	30.489551	70.906967	4.54
9487	* alf Psc	30.511749	2.763761	3.82
9505	* g Per	30.575452	54.487540	5.04
9521	HD  12563	30.617769	-29.665643	6.41
9533	HD  12479	30.646154	13.476721	5.94
9562	HD  12596	30.715565	-23.886629	6.29
9564	*  52 Cas	30.718650	64.901464	5.986
9568	HD  12005	30.737627	77.916262	6.046
9570	* eps Tri	30.741483	33.284134	5.516
9572	HD  12583	30.744040	-15.305930	5.864
9573	*  53 Cas	30.750782	64.390018	5.614
9586	HD  12173	30.793543	73.850570	6.15
9589	*  60 Cet	30.798543	0.128508	5.423
9598	*  50 Cas	30.858785	72.421294	3.938
9621	*  10 Ari	30.913939	25.935476	5.694
9622	HD  12642	30.918704	-4.103515	5.609
9627	HD  12594	30.927544	18.253255	6.214
9631	*  61 Cet	30.950682	-0.340243	5.942
9640	* gam01 And	30.974801	42.329728	2.1
9655	HD  12702	31.051940	-11.859765	6.43
9677	* nu. For	31.122690	-29.296805	4.69
9685	HD  12894	31.146520	-54.881675	6.45
9706	HD  12730	31.212543	7.735661	6.43
9727	*  47 Cas	31.280934	77.281340	5.268
9763	*  49 Cas	31.381459	76.115060	5.22
9809	V* WZ Psc	31.551097	8.248111	6.303
9827	HD  12923	31.622122	0.035344	6.295
9836	* kap Ari	31.641354	22.648319	5.019
9859	*  11 Ari	31.705145	25.704556	6.02
9862	HD  13004	31.716873	-19.138871	6.39
9884	* alf Ari	31.793357	23.462418	2.01
9951	HD  13218	32.023687	-41.880420	6.5
9977	*  58 And	32.121921	37.859085	4.82
9983	HD  13013	32.139832	44.459430	6.38
9990	HD  12953	32.169080	58.423603	5.68
9999	HD  13215	32.190253	-17.779157	6.056
10035	HD  13336	32.288718	-43.516595	5.83
10053	*  14 Ari	32.355521	25.939838	4.977
10054	HD  12467	32.355456	81.295944	6.06
10064	* bet Tri	32.385946	34.987297	3.0
10069	HD  13305	32.395006	-24.345786	6.47
10096	HD  13387	32.451956	-40.866498	6.49
10111	HD  13423	32.520046	-43.815575	6.322
10115	HD  13137	32.532294	53.843092	6.303
10138	HD  13445	32.607992	-50.823740	6.117
10155	*  15 Ari	32.656654	19.500337	5.688
10176	*  59 And A	32.720102	39.039543	6.07
10180	*  59 And B	32.723569	39.043310	6.1
10203	*  16 Ari	32.800229	25.936942	5.999
10212	*  64 Cet	32.837828	8.569807	5.623
10215	HD  13456	32.842609	-10.052161	5.999
10220	*   5 Tri	32.854262	31.526395	6.23
10227	*   5 Per	32.871639	57.645546	6.35
10233	HD  13511	32.889596	-17.742991	6.49
10234	*  63 Cet	32.899312	-1.825427	5.933
10273	HD  13546	33.065702	2.745553	6.49
10280	* iot Tri	33.092833	30.303068	4.952
10296	HD  13522	33.156416	24.167781	5.95
10305	*  66 Cet	33.198089	-2.393630	5.66
10309	HD  12927	33.207951	79.691538	6.445
10320	* mu. For	33.226958	-30.723826	5.26
10324	* ksi01 Cet	33.250001	8.846702	4.35
10326	HD  13692	33.254115	-21.000135	5.867
10328	*  19 Ari	33.263767	15.279863	5.7
10340	* b And	33.305509	44.231647	4.826
10350	HD  13222	33.338109	74.027721	6.261
10361	HD  13519	33.389629	53.058589	6.46
10379	HD  13476	33.423377	58.560585	6.43
10396	HD  13763	33.473144	-9.064632	6.42
10418	* pi.01 Hyi	33.560587	-67.841440	5.559
10438	*  55 Cas	33.621202	66.524440	6.07
10440	HD  13940	33.633104	-41.166763	5.907
10513	* pi.02 Hyi	33.869274	-67.746363	5.658
10535	*  21 Ari	33.928236	25.043045	5.58
10559	*   7 Tri	33.984532	33.358898	5.249
10562	HD  13818	33.990554	47.811940	6.36
10602	* phi Eri	34.127442	-51.512165	3.57
10623	HD  12918	34.189909	83.561411	6.45
10633	HD  13854	34.215484	57.055245	6.48
10642	*  67 Cet	34.246014	-6.422117	5.499
10670	* gam Tri	34.328614	33.847197	4.0
10718	*   8 Per	34.499530	57.899821	5.748
10723	HD  14214	34.506014	1.757812	5.59
10729	* chi Per	34.519102	57.516322	6.023
10732	* tet Ari	34.531378	19.901158	5.572
10793	*  10 Tri	34.737473	28.642676	5.291
10795	HD  14262	34.741405	23.167800	6.441
10798	HD  14412	34.743770	-25.945687	6.34
10814	HD  14213	34.795102	46.472261	6.22
10819	* c And	34.819987	47.379976	5.31
10826	* omi Cet	34.836634	-2.977638	6.53
10830	HD  14221	34.844491	48.955461	6.41
10832	HD  14509	34.853196	-41.848368	6.37
10854	HD  14417	34.919904	-4.345571	6.491
10871	HD  14641	34.976131	-55.944797	5.794
10884	HD  14373	35.018580	30.188088	6.49
10924	HD  14372	35.172983	47.310801	6.154
10944	*  63 And	35.242506	50.151496	5.59
11001	* del Hyi	35.437260	-68.659419	4.09
11020	HD  14433	35.480981	57.242917	6.48
11021	*  69 Cet	35.485948	0.395672	5.287
11029	HD  14691	35.506382	-10.777535	5.421
11033	HD  14728	35.520761	-17.662171	5.868
11043	HD  14832	35.548953	-43.199809	6.298
11046	*  70 Cet	35.551648	-0.884854	5.421
11060	* i Per	35.589310	55.845653	5.17
11072	* kap For	35.635794	-23.816800	5.198
11090	HD  14622	35.709598	41.396294	5.795
11095	* kap Hyi	35.717955	-73.645792	5.987
11102	HD  14943	35.727813	-51.092128	5.898
11108	HD  14830	35.740116	-18.354983	6.228
11121	HD  14890	35.777490	-37.576142	6.496
11174	V* V440 Per	35.965602	55.364862	6.291
11212	HD  14988	36.083818	-25.847462	6.429
11220	*  64 And	36.103817	50.006543	5.19
11231	HD  15064	36.141179	-40.840458	6.18
11249	* ksi Ari	36.204407	10.610559	5.478
11258	* lam Hor	36.224625	-60.311948	5.355
11261	*  71 Cet	36.243287	-2.780028	6.335
11279	*  10 Per	36.316785	56.609821	6.26
11293	V* TZ Hor	36.360225	-66.494026	6.44
11313	*  65 And	36.405929	50.278629	4.71
11345	* rho Cet	36.487524	-12.290474	4.866
11348	HD  15144	36.501450	-15.341249	5.83
11381	HD  15220	36.646739	-20.042617	5.881
11407	* kap Eri	36.746342	-47.703841	4.25
11415	HD  15152	36.780158	27.012394	6.108
11432	*  11 Tri	36.865713	31.801279	5.552
11465	*  66 And	36.965742	50.569974	6.156
11477	* phi For	37.007097	-33.811040	5.123
11479	HD  15646	37.018273	-64.299768	6.349
11484	* ksi02 Cet	37.039821	8.460060	4.3
11486	*  12 Tri	37.041583	29.669329	5.29
11524	HD  15471	37.147638	-31.102448	6.105
11548	*  13 Tri	37.202060	29.931758	5.901
11578	HD  15385	37.307009	23.469025	6.19
11603	HD  15453	37.397326	9.565628	6.111
11651	HD  15464	37.569195	33.833722	6.252
11670	HD  15524	37.634806	25.235029	5.879
11671	HD  15652	37.636640	-22.545318	6.148
11678	*  26 Ari	37.660071	19.855303	6.13
11687	HD  15633	37.688347	0.255752	5.99
11698	*  27 Ari	37.726658	17.703859	6.225
11738	HD  15694	37.875398	2.267183	5.269
11757	* mu. Hyi	37.918846	-79.109416	5.275
11767	* alf UMi	37.954561	89.264109	2.02
11783	* sig Cet	38.021616	-15.244904	4.75
11784	*  14 Tri	38.025707	36.147273	5.144
11791	*  75 Cet	38.039260	-1.034893	5.358
11802	HD  15889	38.061496	-36.427287	6.276
11840	HD  15755	38.219249	34.542384	5.826
11843	*  29 Ari	38.225591	15.034536	5.988
11867	* lam01 For	38.279275	-34.649967	5.889
11907	HD  15996	38.417598	-20.001921	6.189
11918	* ome For	38.461256	-28.232338	4.96
11925	HD  16170	38.477517	-51.093549	6.242
12002	*  77 Cet	38.677599	-7.859445	5.731
12022	HD  16060	38.767224	7.470990	6.163
12057	HD  16004	38.866255	39.664380	6.345
12072	HD  16028	38.911421	37.312259	5.71
12086	*  15 Tri	38.945089	34.687550	5.374
12093	* nu. Cet	38.968642	5.593240	4.871
12107	*  80 Cet	39.000199	-7.831596	5.535
12122	* iot01 For	39.038603	-30.044978	5.729
12148	HD  16247	39.146125	7.730028	5.811
12153	*  31 Ari	39.157996	12.447632	5.64
12160	HD  16187	39.179300	31.607667	6.075
12186	* lam02 For	39.244199	-34.577975	5.79
12189	*  30 Ari A	39.252181	24.647220	6.48
12200	HD  16220	39.277372	32.891090	6.226
12225	* eta Hor	39.351453	-52.543109	5.293
12239	HD  16024	39.400288	65.745336	5.781
12247	*  81 Cet	39.424175	-3.396174	5.647
12272	HD  16399	39.503128	7.695278	6.39
12273	HD  15920	39.508472	72.818253	5.166
12287	HD  16327	39.574295	37.726713	6.191
12288	* iot02 For	39.577756	-30.194064	5.829
12300	HD  16589	39.603480	-37.990545	6.483
12305	HD  16350	39.616482	38.089142	6.287
12318	HD  16467	39.653345	3.443202	6.237
12332	* nu. Ari	39.704135	21.961402	5.451
12387	* del Cet	39.870654	0.328509	4.07
12390	* eps Cet	39.890823	-11.872098	4.87
12394	* eps Hyi	39.897340	-68.266947	4.096
12413	* s Eri	39.949897	-42.891811	4.75
12444	HD  16673	40.051754	-9.452871	5.79
12447	HD  16647	40.065382	6.111950	6.26
12484	* zet Hor	40.165056	-54.549912	5.21
12486	* iot Eri	40.166812	-39.855377	4.116
12489	*  33 Ari	40.171150	27.060944	5.296
12530	*  84 Cet	40.308322	-0.695662	5.71
12562	HD  16825	40.392144	-14.549307	5.974
12584	HD  16824	40.451363	-3.213803	6.049
12608	HD  16975	40.527530	-38.383687	5.988
12611	HD  17006	40.535182	-46.524441	6.094
12623	*  12 Per	40.562144	40.193950	4.92
12640	* mu. Ari	40.591399	20.011465	5.74
12647	*  85 Cet	40.620571	10.741729	6.31
12653	* iot Hor	40.639444	-50.800293	5.4
12686	HD  16735	40.748013	53.526107	5.835
12690	HD  16780	40.757737	48.265244	6.28
12692	*  11 Per	40.761825	55.106018	5.753
12706	* gam Cet	40.825163	3.235816	3.47
12708	HD  17098	40.834312	-40.527909	6.36
12719	*  35 Ari	40.862976	27.707149	4.67
12720	HD  17001	40.870487	-2.531425	6.48
12744	HD  16955	40.963515	25.638347	6.39
12768	*  14 Per	41.021500	44.297039	5.435
12770	* pi. Cet	41.030616	-13.858689	4.236
12775	HD  17254	41.044050	-52.570597	6.151
12777	* tet Per	41.049944	49.228449	4.11
12784	*  36 Ari	41.079637	17.763927	6.398
12786	HD  17168	41.085572	-32.524716	6.204
12803	* omi Ari	41.137383	15.311860	5.777
12821	HD  16769	41.207071	67.824631	5.945
12828	* mu. Cet	41.235572	10.114145	4.26
12832	*  38 Ari	41.239923	12.445756	5.17
12843	* tau01 Eri	41.275828	-18.572623	4.46
12862	HD  17163	41.337111	4.711632	6.031
12871	* gam Hor	41.364490	-63.704553	5.743
12876	* zet Hyi	41.385977	-67.616617	4.82
12964	HD  17390	41.687934	-21.639522	6.469
12982	HD  17228	41.743010	35.983521	6.25
12990	HD  17240	41.764896	35.554675	6.25
13008	HD  17438	41.796280	-22.485763	6.461
13036	HD  17246	41.879811	44.272199	6.47
13055	HD  16458	41.948857	81.448474	5.781
13061	*  39 Ari	41.977259	29.247118	4.51
13108	*  40 Ari	42.133702	18.283791	5.83
13121	V* VZ Ari	42.191264	25.188052	5.89
13133	V* RZ Cas	42.231293	69.634289	6.26
13141	* nu. Hor	42.256197	-62.806522	5.253
13147	* bet For	42.272579	-32.405898	4.46
13176	HD  17484	42.362131	37.326411	6.448
13178	HD  17378	42.378071	57.084319	6.26
13197	* gam01 For	42.462341	-24.560312	6.146
13202	* gam02 For	42.475761	-27.941983	5.377
13209	*  41 Ari	42.495972	27.260507	3.594
13225	* eta02 For	42.561599	-35.843618	5.92
13244	* nu. Hyi	42.618582	-75.066948	4.742
13254	*  16 Per	42.646082	38.318643	4.22
13257	HD  17605	42.647047	36.948327	6.44
13265	* eta03 For	42.668362	-35.675850	5.472
13268	* eta Per	42.674208	55.895494	3.79
13271	HD  17864	42.699194	-39.932224	6.362
13275	HD  17624	42.720115	35.393901	6.49
13288	* tau02 Eri	42.759696	-21.004012	4.77
13327	* sig Ari	42.873277	15.082068	5.516
13328	*  17 Per	42.878489	35.059740	4.53
13339	HD  17656	42.923875	46.841942	5.859
13347	HD  17581	42.941167	58.314294	6.443
13363	HD  17926	42.984359	-30.814517	6.382
13367	V* SU Cas	42.994797	68.888502	5.8
13387	HD  18185	43.079268	-62.909591	6.019
13402	HD  17925	43.133867	-12.769713	6.05
13421	HD  17943	43.211412	-9.441234	6.325
13429	HD  18292	43.227663	-65.455290	6.46
13448	HD  17918	43.298729	16.483460	6.3
13462	HD  17818	43.337794	48.569958	6.21
13473	* psi For	43.393320	-38.437001	5.926
13479	HD  18071	43.397176	-22.376312	5.931
13487	HD  17706	43.418711	64.451984	6.408
13490	*  20 Per	43.427571	38.337459	5.343
13518	HD  18265	43.526958	-50.871402	6.198
13531	* tau Per	43.564491	52.762467	3.96
13654	* rho02 Ari	43.952075	18.331640	5.93
13665	HD  17948	43.987170	61.521137	5.584
13679	HD  18262	44.057364	8.381562	5.963
13700	HD  17958	44.102710	64.332443	6.167
13701	* eta Eri	44.106872	-8.898143	3.87
13702	* rho Ari	44.109049	18.023240	5.58
13713	HD  18155	44.138756	47.164005	6.03
13717	HD  18331	44.155934	-3.712322	5.16
13732	HD  18153	44.211078	51.261285	6.21
13756	V* EH Cet	44.269056	4.501025	6.21
13768	HD  18466	44.303757	-29.855276	6.281
13775	*  21 Per	44.322007	31.934220	5.093
13782	*   4 Eri	44.349027	-23.862166	5.45
13789	HD  18546	44.385946	-38.190923	6.411
13832	HD  18339	44.509698	38.614926	6.028
13834	*  47 Ari	44.521755	20.668734	5.79
13835	*   6 Eri	44.523887	-23.606010	5.809
13843	HD  18511	44.552287	-12.005823	6.5
13847	* tet Eri	44.565314	-40.304681	2.88
13874	HD  18543	44.675315	-2.782897	5.23
13879	* pi. Per	44.690292	39.662727	4.7
13883	HD  18557	44.697090	-9.776500	6.15
13884	* bet Hor	44.699152	-64.071287	4.969
13905	*  24 Per	44.765320	35.183131	4.93
13907	HD  18650	44.777060	-28.907210	6.131
13914	* eps Ari	44.803022	21.340433	4.63
13942	* zet For	44.900761	-25.274133	5.686
13947	HD  18735	44.909604	-32.507199	6.302
13949	HD  18482	44.916161	41.032940	5.877
13951	*   5 Eri	44.921501	-2.464956	5.55
13954	* lam Cet	44.928719	8.907386	4.7
13965	HD  18474	44.957457	47.220713	5.485
13997	HD  18552	45.049525	38.131722	6.11
14036	HD  18700	45.183921	10.870392	5.931
14040	*   7 Eri	45.212001	-2.878622	6.13
14043	HD  18537	45.217546	52.351736	5.219
14060	* rho01 Eri	45.291775	-7.663009	5.75
14086	* eps For	45.406787	-28.091493	5.85
14104	HD  18832	45.467899	5.336149	6.243
14109	*  49 Ari	45.475589	26.462354	5.909
14110	HD  18885	45.483830	-9.961404	5.837
14124	HD  18894	45.538640	-6.494533	6.194
14131	* tet Hyi	45.564370	-71.902455	5.499
14135	* alf Cet	45.569888	4.089739	2.53
14143	*  93 Cet	45.593825	4.352886	5.607
14146	* tau03 Eri	45.597914	-23.624472	4.09
14168	* rho02 Eri	45.676200	-7.685477	5.336
14187	HD  19141	45.732763	-46.975027	5.799
14232	HD  18928	45.875721	28.269916	6.36
14240	* mu. Hor	45.903412	-59.737775	5.122
14264	V* V509 Per	45.986429	47.848477	6.467
14293	* rho03 Eri	46.068820	-7.600855	5.3
14315	HD  19121	46.158610	1.863604	6.035
14318	HD  19080	46.169347	15.856023	6.37
14328	* gam Per	46.199250	53.506462	2.93
14354	* rho Per	46.294141	38.840276	3.39
14355	HD  19210	46.297076	-8.274246	6.31
14365	HD  19066	46.337543	40.582180	6.05
14376	*  52 Ari	46.361201	25.255174	5.47
14382	* k Per	46.385048	56.705719	4.766
14392	HD  18991	46.417363	56.068968	6.105
14417	HD  18438	46.532669	79.418535	5.52
14439	HD  19270	46.598695	13.187251	5.635
14456	HD  19349	46.639560	-6.088550	5.256
14502	HD  19065	46.829077	64.057633	5.877
14514	*  53 Ari	46.856971	17.879992	6.117
14521	HD  20313	46.884010	-78.989233	5.667
14544	V* V521 Per	46.947263	47.308706	6.375
14547	HD  19940	46.953935	-69.264938	6.122
14551	HD  19545	46.961875	-27.831151	6.17
14566	HD  19268	47.016052	52.213509	6.3
14576	* bet Per	47.042219	40.955647	2.12
14586	*  54 Ari	47.087955	18.795052	6.25
14607	HD  19525	47.161632	8.471072	6.273
14626	HD  19243	47.225734	62.384597	6.498
14649	HD  19549	47.333887	20.761120	6.4
14668	* kap Per	47.374182	44.857458	3.81
14677	*  55 Ari	47.403087	29.077082	5.74
14719	HD  19600	47.536832	27.819766	6.412
14748	HD  19637	47.612696	26.896236	6.022
14749	HD  19948	47.613543	-48.734157	6.11
14757	HD  19826	47.647424	-23.738513	6.377
14764	HD  19698	47.661638	11.872618	5.97
14791	HD  19439	47.753070	64.896264	6.5
14797	HD  19850	47.772015	-13.264283	6.36
14814	HD  19887	47.819705	-16.024964	6.243
14817	* ome Per	47.822425	39.611581	4.607
14819	HD  19836	47.828226	-3.811596	6.068
14821	HD  19789	47.841329	13.047843	6.09
14838	* del Ari	47.907361	19.726673	4.37
14844	HD  18778	47.927809	81.470711	5.907
14862	HD  19275	47.984455	74.393658	4.834
14879	* alf For	48.018874	-28.987622	3.98
14887	HD  19736	48.039832	42.375910	6.139
14893	*  56 Ari	48.059359	27.256968	5.76
14914	HD  19735	48.110086	47.725874	6.327
14915	V* EL Cet	48.109849	6.660886	5.568
14930	V* TW Hor	48.138166	-57.321549	5.71
14954	*  94 Cet	48.193486	-1.196099	5.07
14972	HD  20144	48.256206	-35.943690	6.283
15004	HD  19845	48.349468	48.176956	5.913
15024	HD  20176	48.408106	-29.804130	6.162
15048	HD  20043	48.478687	18.973333	6.5
15110	* zet Ari	48.725410	21.044447	4.869
15118	HD  20063	48.735822	42.503634	6.06
15125	HD  20293	48.751132	-26.100459	6.24
15154	HD  20149	48.835166	30.556689	5.61
15191	HD  20193	48.946424	32.856714	6.304
15192	HD  20041	48.949877	57.140623	5.79
15197	* zet Eri	48.958440	-8.819732	4.8
15201	* iot Hyi	48.990274	-77.388454	5.506
15203	HD  20319	49.003560	-5.918703	6.17
15204	HD  20210	49.007751	34.688509	6.229
15209	HD  20162	49.018570	45.346135	6.15
15219	HD  20123	49.050845	50.937668	5.03
15230	HD  20356	49.090514	-5.730465	6.31
15241	V* V573 Per	49.146619	32.184030	5.994
15244	*  14 Eri	49.148940	-9.154603	6.143
15282	HD  20283	49.297748	40.482970	6.46
15305	HD  20640	49.360798	-47.751692	5.833
15323	HD  20367	49.416862	31.127045	6.399
15330	* zet01 Ret	49.442348	-62.575320	5.54
15334	HD  20346	49.440644	39.283373	5.967
15338	*  30 Per	49.447304	44.025023	5.476
15353	HD  20888	49.496145	-66.926852	6.022
15357	HD  20606	49.510794	-28.797064	5.93
15371	* zet02 Ret	49.553412	-62.506362	5.228
15382	*  15 Eri	49.592126	-22.511104	4.875
15404	*  29 Per	49.657257	50.222176	5.157
15416	HD  20468	49.682611	34.222654	4.82
15444	*  31 Per	49.781830	50.094969	5.032
15457	* kap01 Cet	49.840402	3.370199	4.85
15474	* tau04 Eri	49.879169	-21.757865	3.7
15479	V* AI For	49.895445	-24.122902	5.622
15510	* e Eri	49.981879	-43.069782	4.27
15514	*  59 Ari	49.982483	27.071130	5.918
15520	HD  20336	49.996956	65.652302	4.85
15547	HD  19978	50.082227	77.734763	5.444
15549	HD  20644	50.084842	29.048458	4.47
15557	*  60 Ari	50.106533	25.662757	6.127
15585	HD  20853	50.188348	-26.606508	6.404
15619	* kap02 Cet	50.278347	3.675623	5.69
15627	* tau01 Ari	50.306769	21.147066	5.355
15643	HD  20894	50.350020	-23.635157	5.496
15648	* l Per	50.360662	43.329651	4.946
15655	HD  21011	50.389307	-47.776661	6.396
15696	*  62 Ari	50.549556	27.607554	5.52
15700	HD  20980	50.567859	-25.587805	6.353
15737	*  63 Ari	50.688506	20.742067	5.13
15770	HD  20809	50.804988	49.213271	5.3
15776	HD  21019	50.823755	-7.794099	6.23
15800	HD  21032	50.901272	0.910084	6.472
15807	HD  21018	50.912457	4.882103	6.5
15816	HD  21149	50.935920	-32.707087	6.499
15840	HD  21563	51.009637	-69.624604	6.131
15850	HD  21051	51.042203	12.629592	6.046
15861	*  64 Ari	51.076991	24.724096	5.503
15863	* alf Per	51.080709	49.861179	1.79
15870	*  65 Ari	51.108815	20.803490	6.061
15876	HD  20995	51.123762	33.535930	5.8
15890	V* CQ Cam	51.168986	64.585994	5.19
15900	* omi Tau	51.203326	9.028870	3.6
15968	HD  21722	51.401053	-69.336434	5.946
15987	* chi01 For	51.482675	-35.920885	6.385
15988	HD  21071	51.489092	49.120758	6.09
16015	HD  21473	51.549100	-41.636939	6.326
16029	HD  21430	51.593854	-27.317480	5.933
16042	V* UX Ari	51.647399	28.715063	6.37
16083	* ksi Tau	51.792252	9.732742	3.75
16095	HD  21379	51.827816	12.735283	6.291
16112	* chi02 For	51.889255	-35.681326	5.702
16142	HD  21530	52.003945	-11.286597	5.73
16147	HD  21278	52.012795	49.062868	4.97
16168	HD  21402	52.086252	33.807558	5.73
16177	HD  21203	52.098295	60.255675	6.49
16181	*  66 Ari	52.110698	22.804009	6.03
16210	HD  21362	52.218033	49.848386	5.572
16226	HD  21585	52.265848	3.248705	6.42
16228	HD  21291	52.267220	59.940334	4.22
16244	*  34 Per	52.341873	49.508953	4.735
16245	* kap Ret	52.344489	-62.937529	4.7
16252	HD  21455	52.359527	46.937866	6.217
16263	HD  21688	52.400117	-12.674736	5.576
16266	HD  21665	52.413072	-6.804455	5.988
16281	HD  21389	52.478098	58.878749	4.54
16285	HD  21882	52.479780	-42.634255	5.753
16290	HD  22676	52.495388	-78.351851	5.668
16292	HD  21447	52.500762	55.451807	5.09
16310	HD  21899	52.556582	-41.369937	6.112
16319	V* V805 Cas	52.580825	71.863897	6.41
16322	* s Tau	52.601953	11.336439	5.124
16335	* sig Per	52.643689	47.995216	4.36
16339	V* TU Hor	52.653975	-47.375125	5.968
16340	HD  21551	52.653967	48.103604	5.82
16341	* v Eri	52.654410	-5.075148	4.725
16358	HD  21755	52.689251	6.188705	5.927
16368	HD  22252	52.715450	-66.489712	5.8
16369	* f Tau	52.718240	12.936670	4.1
16424	HD  21620	52.872251	49.209773	6.28
16425	HD  21684	52.876250	40.759949	6.49
16447	HD  21661	52.954329	49.401094	6.411
16449	HD  21997	52.973529	-25.614150	6.372
16470	HD  21699	53.035868	48.023480	5.461
16489	HD  20084	53.083895	84.911046	5.609
16499	*  36 Per	53.109414	46.056862	5.32
16509	HD  22231	53.145010	-50.378645	5.658
16511	* t Tau	53.149764	9.373450	5.757
16516	V* KP Per	53.162407	44.855760	6.41
16518	HD  21856	53.166729	35.461724	5.9
16531	HD  22382	53.214820	-61.016873	6.421
16537	* eps Eri	53.232685	-9.458261	3.73
16587	HD  21769	53.384196	58.765243	6.409
16591	V* IW Per	53.395975	39.899477	5.776
16599	HD  21819	53.412750	54.974860	5.969
16602	HD  21794	53.421837	57.868730	6.38
16611	* tau05 Eri	53.446983	-21.632884	4.25
16628	HD  22262	53.486632	-31.080127	6.2
16641	HD  22072	53.534909	17.832828	6.16
16672	HD  22322	53.639956	-31.874802	6.43
16677	HD  22243	53.656131	-9.868259	6.239
16695	HD  22211	53.704509	6.417695	6.482
16697	HD  22333	53.718358	-25.582827	6.48
16779	HD  22379	53.988528	-5.124952	6.5
16780	HD  22409	53.990278	-11.193785	5.58
16803	*  20 Eri	54.072517	-17.467076	5.23
16826	* psi Per	54.122416	48.192635	4.23
16827	HD  23474	54.125598	-78.323073	6.298
16846	HD  22468	54.197043	0.587762	5.9
16852	*  10 Tau	54.218265	0.401664	4.3
16870	* y Eri	54.273658	-40.274660	4.58
16924	HD  22522	54.449294	15.430554	6.42
16938	HD  22402	54.500760	42.582843	6.402
16974	V* KZ Cam	54.582223	56.932715	6.282
16989	HD  22675	54.621887	-7.391861	5.849
17007	* tau For	54.698631	-27.943053	6.01
17026	HD  22615	54.750244	20.915773	6.493
17027	*  21 Eri	54.754652	-5.626213	5.96
17056	HD  21970	54.854515	75.739622	6.247
17057	HD  22799	54.855867	-10.437274	6.182
17058	HD  22695	54.857306	16.536689	6.168
17086	HD  22798	54.909779	-3.393006	6.219
17103	*  12 Tau	54.963008	3.056866	5.555
17120	HD  22819	54.998205	-1.121224	6.123
17136	HD  22905	55.047652	-15.226534	6.343
17167	*  22 Eri	55.159721	-5.210710	5.53
17181	*  11 Tau	55.192957	25.329488	6.102
17203	HD  22780	55.282738	37.580197	5.57
17214	HD  23010	55.307487	-11.802390	6.485
17296	V* BD Cam	55.538856	63.216797	5.11
17304	* del For	55.562094	-31.938362	4.973
17309	*  13 Tau	55.578949	19.700255	5.69
17313	* o Per	55.594358	33.965026	4.972
17342	HD  22764	55.678071	59.969390	5.78
17351	* h Eri	55.708562	-37.313517	4.583
17358	* del Per	55.731220	47.787497	3.01
17378	* del Eri	55.812086	-9.763392	3.54
17395	HD  23281	55.890974	-10.485657	5.61
17408	*  14 Tau	55.946724	19.665035	6.14
17437	HD  23049	56.026783	48.523658	6.042
17440	* bet Ret	56.049923	-64.806914	3.833
17448	* omi Per	56.079724	32.288246	3.91
17453	HD  23258	56.117516	20.928736	6.074
17457	*  24 Eri	56.127127	-1.163091	5.25
17460	HD  23193	56.131014	36.460094	5.588
17464	HD  23697	56.141203	-54.274026	6.35
17475	HD  23139	56.170424	46.099812	6.091
17489	*  16 Tau	56.200896	24.289468	5.46
17493	HD  23670	56.210346	-48.061299	6.488
17499	*  17 Tau	56.218905	24.113338	3.7
17506	*  25 Eri	56.235405	-0.296721	5.553
17527	*  18 Tau	56.290584	24.839262	5.64
17529	* nu. Per	56.298470	42.578530	3.8
17531	* q Tau	56.302083	24.467274	4.3
17534	HD  23719	56.316151	-47.359475	5.708
17543	V* CT Hyi	56.348899	-71.658132	6.255
17558	HD  23301	56.404536	38.676262	6.443
17563	* u Tau	56.418514	6.049996	5.337
17573	*  20 Tau	56.456701	24.367744	3.87
17579	*  21 Tau	56.476985	24.554510	5.76
17584	HD  23300	56.496916	45.681899	5.655
17585	HD  23005	56.503917	67.201602	5.782
17587	HD  23089	56.509715	63.345059	4.81
17588	*  22 Tau	56.512085	24.527897	6.421
17593	* pi. Eri	56.535563	-12.101588	4.42
17595	HD  23526	56.539015	6.803525	5.922
17608	*  23 Tau	56.581608	23.948359	4.18
17618	* sig For	56.614285	-29.338158	5.904
17651	* tau06 Eri	56.712030	-23.249723	4.2
17678	* gam Hyi	56.809753	-74.238963	3.26
17702	* eta Tau	56.871152	24.105136	2.87
17707	HD  23383	56.883950	55.921959	6.082
17717	* tau07 Eri	56.915209	-23.874677	5.235
17732	HD  23626	56.954247	32.195414	6.252
17734	HD  23958	56.956756	-36.105803	6.19
17738	* rho For	56.983501	-30.167883	5.54
17759	HD  23712	57.027250	24.988416	6.49
17771	* e Tau	57.067778	11.143299	5.07
17772	HD  23552	57.075311	50.736766	6.14
17776	HD  23753	57.086737	23.421249	5.45
17797	* f Eri	57.149489	-37.620150	4.27
17798	HD  23978	57.148765	-20.902977	5.801
17805	HD  23887	57.162307	0.227861	5.901
17832	*  26 Tau	57.237258	23.857132	6.464
17846	V* V376 Per	57.283791	43.963139	5.97
17847	*  27 Tau	57.290596	24.053417	3.63
17851	*  28 Tau	57.296736	24.136710	5.09
17854	HD  23277	57.307247	70.871050	5.391
17858	HD  23594	57.332327	57.118268	6.448
17874	* g Eri	57.363526	-36.200257	4.17
17884	V* BE Cam	57.380323	65.525979	4.48
17886	* n Per	57.386182	33.091365	5.11
17891	HD  23523	57.402441	63.296959	5.817
17900	HD  23923	57.431382	23.711852	6.153
17921	HD  23950	57.479456	22.244149	6.07
17932	HD  23838	57.518438	44.967869	5.657
17950	HD  24098	57.567352	-1.522574	6.491
17954	HD  23985	57.578922	25.579374	5.234
17959	* gam Cam	57.589622	71.332266	4.604
18033	V* V766 Tau	57.816126	13.046078	6.38
18067	HD  23662	57.924065	68.507486	6.299
18081	HD  24131	57.973828	34.359118	5.772
18094	HD  24167	58.018554	31.168591	6.212
18141	*  30 Eri	58.173536	-5.361227	5.475
18170	HD  24357	58.291859	17.327085	5.946
18173	HD  24497	58.303869	-18.434438	6.216
18199	HD  24706	58.388930	-46.893685	5.921
18201	HD  24368	58.393665	25.682877	6.349
18212	HD  24240	58.411239	48.650497	5.76
18213	* i Eri	58.412281	-34.732297	5.092
18216	* tau08 Eri	58.427926	-24.612228	4.623
18217	HD  24141	58.430359	57.975146	5.786
18246	* zet Per	58.533010	31.883634	2.85
18255	*  32 Eri	58.572924	-2.954734	4.45
18262	HD  24744	58.596529	-40.357006	5.705
18275	HD  24863	58.641504	-52.690427	6.461
18339	V* DO Eri	58.817214	-12.099091	6.0
18396	HD  24504	58.992391	47.871423	5.379
18401	HD  25170	59.016651	-63.463715	6.137
18428	HD  24834	59.115267	-13.597535	6.38
18434	HD  24640	59.119549	35.080893	5.488
18438	HD  24164	59.125973	71.821627	6.3
18455	V* DL Eri	59.158055	-9.750836	6.177
18471	*  32 Tau	59.216988	22.477974	5.617
18481	HD  24817	59.257158	6.039970	6.072
18485	*  33 Tau	59.265863	23.175542	6.038
18488	HD  24480	59.284540	61.108885	5.05
18505	HD  24479	59.356019	63.072264	5.04
18508	HD  24802	59.359924	24.461937	6.165
18532	* eps Per	59.463497	40.010200	2.89
18543	* gam Eri	59.507358	-13.508515	2.94
18565	HD  24843	59.621521	38.840257	6.313
18592	HD  25346	59.678757	-57.102361	6.043
18597	* del Ret	59.686454	-61.400186	4.57
18606	HD  25069	59.718308	-5.469948	5.833
18614	* ksi Per	59.741260	35.791030	4.06
18647	HD  25165	59.875552	-12.574425	5.589
18658	HD  25102	59.918733	10.330378	6.34
18673	* tau09 Eri	59.981182	-24.016216	4.66
18717	HD  25175	60.153699	17.296659	6.305
18723	HD  25371	60.169402	-30.490708	5.919
18724	* lam Tau	60.170070	12.490344	3.41
18735	HD  25202	60.203192	18.194001	5.865
18744	* gam Ret	60.224198	-62.159283	4.5
18769	HD  25152	60.311795	36.989478	6.389
18772	* iot Ret	60.325629	-61.078823	4.956
18788	*  35 Eri	60.383530	-1.549659	5.28
18805	HD  25330	60.442228	9.998017	5.691
18859	HD  25457	60.653101	-0.268922	5.38
18907	* nu. Tau	60.789080	5.989301	3.883
18926	HD  25631	60.853114	-20.143796	6.45
18957	*  40 Tau	60.935852	5.435618	5.33
18990	HD  25700	61.036282	-16.588728	6.364
19009	*  36 Tau	61.090286	24.106018	5.512
19011	HD  25723	61.094648	-12.792297	5.611
19018	HD  25291	61.113179	59.155509	5.12
19037	HD  25803	61.170426	-20.381862	6.111
19038	*  37 Tau	61.173804	22.081930	4.37
19076	*  39 Tau	61.334409	22.008905	5.9
19095	HD  25945	61.405983	-27.651807	5.59
19111	HD  25944	61.444627	-20.512562	6.334
19121	HD  25910	61.485450	-8.856104	6.261
19129	HD  25274	61.513262	68.679972	5.864
19167	* lam Per	61.646011	50.351262	4.29
19171	*  41 Tau	61.651719	27.599900	5.172
19172	HD  25602	61.652624	54.008668	6.302
19177	HD  25425	61.661842	65.520798	6.131
19205	* psi Tau	61.751904	29.001308	5.2
19222	HD  25225	61.794911	74.000359	6.49
19233	HD  26491	61.840131	-64.222352	6.38
19261	HD  26015	61.924933	15.162789	6.07
19284	HD  26038	61.997570	17.339898	5.94
19343	* c Per	62.165390	47.712511	4.03
19376	HD  26171	62.256545	13.398282	5.927
19388	* ome01 Tau	62.291525	19.609217	5.504
19398	HD  26326	62.324317	-16.385856	5.435
19400	HD  25948	62.342639	54.828865	6.26
19412	HD  25877	62.364880	59.908070	6.295
19434	HD  26292	62.429196	3.322699	6.48
19483	*  37 Eri	62.593833	-6.923852	5.442
19509	HD  26575	62.691129	-35.273788	6.44
19511	HD  26464	62.699014	-8.819815	5.689
19513	* p Tau	62.707754	26.480955	5.387
19515	* del Hor	62.710711	-41.993643	4.93
19525	HD  26311	62.745934	33.586779	5.74
19554	*  45 Tau	62.834509	5.523052	5.699
19571	V* GW Eri	62.900849	-20.356155	5.8
19587	* omi01 Eri	62.966413	-6.837580	4.026
19590	HD  26584	62.983885	-8.837464	6.44
19601	HD  26625	63.001132	-17.274733	6.4
19641	HD  26546	63.130645	17.277460	6.087
19672	V* V1137 Tau	63.213545	22.413467	6.12
19673	HD  26101	63.215936	68.501154	6.326
19719	*  46 Tau	63.387877	7.716116	5.29
19720	HD  26676	63.394044	10.212477	6.249
19721	HD  26927	63.398837	-40.357762	6.344
19725	HD  26739	63.408944	-1.149738	6.423
19730	HD  26076	63.436767	72.126149	6.037
19736	HD  26703	63.457659	12.753707	6.25
19746	HD  26605	63.498721	37.967149	6.45
19747	* alf Hor	63.500476	-42.294369	3.86
19777	*  39 Eri	63.598700	-10.256283	4.9
19780	* alf Ret	63.606125	-62.473803	3.36
19799	HD  26793	63.650969	10.011407	5.218
19805	HD  27304	63.702272	-62.191811	5.46
19810	HD  26702	63.716948	37.542672	6.308
19811	* f Per	63.722218	40.483640	4.691
19812	* mu. Per	63.724431	48.409331	4.16
19823	HD  26553	63.757481	57.460364	6.08
19849	* omi02 Eri	63.817998	-7.652870	4.43
19860	* mu. Tau	63.883575	8.892355	4.279
19877	*  48 Tau	63.942852	15.400696	6.3
19893	* gam Dor	64.006611	-51.486648	4.2
19917	HD  27463	64.087390	-60.948478	6.366
19921	* eps Ret	64.120951	-59.302154	4.44
19949	HD  26764	64.179549	53.611800	5.187
19968	HD  26670	64.223150	61.849991	5.7
19983	HD  26755	64.283723	57.860320	5.721
19990	* ome02 Tau	64.315255	20.578597	4.914
19996	HD  27179	64.330091	-6.472174	5.932
20039	HD  25904	64.465853	80.535787	6.38
20042	* ups04 Eri	64.473593	-33.798348	3.56
20049	* del Men	64.496957	-80.214032	5.68
20063	HD  27026	64.533787	42.141165	6.205
20070	* b Per	64.560923	50.295493	4.594
20075	V* GZ Eri	64.566987	-20.715259	6.052
20087	*  51 Tau	64.596712	21.579219	5.631
20106	HD  27411	64.656215	-22.969721	6.06
20156	HD  27084	64.805055	50.048708	5.4
20161	HD  27588	64.819569	-44.267918	5.332
20171	*  53 Tau	64.858740	21.142305	5.482
20186	*  56 Tau	64.902937	21.773491	5.346
20188	HD  27386	64.905903	10.121437	6.3
20205	* gam Tau	64.948350	15.627642	3.65
20219	* h Tau	64.990436	14.035203	5.568
20231	HD  27349	65.041447	31.953176	6.167
20234	* b02 Per	65.047969	50.920935	5.545
20241	HD  27278	65.060107	41.808119	5.958
20250	* phi Tau	65.088400	27.350752	4.951
20252	*  54 Per	65.102658	34.566726	4.929
20255	HD  27429	65.104591	18.742681	6.094
20261	*  58 Tau	65.151293	15.095453	5.242
20263	V* EK Eri	65.161008	-6.245994	6.154
20264	HD  27616	65.162554	-20.639623	5.38
20266	HD  27022	65.168023	65.140441	5.27
20268	HD  27497	65.171868	6.130792	5.751
20271	* d Eri	65.178475	-7.592496	5.838
20284	HD  27483	65.219668	13.864426	6.141
20297	* nu. Men	65.241967	-81.579922	5.764
20341	HD  27611	65.362658	-0.098174	5.854
20354	* d Per	65.388193	46.498879	4.812
20360	HD  27660	65.406272	-6.284163	6.429
20376	HD  27245	65.448538	60.735624	5.398
20380	HD  27322	65.465859	56.506315	5.92
20384	* eta Ret	65.472191	-63.386391	5.24
20400	*  60 Tau	65.514659	14.077198	5.71
20417	HD  27639	65.594707	20.821413	5.95
20430	* chi Tau	65.645599	25.629316	5.378
20455	* del Tau	65.733730	17.542514	3.76
20456	HD  27402	65.741454	59.616182	6.18
20465	HD  27881	65.773595	-24.892139	5.796
20467	HD  27941	65.782317	-35.544812	6.37
20484	*  63 Tau	65.854434	16.777264	5.625
20493	HD  27742	65.884860	20.982045	5.986
20507	* ksi Eri	65.920217	-3.745468	5.165
20522	* r Tau	65.965940	9.460971	5.098
20533	*  62 Tau	65.999011	24.300980	6.337
20535	*  43 Eri	66.009193	-34.016850	3.96
20542	* del02 Tau	66.024006	17.444131	4.8
20558	HD  27860	66.060331	12.157988	6.39
20579	*  55 Per	66.121481	34.130758	5.718
20591	*  56 Per	66.156076	33.959803	5.795
20614	HD  27901	66.238032	19.042009	5.965
20619	HD  28413	66.272237	-61.238192	5.922
20630	HD  28246	66.329665	-44.160895	6.383
20635	* kap01 Tau	66.342352	22.293871	4.201
20641	* kap02 Tau	66.354230	22.199999	5.264
20648	* del03 Tau	66.372436	17.927907	4.298
20661	*  70 Tau	66.405511	15.941023	6.439
20698	HD  28086	66.505622	4.373455	6.32
20704	HD  27971	66.526296	31.438908	5.284
20711	* ups Tau	66.576930	22.813580	4.282
20713	*  71 Tau	66.586545	15.618301	4.48
20715	HD  28114	66.587926	8.590264	6.055
20732	* pi. Tau	66.651548	14.713782	4.69
20771	HD  28191	66.752954	2.079411	6.221
20772	HD  27855	66.753632	57.585307	6.29
20776	HD  26836	66.762230	80.824160	5.43
20781	HD  28454	66.774853	-46.947492	6.1
20789	*  72 Tau	66.822712	22.996327	5.514
20804	HD  28217	66.869873	11.212280	5.87
20825	HD  28732	66.941787	-62.521203	5.735
20842	HD  28226	67.003262	21.619903	5.711
20848	HD  28322	67.015150	1.858585	6.139
20856	V* RV Cae	67.039432	-41.959834	6.399
20860	HD  26356	67.055282	83.807787	5.507
20873	*  76 Tau	67.097532	14.740959	5.892
20877	*  75 Tau	67.109875	16.359675	4.969
20884	*  44 Eri	67.133838	1.380825	5.532
20885	* tet01 Tau	67.143741	15.962284	3.84
20889	* eps Tau	67.154168	19.180434	3.53
20892	HD  28479	67.162655	-19.458873	5.933
20894	* tet02 Tau	67.165590	15.870875	3.41
20901	* b Tau	67.209015	13.047602	5.014
20904	HD  28271	67.216644	30.361550	6.383
20922	* 228 Eri	67.278856	-13.048369	5.41
20934	HD  28700	67.333692	-46.515270	6.117
20982	HD  26659	67.501480	83.340377	5.472
20985	HD  28505	67.509543	10.262215	6.46
20995	*  80 Tau	67.535824	15.637839	5.552
20997	HD  28625	67.541682	-13.592371	6.219
21029	HD  28527	67.640136	16.194014	4.764
21036	*  83 Tau	67.655679	13.724402	5.395
21038	HD  28459	67.660031	32.457769	6.169
21039	*  81 Tau	67.662038	15.691878	5.454
21042	HD  28776	67.668040	-35.653510	5.95
21053	HD  28568	67.694992	16.148681	6.491
21060	* del Cae	67.708749	-44.953750	5.059
21082	*  84 Tau	67.779960	15.105038	6.303
21110	HD  28763	67.857711	-13.644223	6.25
21137	*  85 Tau	67.965662	15.851624	5.998
21139	*  45 Eri	67.969453	-0.044011	4.896
21144	V* V492 Per	67.987274	36.742689	6.34
21148	*   1 Cam	68.007676	53.910846	5.772
21152	HD  28736	68.020036	5.410041	6.352
21192	HD  28843	68.156474	-3.209540	5.81
21239	HD  28970	68.342029	-10.785337	6.052
21242	* m Per	68.353763	43.063893	6.078
21247	HD  28204	68.377834	72.528606	5.928
21248	* ups01 Eri	68.377301	-29.766492	4.51
21252	V* R Ret	68.386795	-63.029165	6.5
21253	HD  29399	68.391456	-62.823677	5.78
21269	HD  28930	68.450729	9.413561	6.011
21273	* rho Tau	68.462158	14.844428	4.65
21278	*  46 Eri	68.478032	-6.738912	5.72
21281	* alf Dor	68.499072	-55.044979	3.28
21295	HD  28978	68.534448	5.568621	5.678
21296	*  47 Eri	68.548452	-8.231352	5.188
21297	HD  29065	68.549041	-8.970255	5.229
21298	HD  29063	68.559133	-6.837811	6.063
21323	HD  28929	68.658303	28.961151	5.9
21324	HD  29163	68.658926	-24.040502	6.38
21363	HD  29184	68.752961	-19.921383	6.111
21377	HD  29173	68.808817	-9.736369	6.37
21393	* ups02 Eri	68.887658	-30.562342	3.82
21402	*  88 Tau	68.913609	10.160753	4.25
21408	HD  29104	68.927351	19.881789	6.35
21421	* alf Tau	68.980163	16.509302	0.86
21428	HD  29227	69.006959	-3.611634	6.34
21444	* nu. Eri	69.079758	-3.352460	3.928
21452	HD  28780	69.100825	64.261600	5.91
21459	V* V1116 Tau	69.121458	23.340839	6.019
21476	*  58 Per	69.172635	41.264835	4.26
21479	V* R Dor	69.189964	-62.077166	5.4
21486	HD  29435	69.212212	-30.716778	6.271
21515	*  49 Eri	69.306982	0.998328	5.315
21517	V* SZ Tau	69.311574	18.543035	6.37
21525	HD  29559	69.330284	-41.872943	6.4
21547	*  51 Eri	69.400553	-2.473549	5.209
21588	*  89 Tau	69.539336	16.033256	5.776
21589	* c Tau	69.539425	12.510837	4.27
21594	* l Eri	69.545098	-14.304028	3.87
21604	V* HU Tau	69.565959	20.684725	5.842
21611	HD  30479	69.590523	-77.656005	6.038
21644	HD  29573	69.723126	-12.123074	5.002
21666	HD  29805	69.767924	-51.672754	6.44
21670	HD  29499	69.775663	7.870987	5.365
21673	* sig01 Tau	69.788430	15.799836	5.076
21683	* sig02 Tau	69.818759	15.917975	4.665
21685	HD  29613	69.832128	-14.359189	5.463
21689	HD  29459	69.846455	25.218277	6.2
21718	HD  29610	69.946755	-1.052461	6.099
21727	*   3 Cam	69.977838	53.079535	5.073
21735	*  93 Tau	70.014250	12.197613	5.445
21743	HD  29737	70.028339	-24.482368	5.563
21763	*  54 Eri	70.110464	-19.671492	4.3
21770	* alf Cae	70.140469	-41.863751	4.45
21819	HD  29646	70.332339	28.614988	5.729
21823	HD  29526	70.350535	48.300879	5.652
21861	* bet Cae	70.514510	-37.144330	5.05
21881	* tau Tau	70.561247	22.956903	4.258
21914	* lam Pic	70.693432	-50.481335	5.298
21928	*  59 Per	70.726402	43.365120	5.298
21949	* mu. Men	70.766518	-70.931026	5.511
21958	HD  30080	70.788721	-30.765560	5.663
21961	*  95 Tau	70.807318	24.088917	6.151
21972	HD  29721	70.839977	49.973788	5.856
21998	* lam Cae	70.934467	-41.064787	6.218
22003	HD  29867	70.951050	32.865480	6.48
22024	*  56 Eri	71.022170	-8.503570	5.81
22028	HD  30127	71.033256	-18.666585	5.522
22034	HD  29866	71.054252	40.786449	6.08
22040	* kap Dor	71.088243	-59.732738	5.282
22044	HD  30034	71.107619	11.146134	5.379
22081	HD  30610	71.241250	-63.229715	6.466
22086	HD  30238	71.267338	-21.283382	5.692
22109	* mu. Eri	71.375631	-3.254660	4.0
22128	HD  30122	71.426946	23.627993	6.329
22144	HD  30432	71.481048	-39.356614	6.045
22157	HD  30210	71.507252	11.705587	5.346
22170	V* R Pic	71.539776	-49.245850	6.35
22176	HD  30197	71.570112	18.734692	5.981
22189	HD  30321	71.600677	-2.954528	6.316
22192	V* EX Eri	71.607290	-28.087446	6.173
22220	HD  30138	71.685320	40.312590	6.0
22263	*  58 Eri	71.901215	-16.934456	5.5
22280	* zet Cae	71.956571	-30.020372	6.346
22287	*   4 Cam	72.001137	56.757177	5.275
22300	HD  30144	72.029267	55.602612	6.32
22325	*  59 Eri	72.135557	-16.329486	5.755
22336	HD  30562	72.151605	-5.674044	5.77
22354	HD  30545	72.185935	3.588531	6.028
22361	HD  29678	72.209805	75.941220	5.952
22393	HD  30454	72.303530	31.437374	5.578
22407	HD  30453	72.329500	32.588192	5.824
22439	HD  30743	72.426017	-13.769669	6.26
22441	*  96 Tau	72.433674	15.904219	6.11
22449	* pi.03 Ori	72.460047	6.961278	3.19
22453	*   1 Aur	72.477659	37.488280	4.867
22479	*  60 Eri	72.548401	-16.217160	5.028
22488	* nu. Cae	72.567418	-41.320849	6.055
22508	HD  30085	72.651627	70.941526	6.341
22509	* pi.02 Ori	72.653010	8.900181	4.35
22531	* iot Pic A	72.730540	-53.461536	5.57
22534	* iot Pic B	72.735405	-53.459700	6.19
22545	HD  30557	72.788839	48.740665	5.643
22549	* pi.04 Ori	72.801524	5.605104	3.68
22565	* i Tau	72.843598	18.839857	5.085
22573	HD  31093	72.867569	-34.906287	5.833
22597	HD  30870	72.930755	9.975081	6.122
22607	HD  30869	72.958305	13.655135	6.25
22626	HD  30442	73.021748	63.505421	5.467
22667	* omi Ori	73.133177	14.250642	4.721
22678	*   2 Aur	73.158251	36.703188	4.779
22697	HD  30912	73.196321	27.897490	5.961
22699	HD  30823	73.198989	42.586627	5.675
22701	* ome Eri	73.223622	-5.452696	4.4
22717	HD  31975	73.273519	-72.407679	6.28
22720	HD  30752	73.290758	52.841155	6.4
22730	*   5 Ori	73.344891	2.508224	5.324
22737	HD  31754	73.377070	-66.675415	6.416
22783	* alf Cam	73.512547	66.342676	4.29
22797	* pi.05 Ori	73.562904	2.440672	3.73
22833	* g Ori	73.695397	11.425983	5.184
22834	HD  31296	73.699092	7.779096	5.324
22840	HD  31331	73.711288	0.467166	5.965
22842	HD  31069	73.713512	44.060862	6.058
22844	HD  31746	73.720985	-58.547654	6.107
22845	* pi.01 Ori	73.723867	10.150834	4.648
22847	HD  31529	73.728388	-39.628608	6.089
22850	HD  31236	73.743174	19.485387	6.347
22854	*   5 Cam	73.763045	55.259127	5.52
22860	HD  31414	73.778434	-16.740666	5.688
22871	* eta Men	73.796675	-74.936853	5.449
22881	* R Eri	73.827741	-16.417771	5.715
22913	HD  31373	73.958965	15.040262	5.776
22923	HD  31411	73.993134	5.399024	6.485
22936	HD  31134	74.029468	52.869737	5.74
22938	HD  31423	74.037396	7.904671	6.42
22949	HD  31362	74.064907	24.592218	6.324
22955	HD  31327	74.083700	36.168532	6.089
22957	* omi02 Ori	74.092817	13.514469	4.06
22958	* b Eri	74.100778	-5.171357	5.482
23015	* iot Aur	74.248417	33.166094	2.69
23040	*   7 Cam	74.321657	53.752102	4.433
23041	HD  31623	74.321629	-1.067257	6.241
23043	HD  31539	74.343104	17.153666	5.49
23060	HD  31726	74.436186	-14.231917	6.139
23068	*  99 Tau	74.452690	23.948569	5.806
23088	* k Tau	74.539134	25.050407	5.785
23092	HD  31739	74.545466	-2.212736	6.338
23123	* pi.06 Ori	74.637093	1.714014	4.459
23148	* ksi Men	74.712363	-82.470516	5.828
23161	HD  31764	74.747547	14.543250	6.058
23179	* ome Aur	74.814206	37.890245	5.0
23216	*   8 Cam	74.943034	53.155452	6.083
23221	*  63 Eri	74.960223	-10.263310	5.39
23231	*  64 Eri	74.982237	-12.537417	4.77
23251	HD  33519	75.055154	-78.300027	6.279
23261	*   5 Aur	75.076415	39.394705	5.97
23265	HD  30338	75.086344	81.194091	5.09
23268	*   6 Aur	75.096728	39.654654	6.48
23296	HD  32115	75.165866	-2.066030	6.32
23311	HD  32147	75.204164	-5.753673	6.21
23362	HD  32309	75.356586	-20.051919	4.885
23364	* psi Eri	75.359774	-7.173965	4.78
23377	HD  32453	75.393843	-39.718046	6.007
23408	HD  32263	75.459803	0.722109	5.908
23416	* eps Aur	75.492227	43.823310	2.99
23430	HD  32436	75.540923	-26.275028	5.002
23442	HD  31312	75.582559	74.269367	6.04
23446	HD  32515	75.595019	-31.771334	5.903
23453	* zet Aur	75.619514	41.075832	3.75
23467	* bet Men	75.679159	-71.314299	5.294
23474	*   1 Lep	75.687412	-22.795053	5.738
23475	HD  32393	75.689145	-4.210121	5.853
23482	* eta01 Pic	75.702859	-49.151406	5.372
23497	* iot Tau	75.773944	21.589961	4.615
23511	HD  32188	75.827655	41.441649	6.111
23522	* bet Cam	75.854546	60.442246	4.02
23551	HD  32612	75.967186	-14.370230	6.406
23554	HD  32667	75.971966	-24.388148	5.582
23555	HD  32820	75.974801	-41.744952	6.303
23582	HD  31563	76.053316	73.763887	6.22
23583	HD  32406	76.060702	30.494583	6.16
23589	HD  32482	76.089953	21.277930	6.188
23595	* gam Cae	76.101676	-35.482975	4.574
23596	* gam02 Cae	76.108988	-35.705106	6.31
23607	*  11 Ori	76.142288	15.404102	4.661
23617	HD  31590	76.165281	74.066956	6.12
23643	HD  32686	76.227190	-3.039676	6.031
23649	* eta02 Pic	76.241726	-49.577834	5.01
23653	HD  33116	76.252524	-54.407401	6.261
23668	HD  32890	76.317481	-26.152390	5.695
23680	V* W Ori	76.348829	1.177626	6.1
23685	* eps Lep	76.365268	-22.371034	3.18
23693	* zet Dor	76.377732	-57.472705	4.708
23724	HD  32608	76.503830	35.936351	6.5
23734	*  11 Cam	76.535220	58.972373	5.08
23737	HD  33875	76.538730	-73.037671	6.257
23743	*  12 Cam	76.550574	59.021339	6.13
23766	HD  32356	76.623792	61.169750	5.994
23767	* eta Aur	76.628726	41.234476	3.18
23777	HD  32996	76.653095	-13.122621	6.039
23794	*  66 Eri	76.690220	-4.655167	5.12
23799	HD  32655	76.706481	43.174706	6.207
23818	HD  33095	76.790604	-19.391903	6.44
23831	HD  33093	76.854013	-12.491270	5.956
23840	V* WZ Dor	76.891779	-63.399680	5.205
23871	* l Tau	76.951665	20.418376	5.28
23874	HD  33162	76.957533	-12.592659	6.33
23875	* bet Eri	76.962395	-5.086497	2.79
23883	* 105 Tau	76.980979	21.704819	5.92
23900	* 103 Tau	77.027593	24.265175	5.5
23908	HD  33238	77.055254	-15.095342	6.39
23916	HD  33224	77.084128	-8.665325	5.78
23941	*  68 Eri	77.182078	-4.456208	5.119
23949	* 107 Tau	77.210138	19.859859	6.5
23972	* lam Eri	77.286600	-8.754084	4.27
23983	* h Ori	77.331847	9.829584	5.43
24003	HD  32518	77.403002	69.639404	6.42
24010	*  15 Ori	77.424821	15.597213	4.82
24019	HD  33204	77.437891	28.030468	5.997
24041	HD  33419	77.513590	-0.565322	6.102
24114	HD  33667	77.685794	-25.910458	6.395
24126	V* S Pic	77.738522	-48.507071	6.5
24130	HD  33555	77.741768	-2.254115	6.236
24162	HD  33608	77.829901	-2.490782	5.892
24169	V* RX Lep	77.845298	-11.849087	5.68
24193	HD  33463	77.909630	29.903564	6.423
24197	HD  33554	77.923184	16.045675	5.163
24203	HD  33646	77.938966	1.037029	5.89
24244	* iot Lep	78.074627	-11.869101	4.45
24254	V* BN Cam	78.093560	73.946678	5.45
24294	HD  33833	78.200537	-6.057189	5.892
24305	* mu. Lep	78.232929	-16.205463	3.29
24313	HD  33266	78.261729	61.850041	6.167
24327	* kap Lep	78.307821	-12.941292	4.44
24331	* rho Ori	78.322831	2.861239	4.48
24332	HD  33632	78.322699	37.337311	6.47
24340	* mu. Aur	78.357175	38.484499	4.821
24348	*  14 Cam	78.380187	62.691133	6.477
24349	BD+01   938	78.381480	1.967680	6.09
24372	* tet Dor	78.439399	-67.185258	4.801
24377	HD  33946	78.446902	0.560414	6.323
24384	HD  34347	78.472224	-52.030755	6.023
24394	HD  34045	78.499789	-14.606870	6.21
24426	HD  34266	78.620191	-35.976997	5.731
24436	* bet Ori	78.634467	-8.201638	0.13
24440	HD  32781	78.648006	76.472756	6.42
24450	HD  34043	78.683538	5.156147	5.494
24451	HD  33654	78.684469	53.213947	6.16
24479	HD  33618	78.797509	59.405688	6.135
24493	HD  34180	78.827072	-1.409156	6.154
24504	*  14 Aur	78.851642	32.687600	5.0
24505	HD  34310	78.851551	-26.943508	5.04
24507	HD  35184	78.853489	-73.588476	6.5
24512	* 108 Tau	78.865228	22.284856	6.27
24520	HD  34587	78.911726	-52.182178	6.45
24555	*  18 Ori	79.017228	11.341355	5.515
24560	BD-11  1117	79.043985	-11.352560	6.46
24575	V* AE Aur	79.075622	34.312318	5.96
24607	HD  34317	79.170998	1.947327	6.408
24608	* alf Aur	79.172328	45.997991	0.08
24659	* omi Col	79.371203	-34.895201	4.83
24674	* tau Ori	79.401626	-6.844407	3.59
24679	HD  34538	79.417675	-13.519827	5.488
24732	HD  33541	79.555176	73.268097	5.83
24738	V* PU Aur	79.565405	42.792110	5.65
24740	*  17 Aur	79.578734	33.767366	6.144
24771	HD  34332	79.668030	40.465123	6.199
24786	HD  34721	79.710304	-18.130052	5.96
24799	V* IQ Aur	79.750119	33.748395	5.371
24813	* lam Aur	79.785314	40.099051	4.71
24817	*  21 Ori	79.796750	2.595800	5.325
24820	HD  34579	79.811210	20.134591	6.107
24822	* n Tau	79.819192	22.096506	4.948
24825	HD  34798	79.822655	-18.519918	6.39
24829	* zet Pic	79.842229	-50.605967	5.45
24831	HD  34868	79.848688	-27.368885	5.972
24832	*  18 Aur	79.848974	33.985388	6.489
24836	*  15 Cam	79.866081	58.117365	6.125
24845	* lam Lep	79.893843	-13.176769	4.29
24847	HD  34748	79.897027	-1.411911	6.35
24873	* nu. Lep	79.995930	-12.315586	5.284
24879	*  19 Aur	80.003838	33.958054	5.03
24881	HD  34498	80.009661	44.425384	6.48
24902	HD  34557	80.061143	41.086238	5.456
24909	HD  35046	80.086290	-34.698850	6.336
24914	HD  34255	80.094211	62.653711	5.598
24925	HD  34880	80.110031	-5.367526	6.42
24927	HD  34968	80.112145	-21.239764	4.729
24955	HD  34200	80.169515	66.746879	6.38
24960	HD  34878	80.182343	2.544779	6.43
24977	HD  34810	80.235895	19.814344	6.205
24984	HD  34762	80.247202	27.957269	6.33
25001	HD  34790	80.302864	29.569887	5.67
25007	HD  35165	80.320251	-34.345048	6.09
25028	HD  35007	80.382683	-0.416493	5.68
25041	HD  34989	80.431510	8.428555	5.8
25044	* o Ori	80.440614	-0.382467	4.74
25045	CD-24  3023	80.442727	-24.772984	5.06
25048	* rho Aur	80.451736	41.804572	5.207
25059	HD  35137	80.480459	-17.603632	6.47
25098	* kap Pic	80.592279	-56.134399	6.086
25142	*  23 Ori	80.708350	3.544459	5.0
25143	HD  34904	80.709643	41.029260	5.542
25180	HD  35386	80.799971	-26.705432	6.49
25187	HD  35281A	80.827126	-8.415595	6.15
25192	*  22 Aur	80.845302	28.936761	6.46
25194	V* SW Col	80.850102	-39.678419	5.77
25197	*  16 Cam	80.866011	57.544399	5.25
25202	*   8 Lep	80.875650	-13.927353	5.229
25205	V* V1649 Ori	80.879440	5.323086	6.334
25216	* 110 Tau	80.907120	16.699266	6.096
25223	HD  35299	80.926286	-0.159819	5.7
25247	* e Ori	80.986782	-7.808063	4.12
25280	HD  35505	81.118696	-16.975777	5.636
25281	* eta Ori	81.119236	-2.397148	3.35
25282	* p Ori	81.120404	-0.891335	5.072
25288	HD  35407	81.150425	2.353165	6.297
25290	HD  35238	81.160097	31.223913	6.29
25291	HD  35239	81.160499	31.143148	5.925
25292	* sig Aur	81.163089	37.385349	4.996
25301	HD  35202	81.186668	36.199945	6.46
25302	* psi01 Ori	81.186781	1.846445	4.96
25303	* tet Pic	81.192867	-52.316245	6.23
25317	HD  35765	81.231569	-44.225688	6.084
25322	HD  34450	81.247569	73.707196	6.47
25329	HD  35536	81.257266	-10.328886	5.586
25336	* gam Ori	81.282764	6.349703	1.64
25368	HD  35575	81.402077	-1.491293	6.42
25378	HD  35588	81.445911	0.520242	6.144
25397	HD  35736	81.499272	-19.695403	5.817
25401	HD  35640	81.509846	-5.518506	6.233
25410	* 113 Tau	81.523842	16.700160	6.23
25412	V* R Oct	81.525807	-86.388266	6.4
25428	* bet Tau	81.572971	28.607452	1.65
25429	* lam Dor	81.580274	-58.912518	5.129
25453	HD  35656	81.661790	6.868658	6.399
25471	HD  35520	81.703348	34.391807	5.905
25473	* psi02 Ori	81.709289	3.095673	4.611
25475	HD  35521	81.713679	33.262259	6.158
25476	HD  35519	81.726323	35.457274	6.151
25482	HD  36584	81.749182	-68.622541	6.12
25486	V* AF Lep	81.769847	-11.900963	6.295
25488	HD  36060	81.772132	-40.943524	5.847
25492	HD  35600	81.784468	30.208603	5.72
25499	* 115 Tau	81.792062	17.962211	5.404
25502	HD  35693	81.807892	15.257628	6.182
25505	HD  35775	81.814176	2.341202	6.35
25532	HD  35991	81.902085	-21.375713	6.065
25539	* o Tau	81.908684	21.936968	4.868
25541	* phi Aur	81.912016	34.475880	5.059
25555	* 116 Tau	81.940034	15.874050	5.515
25582	HD  35912	82.006126	1.298250	6.38
25583	* 117 Tau	82.006709	17.239130	5.758
25606	* bet Lep	82.061345	-20.759444	2.84
25608	HD  36187	82.063896	-37.230763	5.552
25638	HD  35909	82.144890	13.678979	6.34
25667	HD  36058	82.237123	-3.307429	6.38
25695	* 118 Tau	82.318750	25.150216	5.48
25708	HD  36134	82.348686	-3.446393	5.78
25730	HD  35984	82.419391	29.186464	6.19
25732	HD  36150	82.423369	-0.802547	6.5
25737	*  31 Ori	82.433258	-1.092238	4.71
25751	HD  36166	82.478226	1.789259	5.745
25768	HD  36553	82.539496	-47.077654	5.453
25769	*  17 Cam	82.542514	63.067219	5.407
25776	*  31 Men	82.557845	-84.785102	6.186
25781	HD  36876	82.566136	-63.927684	6.19
25785	V* CK Ori	82.583014	4.204795	6.202
25786	HD  36285	82.586474	-7.434816	6.313
25790	HD  36162	82.609016	15.360447	5.934
25806	HD  36160	82.680616	22.462255	6.291
25810	HD  36041	82.687850	39.825913	6.377
25813	*  32 Ori	82.696045	5.948137	4.2
25816	HD  36040	82.702713	41.461992	5.991
25853	*  10 Lep	82.781783	-20.863658	5.525
25859	* eps Col	82.803115	-35.470507	3.87
25861	* n01 Ori	82.810549	3.292131	5.46
25869	HD  36430	82.837055	-6.708380	6.208
25887	HD  36734	82.900009	-45.925318	5.844
25918	* gam Men	82.970219	-76.340902	5.2
25923	* ups Ori	82.982750	-7.301538	4.63
25930	* del Ori	83.001667	-0.299095	2.41
25945	* 119 Tau	83.053132	18.594237	4.33
25950	HD  36408A	83.058922	17.058133	6.09
25976	HD  36558	83.158265	0.011925	6.16
25980	HD  36591	83.172296	-1.591832	5.34
25984	* chi Aur	83.181977	32.192022	4.79
25985	* alf Lep	83.182567	-17.822289	2.57
25993	HD  36848	83.214221	-38.513370	5.456
26001	* G Dor	83.248190	-64.227515	5.341
26019	HD  36874	83.280781	-35.139374	5.758
26020	HD  36646	83.280607	-1.717360	6.46
26054	HD  36484	83.364183	32.801181	6.474
26063	V* VV Ori	83.381027	-1.156072	5.34
26064	* 120 Tau	83.381793	18.540230	5.69
26069	* bet Dor	83.406317	-62.489827	3.76
26071	HD  36499	83.409230	34.725571	6.261
26072	HD  36589	83.411821	20.474220	6.189
26079	HD  37226	83.434850	-54.902291	6.418
26093	*  35 Ori	83.476177	14.305568	5.593
26104	HD  36814	83.510301	-7.023751	6.45
26106	HD  36779	83.516211	-1.035727	6.22
26108	HD  36780	83.516865	-1.470242	5.895
26126	*  38 Ori	83.569889	3.766906	5.326
26149	HD  36840	83.622024	-0.012346	6.251
26169	V* WX Men	83.686591	-73.741278	5.85
26176	* phi01 Ori	83.705157	9.489586	4.41
26190	HD  37501	83.739303	-61.176049	6.311
26197	HD  36959	83.754196	-6.009269	5.53
26199	HD  36960	83.761176	-6.002030	4.72
26207	* lam Ori	83.784490	9.934156	3.66
26215	HD  36881	83.805194	10.240077	5.638
26219	HD  37192	83.814480	-33.079727	5.755
26221	* tet01 Ori C	83.818610	-5.389701	5.13
26235	* tet02 Ori A	83.845422	-5.416065	6.39
26237	* c Ori	83.846519	-4.838350	4.59
26241	* iot Ori	83.858276	-5.909889	2.77
26248	* 121 Tau	83.863049	24.039596	5.38
26257	HD  37040	83.879496	-4.364049	6.38
26263	HD  37055	83.899601	-3.252839	6.41
26264	* iot Men	83.900745	-78.820869	6.033
26268	*  45 Ori	83.914517	-4.856067	5.234
26291	HD  36859	83.981251	27.662347	6.247
26300	V* TX Pic	84.011858	-47.313746	6.1
26309	HD  37286	84.042897	-28.708014	6.256
26311	* eps Ori	84.053389	-1.201919	1.69
26315	HD  36719	84.066495	47.715287	6.095
26344	HD  36678	84.146743	54.428659	5.716
26345	HD  37209A	84.148722	-6.064751	5.75
26363	HD  36891	84.218400	40.182381	6.082
26366	* phi02 Ori	84.226619	9.290671	4.09
26368	*  29 Dor	84.229077	-66.560285	6.274
26382	* 122 Tau	84.265565	17.040327	5.525
26386	HD  37171	84.268260	11.034996	5.9
26394	* pi. Men	84.291195	-80.469121	5.67
26395	HD  37306	84.286551	-11.775516	6.089
26408	*  19 Cam	84.312779	64.154688	6.179
26410	HD  36496	84.316767	66.696692	6.29
26412	* nu.01 Col	84.318763	-27.871454	6.14
26414	HD  37232	84.330463	8.951875	6.095
26427	HD  37303	84.363990	-5.938390	6.024
26451	* zet Tau	84.411189	21.142544	3.03
26460	* nu.02 Col	84.435907	-28.689690	5.31
26463	HD  37138	84.440858	33.559168	6.355
26477	HD  37356	84.472438	-4.814035	6.18
26487	HD  37320	84.504662	7.541417	5.852
26515	HD  37781	84.572585	-50.640996	6.42
26535	HD  37481	84.658223	-6.573957	5.96
26536	*  26 Aur	84.658688	30.492418	5.406
26545	HD  37717	84.681365	-40.707310	5.804
26549	* sig Ori	84.686522	-2.600079	3.79
26563	* d Ori	84.721180	-7.212830	4.8
26571	HD  37329	84.739056	26.618070	6.43
26592	HD  37250	84.786233	41.358563	6.44
26594	* ome Ori	84.796441	4.121469	4.59
26606	HD  37367	84.826306	29.215219	5.984
26616	HD  37439	84.862980	21.762952	6.43
26623	HD  37635	84.878506	-9.706629	6.481
26624	HD  37594	84.879794	-3.564704	5.974
26634	* alf Col	84.912254	-34.074110	2.65
26638	HD  36384	84.932112	75.043874	6.17
26640	* 125 Tau	84.934170	25.897094	5.166
26649	HD  37811	84.957666	-32.629216	5.437
26712	HD  37519	85.149614	31.358200	6.04
26713	HD  37744	85.155404	-2.825237	6.22
26718	V* NO Aur	85.175207	31.920610	6.21
26727	* zet Ori	85.189694	-1.942574	1.77
26736	HD  37756	85.211315	-1.128788	4.95
26762	HD  37788	85.273316	0.337754	5.912
26777	* 126 Tau	85.323824	16.534146	4.836
26779	HD  37394	85.334732	53.481058	6.23
26781	HD  37646	85.337403	29.487416	6.392
26796	HD  38056	85.362190	-33.400742	6.342
26821	HD  37971	85.422961	-16.725829	6.2
26853	HD  37784	85.516605	22.660328	6.35
26862	HD  38138	85.548241	-30.535432	6.172
26865	*  12 Lep	85.558162	-22.373714	5.89
26866	HD  38054	85.560318	-17.530374	6.144
26868	V* WZ Col	85.563310	-34.667817	5.283
26882	HD  37289	85.610202	65.697649	5.609
26885	* b Ori	85.619301	1.474629	4.9
26926	HD  38089	85.724642	-6.796168	5.965
26942	*  24 Cam	85.756975	56.581523	6.045
26953	V* V1197 Ori	85.788829	-1.613252	6.311
26964	HD  37967	85.831260	23.204375	6.21
26966	HD  38206	85.840296	-18.557475	5.727
26981	HD  38385	85.875772	-39.406909	6.243
27001	HD  38458	85.921415	-45.832866	6.364
27046	*  23 Cam	86.035193	61.476535	6.161
27072	* gam Lep	86.115794	-22.448385	3.6
27075	HD  38382	86.118314	-20.126573	6.341
27100	* del Dor	86.193208	-65.735498	4.36
27116	HD  38263	86.255369	12.888333	6.46
27118	HD  38309	86.257518	4.008233	6.089
27196	* omi Aur	86.475175	49.826271	5.46
27204	* mu. Col	86.499563	-32.306434	5.18
27212	HD  38495	86.511951	-4.268485	6.31
27243	HD  38871	86.614052	-46.597183	5.302
27249	*  26 Cam	86.626624	56.115576	5.927
27265	* 129 Tau	86.689570	15.822495	5.994
27280	HD  38527	86.717226	9.522340	5.768
27288	* zet Lep	86.738922	-14.821950	3.525
27293	HD  38229	86.750182	51.520874	6.46
27303	HD  38804	86.769070	-28.638913	6.23
27308	HD  38713	86.782518	-16.238079	6.157
27316	* 131 Tau	86.804807	14.488324	5.721
27317	HD  39110	86.805541	-54.360721	6.171
27319	HD  38358	86.811188	42.526746	6.292
27321	* bet Pic	86.821199	-51.066511	3.86
27325	HD  38885	86.827860	-35.674074	6.282
27338	* 130 Tau	86.859148	17.729142	5.455
27341	HD  38735	86.862054	-10.532970	6.09
27346	HD  38058	86.884333	63.598848	6.49
27353	HD  38524	86.894440	25.568620	6.473
27364	* 133 Tau	86.928781	13.899596	5.29
27366	* kap Ori	86.939120	-9.669605	2.06
27421	HD  38670	87.093178	20.869485	6.021
27435	HD  38858	87.145584	-4.094645	5.97
27468	* 132 Tau	87.254046	24.567461	4.873
27472	HD  38284	87.269377	62.808190	6.21
27483	* tau Aur	87.293490	39.181072	4.5
27511	* 134 Tau	87.387210	12.651322	4.875
27512	HD  39312	87.392193	-44.875393	6.373
27517	HD  39070	87.402261	-14.483666	5.49
27530	* gam Pic	87.456917	-56.166666	4.494
27533	HD  39190	87.472934	-22.971881	5.861
27534	* eps Dor	87.473039	-66.901198	5.11
27560	HD  39051	87.554439	4.423406	5.936
27566	* kap Men	87.569941	-79.361361	5.451
27581	* 135 Tau	87.620452	14.305607	5.52
27583	CD-52  1358	87.620072	-52.767897	6.339
27588	BD+01  1148	87.625114	2.024703	5.976
27621	HD  39640	87.721756	-52.108874	5.166
27628	* bet Col	87.739968	-35.768310	3.12
27629	HD  39004	87.742126	27.967862	5.582
27639	* ups Aur	87.760155	37.305570	4.74
27654	* del Lep	87.830400	-20.879092	3.85
27658	*  55 Ori	87.841598	-7.518003	5.341
27660	HD  39963	87.846190	-64.033563	6.359
27661	V* V440 Aur	87.857294	32.124692	6.26
27670	HD  39385	87.869226	-22.926948	6.156
27673	* nu. Aur	87.872373	39.148524	3.95
27705	HD  39543	87.998280	-29.449425	6.444
27713	HD  39421	88.032204	-9.041901	5.96
27731	*  30 Cam	88.071893	58.964089	6.132
27737	HD  39937	88.084173	-57.156189	5.948
27743	* 137 Tau	88.092881	14.171786	5.586
27747	HD  39286	88.097527	19.867847	5.985
27750	*  56 Ori	88.110161	1.855138	4.75
27766	HD  39720	88.138271	-37.631062	5.615
27777	HD  39182	88.165268	39.574705	6.39
27778	HD  39225	88.167054	33.917463	6.07
27795	HD  38645	88.231226	68.471543	6.213
27810	* lam Col	88.278673	-33.801363	4.87
27830	* 136 Tau	88.331859	27.612262	4.552
27890	*  36 Dor	88.525227	-63.089780	4.66
27900	HD  39632	88.555622	10.586406	6.115
27901	HD  39891	88.558380	-29.147271	6.334
27902	HD  39685	88.565664	3.225641	6.302
27913	* chi01 Ori	88.595762	20.276173	4.4
27937	HD  40200	88.671334	-49.627011	6.098
27938	HD  39853	88.681794	-11.774194	5.613
27939	HD  39775	88.683486	0.968616	5.975
27947	HD  40292	88.708714	-52.635481	5.29
27949	* ksi Aur	88.711529	55.706967	4.96
27955	HD  40091	88.718679	-39.957860	5.543
27965	*  57 Ori	88.736195	19.749618	5.894
27971	*  31 Cam	88.740942	59.888369	5.2
27989	* alf Ori	88.792939	7.407064	0.42
28010	* ksi Col	88.874645	-37.120683	4.961
28011	HD  39910	88.875715	-4.616544	5.857
28019	HD  39927	88.897371	-4.788586	6.264
28041	V* U Ori	88.954878	20.175188	5.4
28085	HD  40151	89.059465	-22.839976	5.945
28098	* sig Col	89.087263	-31.382439	5.51
28103	* eta Lep	89.101223	-14.167700	3.72
28110	HD  39985	89.116808	9.509393	5.964
28117	HD  39866	89.140699	28.942266	6.336
28118	HD  40235	89.143495	-23.215312	6.361
28138	HD  40359	89.204190	-31.976245	6.419
28139	HD  40020	89.206041	11.521059	5.884
28154	HD  39970	89.233827	24.249689	6.029
28180	HD  40665	89.309889	-53.425695	6.451
28199	* gam Col	89.384209	-35.283281	4.36
28205	HD  39429	89.395916	66.096099	6.26
28232	HD  40282	89.477052	1.224312	6.202
28237	* 139 Tau	89.498571	25.953912	4.82
28252	HD  40347	89.548791	-0.994019	6.198
28271	*  59 Ori	89.601846	1.837108	5.886
28287	HD  40733	89.656446	-44.034560	5.802
28296	*  60 Ori	89.706561	0.552982	5.2
28321	*   1 Mon	89.754501	-9.382224	6.16
28325	*   2 Mon	89.767972	-9.558253	5.029
28328	* eta Col	89.786688	-42.815132	3.96
28343	HD  40084	89.840747	49.924539	5.907
28358	* del Aur	89.881743	54.284738	3.72
28360	* bet Aur	89.882179	44.947433	1.9
28380	* tet Aur	89.930292	37.212585	2.62
28385	*  34 Cam	89.940934	55.320854	6.41
28390	HD  40083	89.949782	54.547008	6.129
28404	* pi. Aur	89.983741	45.936735	4.25
28413	HD  40657	90.013957	-3.074258	4.52
28434	V* AC Lep	90.073585	-12.900034	6.195
28438	HD  40325	90.078741	44.592013	6.2
28484	HD  41214	90.204875	-51.216321	5.647
28499	*  36 Aur	90.244009	47.901925	5.706
28500	HD  40589	90.251890	27.572362	6.04
28517	HD  40588	90.291838	31.034517	6.19
28520	HD  40972	90.304573	-25.417761	6.037
28524	HD  41047	90.317907	-33.911836	5.524
28532	HD  36905	90.334473	85.182115	6.115
28561	* 141 Tau	90.423456	22.400995	6.355
28562	HD  40486	90.429416	48.959446	5.959
28574	*   3 Mon	90.460091	-10.597931	5.01
28596	V* SW Pic	90.538896	-60.096831	6.49
28614	* mu. Ori	90.595820	9.647273	4.12
28622	HD  41125	90.640885	-14.497156	6.186
28634	HD  40650	90.688089	47.809530	6.49
28637	HD  40626	90.702513	49.905679	6.04
28642	HD  40722	90.722904	43.378332	6.35
28656	HD  40568	90.767987	57.018313	6.48
28675	HD  41312	90.815015	-26.284543	5.04
28686	HD  41076	90.853203	11.681066	6.075
28691	*  64 Ori	90.864016	19.690563	5.13
28716	* chi02 Ori	90.979935	20.138452	4.63
28734	*   1 Gem	91.030064	23.263344	4.15
28744	HD  41335	91.056251	-6.708951	5.21
28756	*  72 Col	91.084439	-32.172429	5.631
28764	HD  41700	91.118497	-45.036604	6.35
28765	*  35 Cam	91.121336	51.573397	6.392
28790	HD  41742	91.167089	-45.078915	5.966
28812	*  63 Ori	91.242429	5.419967	5.658
28814	*  66 Ori	91.243162	4.158662	5.621
28816	*  17 Lep	91.246373	-16.484436	4.93
28820	HD  41162	91.260755	37.964278	6.32
28829	HD  40827	91.284293	59.393214	6.321
28831	HD  40055	91.288942	75.585919	6.29
28854	HD  41547	91.362634	-10.242595	5.874
28855	HD  41759	91.363244	-35.513647	5.795
28861	HD  41269	91.391246	33.599050	6.213
28899	HD  41843	91.523080	-29.758624	5.784
28909	* eta01 Dor	91.539091	-66.039621	5.69
28910	* tet Lep	91.538849	-14.935255	4.663
28930	V* V394 Aur	91.593522	29.512412	6.033
28943	HD  41841	91.633735	-23.110848	5.46
28946	*  40 Aur	91.646240	38.482647	5.345
28949	HD  41692	91.661402	-4.193836	5.362
28951	HD  40956	91.663146	63.453837	6.45
28957	* pi.01 Col	91.671016	-42.298800	6.154
28984	V* YY Lep	91.739637	-21.812298	5.78
28988	HD  42168	91.757882	-45.091509	6.475
28991	HD  42540	91.764195	-62.154569	5.041
28992	HD  42054	91.765290	-34.312022	5.836
29025	HD  41467	91.861487	41.854282	6.144
29034	* tet Col	91.881803	-37.252919	4.994
29038	* nu. Ori	91.893021	14.768475	4.397
29048	*  19 Lep	91.923492	-19.165867	5.279
29064	* pi.02 Col	91.970248	-42.154041	5.492
29114	HD  41636	92.096400	41.055728	6.339
29129	HD  42448	92.144288	-44.356213	6.246
29134	* nu. Dor	92.184424	-68.843412	5.038
29140	HD  42132	92.198758	-6.821372	6.46
29150	HD  42301	92.241122	-22.427393	5.48
29151	HD  42111	92.241266	2.499690	5.73
29178	HD  42327	92.334159	-18.126387	6.359
29185	HD  42683	92.347603	-49.562831	6.484
29196	HD  42049	92.385154	22.190265	5.904
29205	HD  42341	92.393850	-14.584618	5.555
29210	HD  42278	92.401050	-5.711429	6.148
29225	*   3 Gem	92.433272	23.113465	5.75
29233	HD  42486	92.446438	-26.701085	6.277
29234	HD  42443	92.449812	-22.774340	5.717
29246	*  37 Cam	92.495890	58.935693	5.355
29263	V* AF Col	92.543350	-40.353791	5.58
29271	* alf Men	92.560302	-74.753044	5.069
29276	* del Pic	92.574619	-54.968643	4.72
29294	HD  42621	92.644501	-27.154343	5.698
29304	HD  42834	92.666366	-45.281989	6.272
29323	V* V653 Mon	92.755056	-6.754216	6.15
29326	HD  42351	92.757377	18.130462	6.335
29347	HD  42729	92.806902	-26.482099	6.068
29348	*  39 Cam	92.806702	60.453489	6.5
29353	* eta02 Dor	92.812424	-65.589418	5.01
29371	HD  42477	92.866295	13.638562	6.036
29379	*   5 Gem	92.884606	24.420253	5.825
29388	*  41 Aur A	92.902465	48.710988	6.15
29401	HD  42657	92.932155	-4.665445	6.18
29404	HD  42083	92.941305	52.647184	6.268
29417	HD  42690	92.965893	-6.550283	5.04
29426	* ksi Ori	92.984988	14.208767	4.48
29433	*  68 Ori	93.005589	19.790542	5.749
29434	* f01 Ori	93.013666	16.130404	4.92
29450	*   6 Gem	93.079578	22.908515	6.39
29451	HD  42471	93.083854	32.693382	5.769
29490	*  36 Cam	93.212761	65.718421	5.344
29509	HD  42787	93.248220	6.016258	6.459
29568	HD  43162	93.438731	-23.861937	6.366
29569	HD  42466	93.438924	51.172469	6.068
29575	HD  43023	93.475975	-3.741371	5.833
29629	HD  43157	93.652928	-4.568456	5.819
29651	* gam Mon	93.713888	-6.274777	3.96
29655	* eta Gem	93.719355	22.506787	3.28
29678	HD  43112	93.785303	13.851100	5.894
29679	HD  43396	93.785010	-20.272185	5.868
29692	HD  43429	93.823862	-18.477241	5.984
29696	* kap Aur	93.844535	29.498076	4.35
29704	* f02 Ori	93.854702	16.143165	5.327
29705	HD  43362	93.858953	-9.035761	6.081
29711	HD  43319	93.873638	-4.914718	6.0
29716	HD  43318	93.892771	-0.512189	5.65
29728	HD  43285	93.917403	6.066169	6.07
29730	*  40 Cam	93.918903	59.998965	5.351
29735	HD  43445	93.937026	-13.718414	5.001
29736	*  73 Ori	93.937352	12.551070	5.467
29746	HD  43358	93.974907	1.169120	6.36
29771	HD  43544	94.032048	-16.618007	5.91
29788	HD  44120	94.078273	-59.213503	6.43
29789	*   8 Gem	94.079362	23.970030	6.075
29798	HD  43335	94.099135	17.181607	6.37
29807	* kap Col	94.138065	-35.140515	4.37
29808	HD  43847	94.148283	-39.264393	5.983
29840	*   9 Gem	94.244608	23.740912	6.25
29842	HD  43899	94.255131	-37.737446	5.534
29843	HD  43745	94.264991	-22.715231	6.04
29850	* l Ori	94.277583	9.942393	5.386
29852	HD  43940	94.289846	-37.253553	5.872
29860	HD  43587	94.317207	5.099974	5.7
29895	HD  43827	94.423850	-16.815909	5.148
29913	HD  44267	94.465603	-52.733031	6.387
29919	*   1 Lyn	94.478424	61.515287	5.05
29931	HD  43683	94.523368	14.382860	6.125
29941	HD  43955	94.557202	-19.966974	5.501
29949	*  43 Aur	94.570272	46.360443	6.323
29982	HD  43821	94.668164	9.047170	6.225
29993	HD  44021	94.703297	-15.024961	6.06
29996	HD  43993	94.710760	-9.390018	5.352
29997	HD  42818	94.711573	69.319814	4.757
30011	HD  44081	94.745731	-20.925610	5.8
30019	V* V1155 Ori	94.757678	17.325262	6.32
30028	HD  44037	94.783049	-8.586013	6.22
30060	*   2 Lyn	94.905719	59.010981	4.434
30062	HD  44225	94.909040	-22.103120	6.27
30069	HD  44323	94.920653	-34.396591	5.749
30073	*   7 Mon	94.928333	-7.822906	5.252
30093	HD  44131	94.998315	-2.944494	4.899
30099	HD  44033	95.017600	14.651130	5.658
30122	* zet CMa	95.078300	-30.063367	2.99
30141	HD  44379	95.146490	-23.637965	6.48
30143	HD  44506	95.150999	-34.144144	5.521
30190	HD  44394	95.272621	-11.817332	6.32
30200	HD  44092	95.299654	29.540828	6.404
30214	HD  44458	95.352986	-11.773241	5.55
30217	HD  44333	95.357421	2.268521	6.28
30218	HD  44234	95.357997	17.763464	6.28
30247	*  45 Aur	95.442210	53.452177	5.333
30272	*   4 Lyn	95.514798	59.372098	6.07
30277	* del Col	95.528437	-33.436399	3.85
30318	HD  44497	95.651635	12.570237	6.0
30321	* pi.01 Dor	95.659482	-69.984045	5.542
30324	* bet CMa	95.674939	-17.955919	1.97
30342	* nu. Pic	95.732626	-56.369967	5.598
30343	* mu. Gem	95.740112	22.513583	2.87
30352	HD  45461	95.756059	-63.683135	6.278
30357	HD  44061	95.776539	56.976349	6.47
30376	HD  44956	95.810308	-31.790315	6.319
30382	HD  44700	95.827049	3.764490	6.385
30407	V* V721 Mon	95.899658	-9.874730	6.134
30419	* eps Mon A	95.942023	4.592882	4.398
30420	HD  44891	95.942268	-15.071254	6.221
30423	HD  45450	95.945530	-58.543872	6.467
30436	HD  45018	95.982974	-25.577632	5.6
30438	* alf Car	95.987958	-52.695661	-0.74
30444	HD  45145	96.004208	-36.707763	5.619
30448	HD  44783	96.009513	8.885013	6.219
30457	HD  44951	96.042998	-11.530088	5.207
30463	HD  45557	96.057677	-60.281323	5.766
30468	HD  44996	96.085740	-12.961934	6.12
30480	HD  45701	96.110834	-63.429011	6.46
30501	HD  44780	96.182281	25.048719	6.345
30503	HD  45184	96.182832	-28.780115	6.39
30505	HD  45306	96.185402	-40.283979	6.292
30517	HD  44867	96.219878	16.057130	6.35
30520	* psi01 Aur	96.224590	49.287892	4.75
30524	HD  45796	96.232490	-63.828143	6.249
30541	V* T Mon	96.304165	7.085711	5.98
30545	HD  45067	96.318943	-0.945883	5.9
30564	V* BL Ori	96.367393	14.721992	6.0
30565	* pi.02 Dor	96.369295	-69.690300	5.38
30566	HD  45383	96.375023	-35.064150	6.243
30570	HD  44927	96.387245	23.327168	6.05
30591	* G Pup	96.431888	-48.176899	5.76
30595	HD  45168	96.446390	-3.889015	6.309
30602	HD  45090	96.468023	11.125882	6.38
30608	HD  45239	96.495115	-7.894984	6.404
30627	HD  45215	96.539694	-3.515721	6.43
30651	V* RR Lyn	96.607653	56.285096	5.54
30660	HD  45321	96.643516	-4.597397	6.133
30666	HD  45320	96.664958	-1.507333	5.854
30669	HD  45420	96.677740	-14.603430	6.3
30675	HD  45380	96.686883	-7.511940	6.33
30679	*   5 Lyn	96.703635	58.417408	5.197
30700	*   9 Mon	96.753659	-4.355646	6.472
30703	HD  45984	96.767237	-58.002119	5.816
30706	HD  45680	96.781601	-37.895504	6.487
30711	HD  45588	96.797353	-25.856498	6.07
30717	*  77 Ori	96.807338	0.299244	5.186
30720	*  78 Ori	96.814964	-0.276001	5.538
30728	HD  45415	96.835211	2.908288	5.543
30741	HD  45192	96.898007	32.562946	6.46
30769	*  16 Gem	96.986131	20.496321	6.22
30772	*  10 Mon	96.989867	-4.762148	5.041
30788	* lam CMa	97.042533	-32.580068	4.48
30794	HD  44472	97.060353	70.535319	6.04
30798	HD  45563	97.069865	1.912678	6.45
30804	HD  45512	97.078386	10.303896	6.155
30815	HD  45506	97.116891	16.238385	6.233
30827	*  48 Aur	97.142034	30.493036	5.55
30836	HD  45765	97.155915	-17.466010	5.761
30840	HD  45871	97.163510	-32.371277	5.74
30849	HD  45983	97.176713	-41.074858	6.316
30867	* bet Mon	97.204457	-7.033058	3.74
30883	* nu. Gem	97.240776	20.212135	4.14
30906	HD  45724	97.311715	2.646195	6.2
30932	*  61 Pic	97.368742	-56.852767	5.197
30972	*  47 Aur	97.512391	46.685555	5.866
30973	HD  46730	97.512543	-65.568241	6.262
30986	HD  45976	97.546984	-10.081513	5.909
30988	HD  46037	97.549240	-19.214889	6.44
31024	HD  46064	97.645359	-13.148174	6.14
31037	HD  46189	97.692853	-27.769580	5.903
31039	*   6 Lyn	97.696282	58.162633	5.855
31056	HD  46365	97.749561	-40.916253	6.179
31066	HD  45995	97.789842	11.251376	6.14
31067	HD  45951	97.791636	16.938632	6.17
31068	V* AE Pic	97.794331	-61.879543	6.144
31072	CD-35  2947	97.804556	-35.258857	5.82
31079	HD  46569	97.826379	-51.825960	5.573
31084	HD  46184	97.846023	-12.391975	5.153
31086	V* KM CMa	97.849978	-32.868546	6.34
31099	V* SX Col	97.895616	-36.940024	6.278
31105	*  19 Gem	97.905980	15.903504	6.38
31119	HD  46089	97.951245	11.544412	5.21
31121	HD  46229	97.958601	-8.158222	5.411
31125	* ksi01 CMa	97.964026	-23.418422	4.33
31137	* mu. Pic	97.992959	-58.753836	5.64
31158	*  20 Gem	98.077273	17.784351	6.242
31159	*  12 Mon	98.080016	4.855998	5.83
31165	HD  46568	98.089073	-37.696724	5.253
31167	HD  46304	98.096372	-5.868819	5.598
31168	HD  46178	98.096980	11.673517	6.05
31173	V* WW Aur	98.113270	32.454898	5.829
31190	HD  46547	98.162407	-32.030443	5.706
31205	V* HR CMa	98.195305	-11.166385	6.24
31216	*  13 Mon	98.225950	7.332970	4.5
31241	HD  46727	98.292665	-38.625187	6.434
31265	HD  47001	98.359507	-52.329232	6.172
31266	HD  46602	98.361108	-20.923970	6.402
31277	HD  46374	98.400685	14.155165	5.553
31278	HD  46487	98.408006	-1.220154	5.079
31299	HD  46815	98.456167	-36.232026	5.405
31359	*   7 Lyn	98.636667	55.353043	6.46
31362	HD  46936	98.647212	-32.716253	5.61
31385	*  14 Mon	98.692992	7.572482	6.46
31407	* N Car	98.744083	-52.975609	4.4
31416	* ksi02 CMa	98.764115	-22.964795	4.5
31434	*  49 Aur	98.800259	28.022311	5.26
31446	HD  46769	98.815952	0.890218	5.86
31448	HD  46709	98.823319	9.988337	5.887
31469	HD  47012	98.878410	-22.109052	6.32
31509	HD  47230	98.975123	-36.088633	6.35
31564	* nu.01 CMa	99.095218	-18.659904	5.695
31579	V* UU Aur	99.136821	38.445505	5.25
31583	HD  47054	99.147207	-5.211140	5.52
31592	* nu.02 CMa	99.170990	-19.255880	3.91
31593	HD  47247	99.171100	-22.614732	6.41
31599	HD  47182	99.194159	-13.321021	5.939
31603	HD  47475	99.213638	-41.557139	6.338
31617	HD  47463	99.257869	-38.146504	6.052
31646	HD  47129	99.350175	6.135380	6.06
31650	HD  47020	99.363700	24.590854	6.48
31662	HD  47156	99.403726	10.853295	6.37
31665	*  11 Lyn	99.409946	56.857530	5.89
31672	HD  47220	99.418026	2.704160	6.172
31674	HD  47366	99.419973	-12.985117	6.106
31681	* gam Gem	99.427960	16.399280	1.92
31685	* nu. Pup	99.440303	-43.195936	3.17
31688	HD  47536	99.448409	-32.339733	5.258
31697	HD  47240	99.469600	4.956668	6.2
31700	* nu.03 CMa	99.472589	-18.237481	4.43
31733	HD  47420	99.585231	-2.543896	6.116
31736	HD  47579	99.595450	-23.580319	6.5
31737	*  53 Aur	99.595877	28.984338	5.744
31758	HD  47561	99.647608	-16.873547	6.03
31765	* V Pup	99.656816	-48.220184	5.03
31766	HD  47432	99.659114	1.613521	6.31
31771	*  51 Aur	99.664737	39.390851	5.69
31789	* psi03 Aur	99.704918	39.902560	5.331
31813	HD  47358	99.772087	22.030883	6.08
31827	HD  47667	99.819664	-14.145762	4.812
31832	* psi02 Aur	99.832613	42.488877	4.82
31850	HD  47415	99.881181	24.600163	6.38
31859	HD  47827	99.900940	-23.695690	6.05
31870	HD  47946	99.927752	-30.470491	5.71
31876	HD  47575	99.948822	12.982770	5.978
31889	HD  47270	99.991191	44.014114	6.34
31897	* zet Men	100.012045	-80.813594	5.606
31940	HD  45866	100.120321	77.995783	5.72
31945	HD  47756	100.133110	6.371252	6.498
31946	HD  46509	100.134386	71.748786	5.86
31977	HD  49268	100.240010	-71.775191	6.492
31978	*  15 Mon	100.244415	9.895756	4.68
31992	HD  47964	100.272671	0.495322	5.765
32007	HD  48383	100.309040	-40.349847	6.14
32012	HD  47886	100.321747	11.003201	6.21
32019	*  25 Gem	100.337073	28.196640	6.427
32020	HD  47863	100.341423	16.397653	6.272
32040	HD  47703	100.407331	35.931920	6.481
32064	HD  48217	100.484939	-9.167535	5.194
32067	HD  48099	100.496795	6.345426	6.37
32104	*  26 Gem	100.601364	17.645302	5.21
32144	V* V350 CMa	100.691850	-22.448593	6.23
32173	* psi04 Aur	100.770717	44.524449	5.02
32177	HD  48348	100.777559	3.033801	6.17
32190	HD  48073	100.807261	37.147377	6.206
32208	HD  48797	100.847308	-39.193112	6.273
32226	HD  48434	100.911024	3.932530	5.9
32246	* eps Gem	100.983030	25.131127	2.98
32249	*  30 Gem	100.997030	13.228000	4.49
32268	HD  48272	101.052178	36.109258	6.369
32269	HD  49219	101.053294	-54.695515	6.46
32292	*  10 CMa	101.118613	-31.070526	5.17
32311	*  28 Gem	101.189416	28.970939	5.44
32322	HD  48938	101.216467	-27.341667	6.43
32332	HD  50002	101.231857	-70.433758	6.091
32349	* alf CMa	101.287155	-16.716116	-1.46
32362	* ksi Gem	101.322352	12.895595	3.36
32366	HD  49095	101.345585	-31.793648	5.916
32368	HD  49001	101.347350	-23.462432	6.033
32385	HD  49131	101.379953	-30.948980	5.68
32402	HD  49517	101.473824	-52.409691	5.761
32404	*  32 Gem	101.475830	12.693563	6.47
32411	HD  49048	101.497475	-14.796129	5.298
32431	HD  48805	101.543207	23.371223	6.49
32434	HD  49336	101.550623	-37.775324	6.192
32463	*  16 Mon	101.635060	8.587158	5.92
32474	HD  49147	101.662567	-10.107360	5.646
32489	*  13 Lyn	101.706293	57.169176	5.335
32492	*  11 CMa	101.712885	-14.425975	5.272
32494	HD  49689	101.719472	-51.265668	5.379
32500	HD  58805	101.744066	-87.024964	6.462
32504	*  12 CMa	101.756181	-21.015403	6.08
32531	V* V448 Car	101.827951	-55.539990	5.61
32533	*  17 Mon	101.832626	8.037256	4.77
32537	* x Pup	101.839164	-37.929697	5.26
32558	HD  49331	101.905087	-8.998503	5.062
32562	* psi06 Aur	101.914900	48.789484	5.216
32578	*  18 Mon	101.965200	2.412176	4.47
32607	* alf Pic	102.047730	-61.941389	3.23
32617	HD  49434	102.079443	-1.318923	5.731
32682	HD  49567	102.265234	1.002067	6.15
32698	HD  49643	102.318357	-2.272047	5.75
32740	V* IS Gem	102.422139	32.606760	5.708
32746	HD  49364	102.434506	37.512748	6.48
32753	*  33 Gem	102.457651	16.202884	5.87
32759	* kap CMa	102.460246	-32.508479	3.89
32761	V* V415 Car	102.463807	-53.622450	4.408
32765	* X Pup	102.477568	-46.614562	5.14
32768	* tau Pup	102.484038	-50.614539	2.93
32775	HD  50571	102.504230	-60.249145	6.098
32809	HD  49980	102.590702	-17.084552	5.771
32810	V* HZ CMa	102.597284	-31.706058	5.747
32814	*  35 Gem	102.606244	13.413179	5.672
32827	HD  50093	102.653997	-25.778394	6.314
32838	V* V592 Mon	102.676263	-8.040997	6.29
32844	* psi07 Aur	102.691430	41.781231	4.975
32851	HD  49933	102.707629	-0.540880	5.771
32855	HD  50235	102.718132	-34.367318	4.989
32864	*  42 Cam	102.737871	67.571934	5.122
32912	* iot Vol	102.862438	-70.963410	5.395
32918	HD  50621	102.885747	-48.292754	6.404
32921	* d Gem	102.887693	21.761145	5.259
32931	HD  50062	102.914070	3.041992	6.369
32938	HD  50445	102.926753	-36.230272	5.94
32968	*  87 Gem	102.999942	23.601722	5.671
32990	HD  50282	103.095259	-5.316277	6.282
33012	HD  51210	103.189288	-59.341171	6.415
33015	HD  50860	103.196404	-43.975587	6.46
33018	* tet Gem	103.197245	33.961257	3.6
33024	HD  50277	103.206128	8.380397	5.742
33040	V* KX CMa	103.251248	-26.957633	6.44
33041	*  59 Aur	103.255879	38.869148	6.099
33044	HD  50056	103.264753	35.787999	6.016
33048	*  14 Lyn	103.271035	59.448542	5.38
33056	HD  49949	103.281577	44.839938	6.236
33077	HD  50644	103.328384	-19.032694	5.648
33079	HD  50643	103.341005	-18.932842	6.123
33082	HD  50371	103.343328	10.996654	6.281
33092	*  15 CMa	103.387112	-20.224253	4.83
33094	HD  50806	103.391427	-28.539794	6.04
33104	*  43 Cam	103.426034	68.888311	5.096
33126	HD  50853	103.481053	-24.538756	6.22
33133	* psi08 Aur	103.487804	38.505019	6.443
33139	HD  51266	103.509408	-50.611600	6.26
33152	* omi01 CMa	103.533134	-24.184211	3.87
33154	HD  50700	103.535798	-5.852189	6.46
33160	* tet CMa	103.547495	-12.038628	4.08
33184	HD  50747	103.602715	-1.126947	5.435
33189	V* NP Pup	103.611181	-42.365572	6.27
33202	* e Gem	103.660992	13.177845	4.715
33210	HD  50820	103.675177	-1.756483	6.21
33243	HD  50890	103.745488	-2.803590	6.017
33248	*  17 CMa	103.761408	-20.404877	5.792
33269	V* V352 Aur	103.811076	43.910029	6.151
33271	HD  50384	103.813277	45.826409	6.311
33277	*  37 Gem	103.827776	25.375695	5.748
33297	HD  50931	103.894256	8.324291	6.258
33302	* pi. CMa	103.905960	-20.136497	4.664
33316	HD  51283	103.945534	-22.941443	5.3
33330	HD  51411	103.978217	-31.790179	6.34
33345	* mu. CMa A	104.027691	-14.043431	5.09
33347	* iot CMa	104.034269	-17.054239	4.385
33357	HD  51799	104.066625	-48.721143	4.95
33372	HD  51104	104.107637	9.956574	5.897
33377	* psi09 Aur	104.133575	46.273999	5.87
33384	* tet Men	104.143643	-79.420192	5.449
33394	HD  51682	104.190422	-35.341335	6.262
33415	HD  50763	104.233541	46.705352	5.877
33420	BD-07  1642	104.250393	-8.179300	6.337
33421	HD  51000	104.252174	33.681040	5.927
33444	HD  50551	104.304739	57.563286	6.013
33449	*  15 Lyn	104.319189	58.422761	4.35
33451	HD  51825	104.323268	-35.507155	6.224
33453	HD  51021	104.327097	37.394722	6.5
33465	HD  51330	104.356612	11.907555	6.27
33478	HD  51733	104.391317	-24.630825	5.47
33485	* psi10 Aur	104.404613	45.094094	4.893
33492	HD  51823	104.427648	-27.537511	6.23
33532	HD  51925	104.531472	-27.164384	6.361
33558	* t Pup	104.604537	-34.111690	5.068
33575	HD  52018	104.649578	-25.414154	5.583
33577	HD  52622	104.651537	-56.394847	6.443
33579	* eps CMa	104.656453	-28.972086	1.5
33584	HD  51693	104.662136	7.622297	6.241
33588	HD  52603	104.665596	-55.729123	6.26
33590	HD  52362	104.673877	-45.767614	6.22
33591	HD  52140	104.682071	-30.998036	6.395
33603	HD  51814	104.737602	3.602356	5.947
33614	*  62 Aur	104.761864	38.052318	6.021
33644	HD  51892	104.834061	7.316967	6.33
33650	*  40 Gem	104.866386	25.914163	6.397
33666	HD  52273	104.913566	-21.602894	6.26
33682	HD  53501	104.960563	-67.916445	5.17
33694	HD  49878	105.016822	76.977409	4.54
33703	HD  52348	105.034503	-20.158425	6.305
33715	*  41 Gem	105.065931	16.078996	5.69
33719	HD  52265	105.075149	-5.367161	6.282
33729	HD  52312	105.098985	-8.406819	5.939
33760	HD  52619	105.177135	-28.489574	6.279
33774	HD  52703	105.207286	-33.465527	6.399
33779	*  23 Car	105.214522	-51.402586	5.151
33800	HD  53349	105.271307	-58.939937	6.005
33804	V* LS CMa	105.274776	-25.215634	5.635
33827	HD  50885	105.339246	70.808295	5.69
33856	* sig CMa	105.429784	-27.934830	3.47
33873	HD  52611	105.470486	-1.345883	6.189
33878	HD  52666	105.484932	-5.722063	5.192
33909	HD  53253	105.564491	-43.403879	6.431
33914	HD  52556	105.572892	15.336010	5.75
33927	* ome Gem	105.603250	24.215446	5.181
33929	V* NP Gem	105.606391	17.755520	5.94
33937	HD  52609	105.638697	16.674445	5.848
33971	*  19 Mon	105.728239	-4.239232	5.0
33977	* omi02 CMa	105.756131	-23.833294	3.02
34002	HD  52913	105.824643	9.138358	5.953
34033	HD  52960	105.908633	10.951818	5.117
34045	* gam CMa	105.939556	-15.633287	4.12
34055	HD  52976	105.964995	12.594243	5.985
34059	* H Pup	105.973342	-49.583939	4.925
34065	HD  53705	105.988813	-43.608035	5.28
34066	HD  53240	105.989401	-10.123765	6.428
34081	* C Pup	106.011636	-42.337287	5.19
34086	HD  53208	106.021864	-5.323975	5.602
34088	* zet Gem	106.027213	20.570298	3.79
34105	V* V386 Car	106.076289	-56.749702	5.17
34142	HD  53629	106.196047	-22.031688	6.072
34168	HD  52860	106.287453	47.775042	6.359
34177	HD  54179	106.318207	-50.360039	6.449
34182	*  44 Gem	106.326537	22.637458	6.01
34215	HD  53510	106.412606	9.185791	5.78
34238	HD  52030	106.465297	70.731925	6.48
34248	V* IL CMa	106.502030	-30.655711	6.325
34250	HD  52708	106.505152	59.801851	6.39
34253	HD  54153	106.509449	-38.382865	6.083
34267	HD  53329	106.548299	34.473968	5.551
34270	HD  55151	106.559638	-68.837581	6.474
34297	HD  53975	106.649855	-12.393950	6.5
34301	HD  53974	106.669861	-11.294011	5.39
34318	HD  54173	106.718637	-24.960580	6.088
34338	HD  53929	106.776963	4.910581	6.088
34339	* D Pup	106.779491	-40.893270	5.783
34349	HD  54732	106.805339	-51.968274	5.952
34350	HD  54967	106.817814	-59.716416	6.47
34358	HD  53686	106.843328	34.009289	5.93
34360	HD  54309	106.844114	-23.840715	5.83
34367	HD  53744	106.853660	28.176698	6.464
34387	HD  54079	106.956204	7.471215	5.739
34428	HD  53899	107.055301	33.832389	6.3
34440	*  45 Gem	107.091831	15.930677	5.476
34444	* del CMa	107.097850	-26.393200	1.84
34462	HD  53925	107.151009	37.445097	6.185
34473	* gam01 Vol	107.176543	-70.497091	5.623
34481	* gam02 Vol	107.186940	-70.498930	3.746
34495	* A Pup	107.212784	-39.655655	4.83
34536	HD  54662	107.334372	-10.346565	6.21
34561	HD  54764	107.389014	-16.234509	6.08
34579	HD  54912	107.429265	-25.231034	5.69
34608	HD  54563	107.527826	21.246984	6.42
34617	HD  54958	107.539032	-18.685641	6.23
34622	*  20 Mon	107.557006	-4.237107	4.92
34624	HD  55070	107.580503	-27.491519	5.448
34670	HD  55526	107.697845	-48.932097	5.09
34688	HD  54990	107.762717	-3.898015	6.5
34693	* tau Gem	107.784876	30.245164	4.42
34722	*  47 Gem	107.846114	26.856589	5.75
34724	*  21 Mon	107.848399	-0.301929	5.428
34752	*  63 Aur	107.913861	39.320550	4.886
34758	HD  55344	107.923353	-20.883061	5.825
34763	HD  54986	107.945197	16.976322	6.5
34768	HD  55111	107.964096	5.654703	6.059
34769	* del Mon	107.966085	-0.492767	4.15
34782	HD  55568	108.017039	-30.821367	6.076
34789	HD  55184	108.031216	5.474346	6.152
34798	*  26 CMa	108.050895	-25.942588	5.897
34802	* E Pup	108.065863	-40.498821	5.31
34819	*  48 Gem	108.109901	24.128594	5.85
34834	* I Pup	108.140105	-46.759305	4.49
34888	HD  55589	108.279976	-11.251342	5.752
34899	* L01 Pup	108.305628	-45.182738	4.874
34909	*  51 Gem	108.342816	16.158964	5.0
34912	V* UY Lyn	108.347499	51.428745	5.5
34914	HD  55762	108.350104	-22.674242	5.96
34922	* L02 Pup	108.384661	-44.639709	5.1
34924	HD  55857	108.401873	-27.356359	6.101
34940	HD  55856	108.451604	-22.905778	6.27
34954	HD  55985	108.488907	-30.339792	6.306
34956	HD  54070	108.491820	71.816585	6.359
34975	HD  55775	108.545209	-3.901778	5.94
34981	*  27 CMa	108.563382	-26.352508	4.65
34982	HD  55832	108.564664	-9.947533	5.882
34987	HD  55751	108.583595	3.111417	5.343
34999	HD  55879	108.617721	-10.316246	6.03
35005	HD  55730	108.635920	12.115824	5.702
35020	HD  56456	108.658919	-48.271928	4.76
35025	*  52 Gem	108.674909	24.884984	5.82
35029	V* PR Pup	108.691740	-46.849671	5.715
35037	* ome CMa	108.702725	-26.772668	3.82
35044	HD  56160	108.713172	-27.037995	5.582
35054	HD  56410	108.738138	-41.426395	5.942
35080	*  24 Mon	108.830863	-0.161285	6.42
35083	HD  56342	108.837784	-30.686449	5.337
35084	HD  56705	108.838442	-52.499224	5.947
35113	HD  55576	108.907340	45.409487	6.5
35120	HD  56031	108.914289	7.977744	5.82
35127	HD  56207	108.930174	-10.583603	5.94
35132	HD  56341	108.947069	-23.740277	6.34
35152	*  53 Gem	108.988196	27.897421	5.71
35180	HD  56405	109.060636	-15.585691	5.447
35181	HD  56813	109.064472	-46.774533	5.622
35202	HD  56733	109.132708	-38.318922	5.797
35205	HD  56618	109.145803	-27.881179	4.64
35210	* 145 CMa	109.153477	-23.315594	4.79
35213	HD  56578	109.159817	-23.310952	5.79
35226	HD  56779	109.205868	-36.592633	5.009
35228	* del Vol	109.207591	-67.957153	3.99
35241	HD  56731	109.238401	-30.897010	6.32
35253	HD  56176	109.264178	26.689492	6.389
35264	* pi. Pup	109.285659	-37.097473	2.7
35301	HD  56614	109.381927	-6.679995	6.274
35304	HD  55866	109.390494	52.131067	5.918
35317	HD  56171	109.427685	38.876263	6.485
35326	HD  56876	109.450049	-26.797558	6.434
35341	*  64 Aur	109.509227	40.883394	5.87
35345	HD  56386	109.517048	30.955872	6.196
35347	* M Pup	109.517706	-43.986786	5.839
35350	* lam Gem	109.523245	16.540386	3.559
35363	* ups01 Pup	109.576640	-36.733952	4.67
35384	HD  56169	109.633239	49.464756	5.05
35393	* F Pup	109.639635	-39.210284	5.243
35406	* ups02 Pup	109.659106	-36.742737	5.11
35412	*  29 CMa	109.668246	-24.558700	4.95
35415	* tau CMa	109.677021	-24.954361	4.4
35427	HD  57146	109.713641	-26.585856	5.288
35442	HD  57118	109.758002	-19.280306	6.094
35463	HD  57299	109.807019	-33.727164	6.3
35476	HD  56989	109.843227	2.740676	5.887
35487	V* R CMa	109.867411	-16.395249	5.7
35509	HD  57006	109.948522	7.142948	5.91
35548	HD  57049	110.028508	15.142929	6.442
35550	* del Gem	110.030727	21.982304	3.53
35589	HD  57917	110.161691	-52.085922	5.367
35611	V* HQ CMa	110.228814	-26.963837	5.986
35615	HD  57478	110.242854	-14.360490	5.584
35623	HD  56941	110.262911	42.655913	6.32
35626	V* MZ CMa	110.268050	-25.891645	5.886
35643	HD  56963	110.322915	45.228177	5.739
35699	*  56 Gem	110.486924	20.443658	5.08
35707	HD  57682	110.508561	-8.979380	6.43
35710	*  65 Aur	110.510907	36.760584	5.12
35712	HD  57608	110.514495	0.177122	5.971
35725	HD  57263	110.555866	38.995922	6.4
35727	HD  57821	110.556372	-19.016601	4.95
35735	*  47 Cam	110.571603	59.901997	6.35
35737	HD  57708	110.577460	-2.979129	6.238
35749	HD  57749	110.605791	-5.982829	5.816
35751	HD  57707	110.617998	0.700832	6.43
35785	*  19 Lyn A	110.716910	55.281394	5.78
35795	HD  58155	110.752906	-31.923778	5.43
35842	*  58 Gem	110.867237	22.945348	6.17
35846	*  57 Gem	110.868797	25.050531	5.022
35848	HD  58215	110.870803	-27.834295	5.356
35855	HD  58286	110.882896	-32.202066	5.39
35893	HD  58420	110.993072	-35.837837	6.297
35904	* eta CMa	111.023760	-29.303106	2.45
35907	*  66 Aur	111.035281	40.672389	5.188
35920	HD  58346	111.071808	-22.912757	6.2
35933	HD  58050	111.115203	15.517197	6.41
35941	*  59 Gem	111.139388	27.637856	5.759
35946	HD  59640	111.154689	-71.470659	6.48
35951	HD  58343	111.167447	-16.201473	5.19
35957	HD  58535	111.182726	-31.808905	5.28
35975	HD  58439	111.212011	-19.012283	6.272
35984	HD  57646	111.237855	51.887259	5.783
35987	*   1 CMi	111.242417	11.669523	5.361
35998	HD  58461	111.284647	-13.751977	5.78
36017	HD  58585	111.333226	-21.982589	6.038
36019	HD  55075	111.341403	81.257470	6.29
36024	HD  58612	111.355282	-25.217765	5.782
36039	* eps Men	111.408745	-79.094191	5.522
36041	* eps CMi	111.412082	9.276090	4.986
36045	HD  58766	111.429084	-31.738722	6.297
36046	* iot Gem	111.431649	27.798080	3.79
36055	HD  58526	111.463333	-5.774962	5.962
36114	HD  59219	111.591041	-51.018481	5.081
36123	HD  58552	111.615777	10.608068	6.377
36141	HD  58599	111.671720	11.008844	6.375
36143	HD  59026	111.676940	-34.140694	5.884
36145	*  21 Lyn	111.678551	49.211527	4.61
36156	*  61 Gem	111.734702	20.257555	5.935
36168	HD  58978	111.747845	-23.086025	5.56
36186	HD  58954	111.783291	-17.864864	5.62
36188	* bet CMi	111.787674	8.289316	2.89
36211	HD  57742	111.857655	66.331571	6.462
36236	HD  59136	111.928903	-22.859191	5.97
36238	*  63 Gem	111.934822	21.445279	5.24
36258	HD  59256	111.996500	-29.155899	5.542
36264	HD  59235	112.008034	-26.838976	6.26
36265	* eta CMi	112.008645	6.941971	5.22
36284	* gam CMi	112.040810	8.925524	4.3
36325	HD  58898	112.166260	27.552940	6.36
36340	HD  59059	112.196899	15.109824	6.22
36346	HD  60150	112.214199	-64.509806	6.39
36348	HD  58661	112.214529	48.183939	5.71
36351	HD  58681	112.219279	46.314620	6.41
36362	HD  59550	112.270478	-31.456218	5.768
36363	* y Pup	112.273730	-38.812067	5.395
36366	* rho Gem	112.277995	31.784549	4.18
36377	* sig Pup	112.307636	-43.301435	3.25
36388	HD  59311	112.327784	-1.905325	5.572
36393	*  64 Gem	112.335170	28.118276	5.064
36396	HD  59381	112.342115	-10.326667	5.706
36399	HD  59380	112.356921	-7.551236	5.853
36425	*   6 CMi	112.449090	12.006563	4.531
36429	* b Gem	112.453175	27.916120	5.01
36431	HD  59612	112.464218	-23.024290	4.86
36439	*  22 Lyn	112.483155	49.672459	5.357
36444	HD  60060	112.498844	-52.651157	5.863
36496	HD  60228	112.628828	-54.399365	5.941
36514	HD  59890	112.677508	-30.962281	4.65
36521	V* U Mon	112.697797	-9.776877	5.82
36526	HD  59669	112.713059	-5.226493	6.236
36528	HD  58425	112.719436	68.465646	5.643
36547	V* VZ Cam	112.768616	82.411467	4.96
36553	HD  59603	112.786594	11.202980	6.36
36616	HD  59686	112.951685	17.086046	5.442
36640	HD  59984	113.024012	-8.881326	5.916
36641	* del01 CMi	113.024787	1.914480	5.233
36657	HD  60312	113.092799	-35.961188	6.346
36721	HD  60345	113.290733	-24.710734	5.83
36723	* del02 CMi	113.298607	3.290379	5.571
36728	V* V376 Pup	113.304827	-40.058522	6.247
36732	HD  60341	113.331519	-19.412526	5.63
36736	HD  60325	113.342439	-14.338306	6.21
36740	HD  59826	113.353456	37.187896	6.39
36760	*  68 Gem	113.402012	15.826665	5.263
36773	V* KQ Pup	113.449862	-14.523904	4.97
36778	* z Pup	113.462673	-36.338392	5.44
36779	HD  59721	113.464652	51.314144	6.49
36795	HD  60532	113.513252	-22.296068	4.39
36796	HD  60275	113.520682	10.568075	6.265
36807	HD  60646	113.553442	-33.463429	6.095
36812	* del03 CMi	113.566219	3.371724	5.817
36817	* n Pup	113.577569	-23.473665	5.09
36848	HD  60666	113.644978	-27.012275	5.77
36850	* alf Gem	113.649472	31.888282	1.58
36856	HD  61031	113.664915	-51.474517	6.28
36896	HD  60318	113.786680	30.960918	5.347
36914	CD-73   375	113.840237	-74.274957	6.34
36917	* p Pup	113.845382	-28.369335	4.63
36942	* Q Car	113.915510	-52.533836	4.92
36962	* ups Gem	113.980625	26.895744	4.06
36965	HD  60335	113.983225	43.030958	6.41
36977	HD  61394	114.006685	-55.887708	6.399
36981	HD  60855	114.016221	-14.492772	5.7
36986	HD  60951	114.030883	-22.160504	6.34
37000	HD  60853	114.069568	-8.311302	6.284
37023	HD  60437	114.131810	46.180287	5.65
37031	HD  60803	114.144608	5.862172	5.888
37036	V* PT Pup	114.170980	-19.702340	5.699
37043	* y02 Pup	114.183000	-48.830166	5.68
37046	HD  60294	114.195979	55.755063	5.931
37088	*  25 Mon	114.319546	-4.110982	5.131
37089	HD  61227	114.320544	-23.775398	6.361
37091	HD  60654	114.324131	40.025374	6.34
37096	* f Pup	114.342124	-34.968531	4.53
37128	HD  61453	114.437589	-38.010425	6.362
37140	HD  60652	114.474370	48.773843	5.906
37165	HD  61035	114.559872	24.360443	6.37
37173	* m Pup	114.575191	-25.364806	4.67
37174	* y03 Pup	114.575868	-48.601435	5.658
37202	HD  61642	114.635577	-38.781489	6.191
37204	*  70 Gem	114.636933	35.048550	5.572
37223	* e Pup	114.682911	-36.496833	5.8
37248	V* V390 Car	114.751325	-53.273357	6.044
37265	* omi Gem	114.791394	34.584306	4.9
37269	HD  61219	114.800021	24.222531	6.18
37279	* alf CMi	114.825498	5.224988	0.37
37289	HD  61589	114.850820	-16.847290	6.38
37293	HD  61672	114.862420	-26.863113	6.485
37297	* d01 Pup	114.863911	-38.308023	4.84
37300	* f Gem	114.869139	17.674522	5.05
37322	* d02 Pup	114.932565	-38.139298	5.77
37329	* d03 Pup	114.949479	-38.260652	5.747
37339	HD  61295	114.975395	32.009732	6.165
37345	* d04 Pup	114.991630	-37.579424	5.996
37364	HD  61774	115.056369	-19.660860	5.921
37369	HD  61294	115.061221	38.344541	5.73
37375	HD  61750	115.087584	-11.752549	6.42
37379	* 140 Pup	115.096710	-15.263920	4.951
37391	V* OV Cep	115.127043	87.020105	5.07
37394	HD  61749	115.148015	-8.185430	6.013
37404	HD  61630	115.196601	13.771253	6.21
37405	HD  61721	115.204236	4.071817	6.5
37406	*  23 Lyn	115.206453	57.082828	6.076
37428	HD  61603	115.243827	23.018529	5.906
37441	HD  61363	115.301662	48.131533	5.581
37447	* alf Mon	115.311800	-9.551133	3.93
37450	HD  62226	115.315886	-38.533533	5.393
37461	HD  62318	115.340515	-44.632167	6.406
37465	HD  62082	115.348034	-22.336718	6.16
37478	HD  61887	115.396479	3.624779	5.942
37504	* zet Vol	115.455246	-72.606099	3.944
37508	HD  61885	115.466026	13.480456	5.8
37521	V* NZ Gem	115.513409	14.208506	5.56
37530	HD  62758	115.542571	-58.630919	6.389
37580	HD  61859	115.681457	34.000221	6.06
37590	HD  62412	115.700635	-26.351327	5.628
37599	HD  62897	115.722207	-58.230066	6.205
37606	HD  62644	115.737898	-45.173115	5.04
37609	*  24 Lyn	115.751733	58.710359	4.947
37614	HD  62264	115.772576	0.189333	6.31
37623	HD  62578	115.799930	-36.050090	5.585
37629	* sig Gem	115.828032	28.883509	4.29
37634	HD  62286	115.838293	4.945757	6.48
37636	* 192 Gem	115.842412	22.399444	6.229
37648	*   1 Pup	115.884945	-28.410886	4.59
37664	* W Pup	115.924704	-40.933746	5.17
37666	HD  62712	115.928817	-38.201880	6.4
37677	* l Pup	115.951957	-28.954826	3.93
37701	*  50 Cam	116.017408	50.433794	5.36
37704	* c Gem	116.028812	25.784160	5.289
37705	V* AZ CMi	116.031804	2.405423	6.47
37710	HD  62781	116.040360	-36.062505	5.784
37720	HD  63584	116.054221	-69.821615	6.154
37723	HD  62407	116.058575	12.860071	6.4
37740	* kap Gem	116.111849	24.397996	3.57
37751	V* V390 Pup	116.142374	-24.674080	5.6
37752	HD  62893	116.142429	-37.942920	5.87
37773	HD  63513	116.182723	-66.071932	6.382
37819	* c Pup	116.313734	-37.968585	3.61
37823	HD  63118	116.325178	-43.752566	6.012
37826	* bet Gem	116.328958	28.026199	1.14
37843	*   2 Pup A	116.371397	-14.690535	5.997
37853	* 171 Pup	116.395505	-34.172552	5.362
37854	HD  63382	116.397987	-56.722569	6.101
37891	*   4 Pup	116.486957	-14.563805	5.026
37901	HD  62902	116.509127	-6.772514	5.496
37908	* g Gem	116.531035	18.509998	4.87
37915	HD  63215	116.543934	-37.933678	5.869
37921	*  11 CMi	116.567505	10.768252	5.237
37934	*  49 Cam	116.614228	62.830523	6.458
37939	HD  63291	116.639220	-37.772569	6.315
37946	V* DU Lyn	116.663668	37.517395	5.18
37949	*  51 Cam	116.666992	65.455674	5.925
37951	HD  63112	116.686305	-12.675315	6.386
37982	V* OX Pup	116.773986	-39.330996	6.322
37995	HD  63271	116.802310	-22.519510	5.87
37996	HD  63399	116.810808	-36.073601	6.45
38010	HD  63465	116.854136	-38.511142	5.068
38016	* pi. Gem	116.876349	33.415697	5.14
38020	HD  63578	116.881273	-46.608490	5.208
38031	V* QY Pup	116.910526	-15.990689	6.309
38037	HD  63323	116.938364	-16.014483	6.43
38070	* omi Pup	117.021536	-25.937170	4.49
38074	HD  63640	117.035615	-40.652379	6.14
38087	CD-56  2005	117.081244	-56.471076	6.38
38089	* Q Pup	117.083999	-47.077724	4.71
38106	*  82 Gem	117.140163	23.140979	6.21
38146	* 188 Pup	117.256974	-24.912247	5.313
38147	HD  63352	117.257653	13.371870	6.066
38152	HD  64067	117.278006	-56.410364	5.57
38159	V* QS Pup	117.303594	-46.857719	5.805
38160	HD  64185	117.303918	-60.283714	5.771
38164	* P Pup	117.309573	-46.373200	4.11
38167	V* V397 Pup	117.311039	-35.243286	5.936
38170	* ksi Pup	117.323556	-24.859784	3.3
38183	HD  63948	117.367834	-44.751157	6.313
38184	HD  63655	117.370029	-13.352950	6.234
38196	HD  63475	117.384635	12.814251	6.41
38200	HD  63852	117.397506	-33.288950	5.585
38206	HD  63696	117.416566	-14.085360	6.35
38209	HD  63734	117.419838	-19.505518	6.48
38210	HD  64484	117.420796	-66.195973	5.762
38211	*   6 Pup	117.421673	-17.228408	5.162
38246	HD  63822	117.523619	-19.523547	6.091
38253	HD  63752	117.544069	-9.183442	5.598
38267	HD  64225	117.599262	-50.509467	5.907
38292	HD  64181	117.677123	-44.579946	6.457
38300	HD  63799	117.697480	3.277252	6.19
38303	HD  63798	117.712911	4.459515	6.5
38306	HD  63838	117.722598	0.079556	6.37
38307	HD  63894	117.730170	-11.128592	6.158
38316	HD  64042	117.750332	-24.528555	6.48
38319	HD  63589	117.759822	33.233653	6.041
38325	HD  63332	117.773796	54.129241	6.02
38349	HD  63588	117.813920	37.082088	6.5
38355	HD  64287	117.834746	-43.095234	6.33
38370	V* QU Pup	117.918158	-42.888204	6.032
38372	*   8 Pup	117.920346	-12.819403	6.361
38373	* zet CMi	117.924953	1.766868	5.16
38375	HD  64152	117.929270	-21.173660	5.607
38394	HD  63889	117.986552	19.325085	6.032
38403	HD  63630	118.016104	45.932988	6.5
38406	V* BC CMi	118.029957	3.277344	6.39
38414	* a Pup	118.054299	-40.575782	3.696
38423	* 212 Pup	118.065262	-34.705440	5.12
38427	*  10 Pup	118.078662	-14.846178	5.689
38438	V* V372 Car	118.123923	-54.367164	5.68
38449	HD  63586	118.151778	55.209438	6.37
38455	* b Pup	118.161029	-38.862815	4.474
38474	HD  64235	118.199402	-5.428136	5.765
38497	HD  64572	118.264611	-36.363768	5.418
38500	HD  64740	118.265144	-49.613043	4.63
38518	* J Pup	118.325656	-48.102935	4.24
38538	* phi Gem	118.374201	26.765781	4.963
38593	HD  64802	118.545874	-35.877286	5.463
38623	*  25 Lyn	118.621931	47.385977	6.253
38635	HD  64876	118.666319	-34.846711	6.12
38639	*  26 Lyn	118.677909	47.564593	5.446
38656	HD  65273	118.722156	-57.302808	5.613
38667	HD  65189	118.751772	-52.583329	6.356
38686	HD  64974	118.807705	-30.917646	6.43
38712	HD  64685	118.880972	8.862839	5.8
38722	*  85 Gem	118.916227	19.883967	5.365
38723	V* DD Lyn	118.920114	35.412682	6.221
38783	HD  65662	119.077701	-60.526435	5.717
38792	V* PX Pup	119.094676	-30.284571	6.4
38794	HD  64938	119.099613	4.485564	6.162
38827	* chi Car	119.194667	-52.982345	3.431
38834	V* V341 Car	119.212278	-59.125766	6.25
38835	* j Pup	119.214760	-22.880112	4.184
38845	HD  65442	119.240954	-42.406476	6.075
38846	HD  65460	119.240836	-43.500402	5.346
38848	*   1 Cnc	119.247719	15.790278	5.78
38863	HD  65908	119.303157	-63.296833	6.124
38868	HD  65066	119.316171	8.641218	6.023
38872	* N Pup	119.326754	-44.109860	5.064
38879	HD  65598	119.333591	-47.890745	6.215
38901	* chi Pup	119.417109	-30.334571	4.79
38908	HD  65907	119.445476	-60.303072	5.6
38917	* O Pup	119.465496	-45.577669	5.123
38925	HD  65638	119.478369	-40.784353	6.46
38945	V* BU CMi	119.524572	7.213528	6.42
38957	V* V Pup	119.560161	-49.244915	4.41
38959	HD  64958	119.569023	43.977376	6.36
38963	HD  65867	119.589298	-51.448473	6.432
38975	HD  65257	119.631129	16.518681	6.002
38994	HD  66194	119.710629	-60.824461	5.81
39014	HD  65904	119.757506	-45.215839	5.963
39023	*  12 Pup	119.773813	-23.310397	5.11
39035	HD  66005	119.801270	-49.976850	6.25
39038	HD  66006	119.806505	-49.973771	6.26
39041	HD  66920	119.815687	-73.244171	6.327
39061	HD  65925	119.868222	-39.296917	5.224
39067	HD  65522	119.896065	13.242166	6.07
39070	V* V460 Car	119.906426	-60.587062	5.18
39073	HD  66341	119.917029	-60.207351	6.294
39079	*  27 Mon	119.933971	-3.679586	4.934
39094	HD  65392	119.964055	36.082074	6.5
39095	HD  65810	119.966865	-18.399217	4.61
39117	HD  64307	120.048910	73.917918	5.347
39122	HD  66210	120.061205	-48.981512	5.996
39138	* D01 Car	120.083191	-63.567455	4.806
39153	V* PY Pup	120.120670	-48.871765	6.107
39177	*   3 Cnc	120.197115	17.308701	5.588
39180	HD  65735	120.200429	19.816215	6.29
39184	HD  66441	120.208077	-54.151274	5.846
39191	* ome Cnc	120.232804	25.392837	5.853
39194	HD  65757	120.253259	23.583081	6.31
39198	HD  65938	120.264190	-6.419212	6.45
39211	*  28 Mon	120.305562	-1.392607	4.68
39213	HD  65900	120.307910	4.879867	5.64
39221	HD  65301	120.336574	59.047402	5.772
39225	V* V461 Car	120.346010	-54.515529	6.111
39236	*   5 Cnc	120.376201	16.455311	5.99
39238	HD  66607	120.381531	-55.454656	6.265
39251	HD  66358	120.406359	-37.283721	5.893
39261	*  53 Cam	120.426835	60.324391	6.008
39263	* ome02 Cnc	120.432320	25.089466	6.297
39271	HD  66011	120.461373	8.913991	6.209
39279	HD  65801	120.479918	35.413066	6.324
39299	HD  66435	120.525559	-37.050045	6.335
39311	* G CMi	120.566404	2.334572	4.38
39326	HD  66242	120.608206	-6.337137	6.325
39340	HD  65448	120.628349	63.090339	6.07
39348	*  54 Cam	120.649097	57.273626	6.49
39360	V* V336 Pup	120.686597	-41.309825	5.497
39380	HD  66598	120.767336	-32.463549	5.808
39420	HD  66812	120.873356	-42.948328	6.271
39424	* chi Gem	120.879582	27.794351	4.937
39429	* zet Pup	120.896031	-40.003148	2.25
39487	V* MZ Pup	121.067456	-32.674830	5.12
39514	HD  66885	121.135997	-25.699736	6.4
39524	*  14 Pup	121.172574	-19.728151	6.105
39527	HD  67249	121.176665	-50.590396	5.943
39530	HD  67536	121.178882	-62.836345	6.241
39535	HD  66552	121.188766	18.842020	6.21
39538	HD  64486	121.196079	79.479614	5.387
39566	HD  67364	121.265455	-53.107921	5.509
39567	*   8 Cnc	121.268704	13.118217	5.136
39584	HD  67341	121.334596	-46.978412	6.159
39607	HD  66684	121.404399	27.529734	6.21
39617	HD  67243	121.437019	-33.569432	6.141
39625	HD  66950	121.456820	-0.573304	6.399
39659	* mu.01 Cnc	121.576648	22.635488	5.99
39675	HD  67159	121.614221	-9.244459	6.226
39690	HD  67582	121.668081	-45.266015	5.021
39691	HD  67621	121.673365	-48.497389	6.317
39722	*  28 Lyn	121.791455	43.260359	6.35
39730	HD  67408	121.816687	-17.368743	6.5
39734	HD  67456	121.825167	-20.554343	5.338
39757	* rho Pup	121.886037	-24.304324	2.81
39780	* mu.02 Cnc	121.941068	21.581813	5.3
39794	* eps Vol	121.982477	-68.617065	4.398
39843	HD  68423	122.102667	-63.800821	6.314
39847	*  27 Lyn	122.114379	51.506665	4.797
39863	* zet Mon	122.148534	-2.983788	4.33
39866	HD  67888	122.156843	-37.681223	6.339
39874	*  12 Cnc	122.176857	13.640919	6.242
39876	HD  67751	122.181583	-20.363172	6.365
39898	HD  67725	122.236858	-11.339652	6.305
39903	* B Car	122.252654	-61.302374	4.742
39906	*  16 Pup	122.256818	-19.245034	4.393
39919	HD  68161	122.289603	-48.684410	5.654
39920	HD  67977	122.292453	-35.455017	6.209
39938	HD  67370	122.346053	42.430609	6.255
39943	HD  67880	122.368895	-16.248918	5.65
39953	* gam02 Vel	122.383126	-47.336586	1.83
39957	HD  68434	122.390106	-56.085352	5.648
39958	HD  67542	122.396594	29.093076	6.465
39961	HD  68217	122.399641	-44.122767	5.183
39970	V* IS Vel	122.429809	-47.937192	5.217
39995	HD  67224	122.515737	58.248245	5.89
40007	*  13 Cnc	122.554611	25.844480	6.413
40016	HD  68478	122.585702	-49.237359	6.447
40035	*  18 Pup	122.665940	-13.799206	5.54
40058	HD  67959	122.745352	14.629474	6.207
40063	HD  68450	122.757013	-37.292375	6.44
40077	HD  68657	122.794958	-48.461993	5.806
40084	*  19 Pup	122.817939	-12.926999	4.72
40085	HD  68099	122.819162	9.821235	6.072
40086	HD  67539	122.825332	54.540241	6.48
40091	* h01 Pup	122.839556	-39.618544	4.42
40096	HD  68601	122.857887	-42.987278	4.75
40107	HD  68312	122.887518	-7.772539	5.354
40155	V* AH Vel	122.999861	-46.644350	5.76
40160	HD  68763	123.025241	-43.400439	6.47
40215	*  55 Cam	123.203284	68.474073	5.329
40220	HD  68862	123.214810	-37.924475	6.39
40231	HD  68461	123.248878	16.514326	6.047
40240	*  15 Cnc	123.286950	29.656538	5.605
40259	*  20 Pup	123.333196	-15.788225	4.99
40263	HD  68667	123.340730	-1.165887	6.47
40274	* r Pup	123.372989	-35.899518	4.77
40282	*  16 Vel	123.392695	-50.196075	5.514
40285	V* NO Vel	123.400637	-46.991628	5.127
40291	HD  69002	123.421146	-33.569527	6.377
40299	HD  69168	123.440214	-46.578685	6.476
40305	HD  68077	123.459105	56.452251	5.85
40321	HD  69081	123.492968	-36.322280	5.064
40324	HD  69082	123.494584	-36.340776	6.014
40326	* h02 Pup	123.512206	-40.347867	4.44
40341	HD  69080	123.545977	-32.140712	6.06
40342	HD  68703	123.546417	17.675954	6.47
40344	HD  69123	123.555234	-35.490019	5.765
40354	HD  68776	123.587478	13.048296	6.35
40357	HD  69302	123.599478	-45.834514	5.836
40397	HD  69404	123.713500	-46.485892	6.437
40429	* C Car	123.816344	-62.915641	5.259
40433	HD  69596	123.846895	-50.449222	6.418
40474	*  56 Cam	123.960422	60.380600	6.48
40485	HD  69511	123.995093	-35.903192	6.132
40526	* bet Cnc	124.128837	9.185544	3.52
40559	HD  65299	124.224624	84.057644	6.46
40604	*  21 Pup	124.346382	-16.285113	6.308
40617	HD  69478	124.381881	8.866305	6.257
40646	*  29 Lyn	124.460058	59.571134	5.63
40655	HD  70267	124.482235	-59.166827	6.453
40656	HD  69879	124.492838	-30.003698	6.422
40675	HD  69629	124.560109	15.677912	6.41
40677	HD  69149	124.565782	54.143697	6.243
40678	HD  70002	124.572480	-35.451705	5.578
40680	HD  70514	124.578362	-65.613192	5.056
40693	HD  69830	124.599779	-12.632171	5.95
40702	* alf Cha	124.631469	-76.919724	4.047
40706	* q Pup	124.638804	-36.659289	4.4
40749	HD  70309	124.773269	-48.197853	6.44
40766	V* HQ Hya	124.812846	-10.165751	6.3
40772	*  57 Cam	124.821500	62.507156	5.723
40787	HD  70235	124.872965	-34.590134	6.437
40793	HD  68375	124.884538	75.756907	5.541
40817	* kap01 Vol	124.954018	-71.514909	5.318
40818	HD  70013	124.957761	3.948028	6.05
40834	* kap02 Vol	125.002198	-71.505378	5.608
40858	HD  70110	125.054165	-0.909314	6.177
40859	HD  70148	125.070905	-5.329954	6.094
40866	HD  69994	125.087383	20.747721	5.798
40875	*  30 Lyn	125.108583	57.743280	5.877
40876	HD  70302	125.113951	-22.924680	6.12
40881	* lam Cnc	125.133901	24.022311	5.93
40888	* tet Cha	125.160580	-77.484479	4.337
40889	HD  68951	125.168007	72.407232	5.98
40926	HD  70982	125.281828	-64.106002	6.108
40932	HD  70839	125.300413	-57.973220	5.954
40943	HD  70556	125.337685	-36.484177	5.176
40944	HD  70442	125.338433	-20.079063	5.572
40945	* w Pup	125.345942	-33.054365	4.8
40947	HD  70612	125.350777	-39.620715	6.143
40990	HD  70523	125.477526	-17.586337	5.711
41003	* eta Vol	125.518548	-73.399979	5.279
41011	HD  69054	125.540105	74.820407	6.384
41036	HD  70574	125.625682	-6.179157	6.14
41037	* eps Car	125.628480	-59.509484	1.86
41039	* B Vel	125.632059	-48.490379	4.82
41060	HD  69976	125.683624	60.631236	6.39
41067	*  22 Pup	125.695197	-13.054793	6.109
41074	HD  70761	125.708069	-26.348223	5.883
41075	*  31 Lyn	125.708789	43.188131	4.25
41080	HD  70652	125.725394	-7.543122	5.918
41081	HD  71043	125.729826	-52.123729	5.887
41107	V* V436 Pup	125.820555	-38.286079	6.32
41117	* d01 Cnc	125.841012	18.332162	5.94
41152	HD  70313	125.952089	53.219713	5.54
41163	*  21 Cnc	125.980035	10.632060	6.08
41191	HD  72922	126.082861	-80.914227	5.69
41208	HD  67934	126.137497	82.430758	6.28
41211	*   1 Hya	126.145892	-3.751242	5.61
41214	HD  70937	126.151814	-4.716999	6.022
41224	HD  70647	126.178234	42.005239	6.001
41242	HD  71141	126.229915	-23.153745	5.669
41250	HD  71302	126.238361	-42.769835	6.02
41260	HD  71176	126.265591	-24.046219	5.301
41262	HD  70771	126.270361	35.011407	6.059
41282	HD  71196	126.329174	-21.045956	5.987
41296	HD  71510	126.380521	-51.727414	5.17
41299	HD  71095	126.398069	2.102218	5.708
41306	HD  71231	126.414009	-17.439407	6.417
41307	*  30 Mon	126.415133	-3.906427	3.9
41312	* bet Vol	126.434146	-66.136888	3.759
41321	HD  71863	126.464983	-64.600619	5.94
41323	HD  71459	126.466294	-42.153075	5.42
41325	HD  71115	126.478196	7.564504	5.122
41328	HD  71267	126.481625	-14.929661	5.951
41361	HD  71487	126.573875	-39.058961	6.49
41373	HD  71722	126.605023	-52.807497	6.041
41375	*   2 Hya	126.613358	-3.987430	5.59
41377	* phi01 Cnc	126.615442	27.893581	5.57
41395	HD  71377	126.674803	-12.534604	5.52
41400	*  27 Cnc	126.683080	12.654609	5.5
41426	HD  71805	126.740606	-52.704948	6.49
41449	HD  71622	126.818409	-31.672736	6.331
41451	HD  72337	126.819815	-70.093483	5.507
41483	* F Vel	126.902441	-53.088479	5.073
41515	V* XY Pyx	126.997590	-35.113749	5.73
41547	HD  71665	127.082451	-8.816282	6.43
41564	HD  71663	127.121470	-2.517126	6.41
41572	HD  71815	127.150162	-23.070980	6.494
41574	*  28 Cnc	127.153272	24.144922	6.05
41578	*  29 Cnc	127.155581	14.210824	5.948
41597	HD  71766	127.212511	-9.748587	5.989
41621	HD  72067	127.281530	-44.160414	5.84
41639	HD  72127	127.364514	-44.724812	5.15
41644	HD  72303	127.374177	-54.211732	6.44
41653	HD  72322	127.401622	-55.190911	6.346
41674	HD  72232	127.440145	-46.331699	5.969
41676	HD  71088	127.442481	67.297440	5.884
41704	* omi UMa	127.566126	60.718168	3.42
41723	HD  72227	127.619212	-32.159283	5.588
41737	HD  72350	127.663454	-44.737318	6.29
41781	HD  72485	127.794272	-47.866620	6.373
41798	HD  71906	127.833193	37.264943	6.174
41813	HD  72650	127.873277	-54.394010	6.333
41816	* ups01 Cnc	127.877164	24.081108	5.694
41817	HD  72310	127.878850	-19.577462	5.43
41822	* tet Cnc	127.898875	18.094418	5.337
41833	HD  72115	127.922081	18.987721	6.45
41861	HD  72737	128.020655	-53.211917	6.021
41893	HD  72462	128.139029	-15.030159	6.38
41894	HD  71952	128.139364	53.114847	6.226
41904	*  34 Cnc	128.166127	10.066008	6.474
41905	HD  72752	128.168751	-47.042107	6.481
41907	HD  73468	128.174017	-73.356788	6.1
41909	* eta Cnc	128.177068	20.441162	5.325
41926	HD  72673	128.214565	-31.500851	6.38
41927	HD  71553	128.222132	69.319903	6.297
41939	V* VX Pyx	128.243751	-34.634039	6.366
41940	* ups02 Cnc	128.250434	24.084794	6.34
41941	HD  72798	128.257747	-45.752905	6.354
41970	HD  72787	128.332751	-38.370675	6.461
41975	*  32 Lyn	128.340540	36.436432	6.186
41986	HD  72900	128.376140	-46.970661	6.221
42001	HD  72832	128.410129	-38.848813	5.908
42008	HD  72561	128.431159	4.757000	5.867
42010	HD  72505	128.437692	13.257312	6.247
42028	HD  72660	128.506726	-2.151556	5.792
42049	HD  72617	128.555609	8.452307	6.029
42070	HD  72993	128.621889	-37.611170	6.38
42071	HD  72913	128.623764	-27.098162	6.41
42075	HD  72954	128.633150	-32.598765	6.42
42080	*   2 UMa	128.650750	65.145113	5.453
42088	* C Vel	128.681652	-49.944202	5.01
42090	*  33 Lyn	128.682853	36.419620	5.751
42123	HD  73121	128.802238	-39.970451	6.431
42129	* e01 Car	128.814814	-58.224739	5.234
42134	* e02 Car	128.832105	-58.009237	4.847
42142	HD  72908	128.853981	2.743453	6.332
42146	*   3 Hya	128.867495	-7.982294	5.72
42147	HD  73072	128.869588	-26.843488	5.944
42172	HD  72945	128.962407	6.620214	5.92
42177	*  47 Vel	128.966781	-50.969647	5.782
42187	HD  72943	129.032141	15.313632	6.33
42249	HD  71973	129.203104	74.723676	6.27
42265	* c Cnc	129.274037	9.655578	5.91
42286	HD  73887	129.328472	-62.853465	5.456
42299	HD  73281	129.363224	-4.934002	6.171
42302	HD  73476	129.373478	-33.745683	6.499
42312	* e Vel	129.410971	-42.989081	4.14
42313	* del Hya	129.414031	5.703788	4.131
42334	* eta Pyx	129.467303	-26.255000	5.27
42365	*   1 LMi	129.579088	32.802017	5.95
42372	HD  73017	129.592438	53.401540	5.645
42394	HD  73603	129.667878	-19.736897	6.39
42400	HD  73952	129.686697	-53.090382	6.431
42402	* sig Hya	129.689323	3.341435	4.43
42415	HD  73131	129.749536	52.925079	6.32
42425	* tet Vol	129.771506	-70.386744	5.2
42430	HD  73752	129.782911	-22.661897	5.17
42434	HD  73029	129.791991	59.939106	6.47
42438	* pi.01 UMa	129.798769	65.020906	5.64
42440	HD  74148	129.804987	-60.317288	6.48
42452	HD  73171	129.823429	52.711624	5.891
42455	HD  73900	129.842118	-36.606670	6.114
42459	V* HW Vel	129.849352	-53.439769	5.439
42462	HD  73599	129.852315	8.017601	6.45
42483	* zet Pyx	129.926975	-29.561085	4.872
42484	HD  72582	129.927532	73.629677	6.154
42504	HD  74146	129.989994	-53.054727	5.19
42509	* a Hya	130.006131	-12.475375	4.969
42515	* bet Pyx	130.025597	-35.308355	3.954
42516	*  39 Cnc	130.026743	20.007787	6.39
42527	* pi.02 UMa	130.053405	64.327936	4.61
42535	HD  74196	130.072771	-53.015397	5.61
42536	* omi Vel	130.073331	-52.921910	3.63
42538	*   4 LMi	130.076195	31.941893	6.22
42540	HD  74067	130.079899	-40.263871	5.22
42549	HD  73710	130.092027	19.669936	6.39
42556	* eps Cnc	130.112542	19.544812	6.29
42564	HD  74167	130.146911	-45.191103	5.648
42568	* d Car	130.154283	-59.761005	4.313
42570	* b Vel	130.156547	-46.648740	3.81
42604	*  34 Lyn	130.254458	45.834006	5.359
42614	HD  74273	130.272166	-48.922681	5.879
42624	* n Vel	130.304704	-47.317130	4.77
42637	* eta Cha	130.331302	-78.963363	5.453
42662	*   9 Hya	130.430567	-15.943385	4.866
42679	HD  74371	130.487124	-45.410712	5.227
42701	HD  74190	130.540884	-11.966006	6.449
42712	HD  74455	130.567469	-48.099097	5.468
42715	V* KT Vel	130.579132	-53.100057	5.474
42717	HD  74622	130.586760	-55.774558	6.243
42726	HD  74560	130.605778	-53.113984	4.815
42775	HD  74475	130.737496	-35.943302	6.411
42777	HD  73971	130.750631	46.900840	6.205
42794	*   9 Cha	130.800827	-79.070102	6.07
42795	*  45 Cnc	130.801373	12.680874	5.65
42799	* eta Hya	130.806149	3.398662	4.3
42806	* gam Cnc	130.821446	21.468499	4.652
42828	* alf Pyx	130.898073	-33.186383	3.68
42834	* D Vel	130.917804	-49.822801	5.16
42835	* F Hya	130.918227	-7.233728	4.625
42850	HD  75116	130.976370	-68.211584	6.31
42854	HD  74393	130.999074	4.334558	6.362
42884	* d Vel	131.099779	-42.649277	4.046
42895	HD  75171	131.124826	-65.825431	6.021
42911	* del Cnc	131.171247	18.154308	3.94
42913	* del01 Vel	131.175943	-54.708821	1.93
42917	* b Cnc	131.187649	10.081669	5.66
42923	HD  74824	131.216361	-37.147251	5.722
42928	HD  74706	131.229785	-21.167826	6.12
42931	*  10 Hya	131.255339	5.680585	6.127
42954	*  46 Cnc	131.339266	30.697750	6.119
42981	HD  74685	131.395270	4.664374	6.43
43002	HD  74879	131.455309	-25.388095	6.057
43012	HD  76236	131.479786	-79.504374	5.77
43023	* a Vel	131.506851	-46.041528	3.91
43026	HD  74794	131.510316	-2.048656	5.685
43035	HD  74860	131.528635	-11.006764	6.219
43067	* D Hya	131.593935	-13.547724	4.32
43073	HD  75081	131.599009	-41.125385	6.194
43082	HD  75149	131.627279	-45.912505	5.459
43103	* iot Cnc	131.674252	28.759893	4.018
43105	* f Car	131.677284	-56.769776	4.49
43109	* eps Hya	131.693801	6.418802	3.38
43114	V* AI Pyx	131.705167	-34.622945	6.324
43121	*  50 Cnc	131.733412	12.109953	5.885
43142	HD  74988	131.812441	-1.897037	5.279
43148	HD  75276	131.828518	-46.155416	5.748
43152	BD-16  2589	131.839462	-17.052882	6.5
43177	HD  75289	131.918289	-41.736793	6.36
43195	HD  75466	132.000899	-52.850153	6.266
43204	HD  75140	132.020319	-6.558839	6.073
43209	HD  75387	132.036570	-42.463448	6.42
43215	V* AK Pyx	132.060933	-28.638793	6.49
43234	* rho Hya	132.108211	5.837812	4.337
43246	HD  75217	132.156050	-1.044839	6.424
43266	HD  74604	132.205215	66.708080	6.187
43305	*  14 Hya	132.340524	-3.443025	5.31
43325	* h Vel	132.413162	-40.320158	5.465
43338	HD  75495	132.437269	-21.048439	6.5
43347	* g Vel	132.448493	-45.307874	4.935
43351	HD  76270	132.458858	-72.551239	6.098
43352	HD  75605	132.464557	-32.780537	5.194
43354	HD  75654	132.468134	-39.141603	6.368
43370	HD  75629	132.509298	-29.462999	5.867
43392	HD  75759	132.587570	-42.089791	6.0
43394	HD  75649	132.590154	-28.617619	6.168
43409	* gam Pyx	132.633011	-27.709842	4.01
43410	*   5 LMi	132.634262	33.285054	6.21
43413	* f Vel	132.639419	-46.529188	5.11
43414	HD  76143	132.645067	-66.792983	5.329
43427	HD  75469	132.688009	18.832185	6.42
43454	*  54 Cnc	132.756102	15.350657	6.361
43499	HD  76113	132.902150	-57.633576	5.59
43520	HD  76004	132.958480	-44.150932	6.35
43528	HD  75989	132.981632	-40.986585	6.478
43531	*  35 Lyn	132.986794	43.726604	5.148
43550	HD  75556	133.041771	42.002733	5.984
43553	HD  75523	133.049035	45.312820	5.956
43570	HD  75811	133.100757	5.340309	6.35
43573	HD  76001	133.108900	-32.509323	6.463
43575	*  53 Cnc	133.119125	28.259158	6.23
43580	HD  75916	133.128177	-13.232944	6.109
43584	* sig01 Cnc	133.144258	32.474159	5.664
43589	HD  76161	133.160861	-48.359088	5.889
43590	HD  76073	133.161233	-36.545345	6.409
43603	HD  76110	133.200073	-38.724088	5.806
43620	HD  76346	133.265746	-56.649485	5.998
43623	HD  76027	133.272142	-16.952471	6.43
43624	HD  75487	133.274777	59.056139	6.35
43644	* b UMa	133.343991	61.962266	5.74
43669	HD  76538	133.452737	-60.353909	5.768
43671	HD  76360	133.460852	-47.520700	5.302
43673	HD  76304	133.461494	-40.447544	6.447
43685	V* CY Lyn	133.482006	35.538294	6.129
43726	HD  76151	133.574780	-5.434460	6.0
43763	HD  76640	133.725123	-58.239657	6.353
43783	* c Car	133.761867	-60.644610	3.8
43797	HD  76653	133.799091	-54.965769	5.698
43798	HD  76376	133.801791	-18.241191	5.741
43807	HD  76566	133.830009	-45.041673	6.26
43811	V* X Cnc	133.845341	17.231273	6.4
43813	* zet Hya	133.848442	5.945565	3.1
43825	* del Pyx	133.881530	-27.681848	4.89
43834	* rho02 Cnc	133.915335	27.927482	5.225
43850	HD  76478	133.977030	-15.439534	6.46
43851	*  60 Cnc	133.981446	11.626025	5.44
43853	HD  76512	133.982930	-23.818293	6.375
43878	* H Vel	134.080263	-52.723474	4.723
43894	HD  76292	134.127148	40.201473	5.88
43899	HD  76579	134.142194	-16.708749	5.929
43902	HD  76494	134.154323	4.236581	6.131
43903	*   6 UMa	134.156022	64.603827	5.56
43908	* zet Oct	134.170732	-85.663152	5.419
43923	HD  76291	134.208136	45.631646	5.711
43932	* sig02 Cnc	134.235824	32.910428	5.436
43937	* b01 Car	134.243405	-59.229338	4.895
43957	HD  76508	134.284507	17.143751	6.146
43970	* omi01 Cnc	134.312290	15.322767	5.22
44001	* omi02 Cnc	134.396665	15.581285	5.677
44010	HD  76629	134.425097	9.387759	6.178
44024	HD  77020	134.481495	-48.572909	5.876
44031	*  61 Cnc	134.494447	30.233825	6.239
44066	* alf Cnc	134.621684	11.857680	4.249
44075	HD  76932	134.683053	-16.132727	5.86
44093	V* FZ Vel	134.718132	-47.234683	5.146
44126	V* FZ Cnc	134.794713	18.134861	6.38
44127	* iot UMa	134.801890	48.041826	3.14
44130	HD  77087	134.815893	-28.806040	6.241
44143	* b02 Car	134.850757	-59.083712	5.16
44148	HD  76908	134.862011	13.074388	6.46
44154	* sig03 Cnc	134.886061	32.418559	5.22
44162	HD  77084	134.916303	-19.208042	6.191
44191	* w Vel	135.022541	-41.253607	4.446
44213	HD  77320	135.092730	-43.173994	6.08
44231	HD  76944	135.128340	37.604353	6.2
44248	*  10 UMa	135.160306	41.783025	3.96
44256	HD  77615	135.190590	-60.963829	5.78
44283	HD  77887	135.285475	-68.683919	5.87
44290	HD  77361	135.297581	-26.663716	6.187
44299	HD  77475	135.336938	-41.864260	5.541
44307	*  66 Cnc	135.350541	32.252296	5.87
44315	HD  77250	135.380778	5.640985	6.052
44331	HD  77093	135.419833	39.713512	6.386
44342	*  67 Cnc	135.453464	27.902601	6.07
44356	HD  77353	135.491614	-0.482674	5.627
44367	HD  77580	135.526619	-39.402143	6.238
44382	* alf Vol	135.611650	-66.396075	3.99
44390	* rho UMa	135.636214	67.629617	4.76
44405	* nu. Cnc	135.684449	24.452887	5.447
44406	HD  77445	135.686736	7.298268	5.831
44423	HD  77907	135.772216	-53.550373	6.377
44471	* kap UMa	135.906365	47.156525	3.55
44504	HD  77309	136.001666	54.283883	5.74
44509	HD  78005	136.024082	-47.441448	6.438
44511	* c Vel	136.038665	-47.097735	3.75
44565	HD  78293	136.199867	-57.852577	6.44
44574	HD  77660	136.229502	32.376837	6.47
44599	* G Car	136.286721	-72.602703	4.467
44613	HD  77601	136.350395	48.530316	5.95
44626	* E Car	136.409897	-70.538498	4.652
44659	* ome Hya	136.493207	5.092326	4.981
44665	HD  78632	136.531833	-64.499849	6.355
44700	HD  77912	136.632366	38.452214	4.539
44708	HD  78548	136.641774	-55.802409	6.081
44717	HD  77692	136.679744	59.344525	6.435
44738	V* NS Hya	136.749747	1.462693	6.17
44798	* kap Cnc	136.936706	10.668200	5.24
44816	* lam Vel	136.998991	-43.432591	2.21
44818	* tau Cnc	137.000209	29.654232	5.42
44824	* kap Pyx	137.011999	-25.858538	4.56
44825	HD  78234	137.017316	32.540403	6.46
44857	* sig01 UMa	137.097915	66.873234	5.136
44883	*  19 Hya	137.175754	-8.589533	5.609
44887	HD  78676	137.181381	-26.767599	6.144
44888	HD  78614	137.185511	-16.277323	6.48
44892	*  75 Cnc	137.197213	26.629116	5.95
44901	* f UMa	137.217737	51.604648	4.48
44923	HD  78702	137.267544	-18.328552	5.722
44936	HD  78668	137.297977	-12.357706	5.769
44946	* ksi Cnc	137.339755	22.045438	5.149
44961	*  20 Hya	137.398207	-8.787648	5.46
44979	HD  79025	137.437486	-49.424385	6.476
44984	HD  78661	137.443434	11.564376	6.48
45001	* eps Pyx	137.485040	-30.365400	5.593
45002	HD  79091	137.487772	-52.082860	6.22
45033	*  79 Cnc	137.586910	21.996417	6.011
45038	* sig02 UMa	137.598111	67.134017	4.813
45058	V* RS Cnc	137.661654	30.963136	5.95
45075	* tau UMa	137.729342	63.513671	4.64
45080	* a Car	137.742022	-58.966901	3.4
45085	HD  79186	137.768325	-44.867902	5.0
45097	HD  77246	137.802712	80.828908	6.35
45101	* i Car	137.819675	-62.316978	3.943
45122	HD  79275	137.889092	-46.583910	5.769
45127	HD  79241	137.920548	-39.258844	6.002
45150	HD  79066	137.981806	5.468627	6.342
45158	HD  79181	137.994732	-19.747630	5.717
45166	HD  80194	138.051530	-76.663028	6.12
45167	HD  79108	138.053670	3.866978	6.131
45184	*  21 Hya	138.108544	-7.109805	6.098
45214	HD  79699	138.210861	-60.916769	6.358
45219	HD  79698	138.231796	-59.413929	5.532
45238	* bet Car	138.299906	-69.717208	1.69
45242	HD  79524	138.327770	-42.273290	6.267
45249	HD  79456	138.339795	-29.664368	6.38
45259	HD  79523	138.357590	-38.616474	6.296
45270	HD  79621	138.393556	-47.338406	5.92
45272	HD  79248	138.405259	21.283206	6.465
45290	*  36 Lyn	138.450888	43.217832	5.282
45305	HD  79481	138.512877	-14.694842	6.46
45306	HD  78633	138.513302	71.655833	6.5
45314	HD  79694	138.534209	-44.145820	5.85
45328	HD  79846	138.574960	-55.569630	5.254
45333	* c UMa	138.585592	61.423317	5.18
45336	* tet Hya	138.591084	2.314320	3.89
45344	* z Vel	138.602024	-43.227489	5.25
45386	* k01 Vel	138.738213	-37.602429	5.85
45410	* pi.02 Cnc	138.807717	14.941509	5.348
45418	HD  80094	138.823495	-58.388378	5.993
45421	HD  76990	138.839279	84.181014	6.28
45424	HD  79752	138.853948	-15.024911	6.318
45437	HD  80126	138.894638	-57.577741	6.311
45439	* l Vel	138.902951	-38.569943	4.94
45448	* k Vel	138.937832	-37.413144	4.62
45455	*  17 UMa	138.957424	56.741407	5.266
45461	HD  78935	138.969079	72.946324	5.93
45481	HD  80057	139.016791	-44.898722	6.04
45493	* e UMa	139.047196	54.021857	4.805
45496	* g Car	139.050302	-57.541471	4.318
45505	HD  80108	139.095980	-44.265732	5.094
45526	*  24 Hya	139.172361	-8.744758	5.468
45527	*  23 Hya	139.173912	-6.353144	5.23
45543	HD  79994	139.237701	-11.103111	6.45
45544	HD  80170	139.237818	-39.401538	5.304
45556	* iot Car	139.272529	-59.275232	2.26
45559	HD  80050	139.282174	-14.574070	5.831
45571	* 128 Car	139.321844	-68.689593	5.39
45581	HD  80951	139.355041	-74.894279	5.32
45585	HD  80950	139.364873	-74.734590	5.857
45590	HD  79763	139.379912	46.817229	5.938
45603	HD  80435	139.426186	-54.494828	6.319
45614	HD  80064	139.463981	11.501145	6.39
45615	V* V478 Car	139.465207	-67.050861	6.136
45631	* K Vel	139.524463	-51.050857	5.254
45661	HD  80024	139.607954	35.364076	5.94
45675	HD  80558	139.676483	-51.560650	5.93
45688	*  38 Lyn	139.711015	36.802596	3.92
45742	HD  80781	139.885314	-55.186471	6.268
45743	HD  80479	139.888061	-15.834664	5.792
45751	*  26 Hya	139.943257	-11.974853	4.77
45754	HD  80590	139.949715	-34.103341	6.384
45764	HD  79517	139.982079	74.016601	6.4
45811	*  27 Hya	140.120896	-9.555703	4.811
45814	HD  80774	140.123625	-37.581689	6.027
45836	*  37 Lyn	140.182338	51.266064	6.11
45854	HD  80719	140.231241	-15.617826	6.308
45856	* k Car	140.236721	-62.404634	4.8
45860	* alf Lyn	140.263751	34.392559	3.14
45888	HD  80461	140.348353	45.370101	6.39
45896	HD  80546	140.363258	32.902153	6.18
45902	* tet Pyx	140.373293	-25.965441	4.72
45915	V* CG UMa	140.430366	56.699220	5.47
45920	HD  81157	140.458510	-55.514689	5.608
45924	HD  81034	140.462445	-42.194860	5.572
45941	* kap Vel	140.528407	-55.010667	2.473
45962	HD  81136	140.599969	-46.047444	5.729
46026	* lam Pyx	140.801043	-28.833861	4.68
46045	HD  81347	140.855702	-48.286943	6.264
46049	HD  81502	140.863840	-60.302315	6.265
46058	*   6 LMi	140.882397	25.182840	6.4
46067	HD  81369	140.915645	-46.908753	6.188
46075	HD  81309	140.936926	-37.756901	6.469
46093	HD  81471	140.997225	-51.737081	6.086
46101	HD  81613	141.022897	-61.648905	5.988
46107	* iot Cha	141.038435	-80.786877	5.36
46114	HD  81411	141.067857	-39.425501	6.049
46143	HD  81896	141.154518	-70.075782	6.45
46146	* kap Leo	141.163578	26.182324	4.46
46168	HD  81025	141.231996	51.573896	6.368
46194	V* GK Vel	141.282729	-43.976602	6.371
46221	*  28 Hya	141.350146	-5.117395	5.579
46225	HD  81830	141.363476	-61.950478	5.77
46232	HD  81361	141.385419	16.585587	6.292
46247	V* EZ UMa	141.434045	63.940941	6.227
46283	* I Vel	141.574822	-53.378908	5.089
46288	HD  81567	141.592960	-1.464075	5.985
46297	HD  81780	141.618583	-40.501706	6.19
46328	HD  82068	141.683727	-64.929701	6.039
46358	HD  82350	141.776292	-71.601894	5.47
46371	* G Hya	141.826719	-22.343727	4.69
46390	* alf Hya	141.896845	-8.658600	1.97
46407	HD  82458	141.954347	-71.781102	6.31
46410	HD  80930	141.964907	75.098322	6.2
46457	*   3 Leo	142.121559	8.188306	5.713
46460	HD  82406	142.127220	-66.701878	5.886
46471	*  41 Lyn	142.166619	45.601481	5.393
46482	HD  82347	142.196272	-62.273135	5.904
46504	HD  81980	142.259577	-1.256912	6.27
46509	* tau01 Hya	142.287214	-2.768939	4.6
46511	HD  82077	142.302676	-20.749127	5.636
46515	* eps Ant	142.311332	-35.951337	4.51
46517	HD  82165	142.317390	-38.403542	6.145
46529	HD  82043	142.351834	-2.205191	6.126
46543	HD  82074	142.385065	-4.246636	6.257
46569	HD  82180	142.457805	-23.345344	6.24
46578	HD  82205	142.477104	-26.589615	5.479
46594	HD  82419	142.521291	-51.517165	5.46
46618	HD  82232	142.593679	-15.577353	5.849
46620	V* V482 Car	142.597611	-58.361836	5.888
46651	* psi Vel	142.674998	-40.466739	3.6
46652	*   7 LMi	142.680113	33.655714	5.857
46657	* zet01 Ant A	142.692082	-31.889200	6.15
46701	* N Vel	142.805492	-57.034376	3.139
46733	* h UMa	142.882117	63.061860	3.67
46734	* zet02 Ant	142.883979	-31.871810	5.899
46735	*   8 LMi	142.885044	35.103272	5.37
46736	HD  82514	142.887691	-35.714749	5.87
46737	HD  82858	142.887593	-66.719028	6.255
46741	* H Car	142.901130	-73.080913	5.454
46744	HD  82428	142.912446	-10.552032	6.123
46750	* lam Leo	142.930124	22.967981	4.31
46768	HD  82477	142.982122	-10.370343	6.124
46771	* ksi Leo	142.986421	11.299822	4.963
46774	*   6 Leo	142.989904	9.715765	5.07
46776	* tau02 Hya	142.995525	-1.184671	4.548
46806	V* R Car	143.060817	-62.788890	6.1
46810	V* S Ant	143.076610	-28.627769	6.45
46811	HD  82694	143.080323	-40.649337	5.4
46813	HD  82573	143.085036	-19.400305	5.74
46840	HD  82543	143.172476	1.864126	6.12
46853	* tet UMa	143.214296	51.677315	3.18
46859	HD  82660	143.232394	-13.516804	5.937
46869	HD  82638	143.258220	-8.505374	6.113
46874	HD  82785	143.282001	-39.129073	6.41
46879	HD  82408	143.296864	45.513760	6.47
46880	HD  82734	143.301916	-21.115723	5.003
46893	HD  82674	143.332949	-7.190202	6.25
46897	HD  82747	143.358546	-22.863886	5.904
46904	*   9 LMi	143.376511	36.486948	6.181
46914	HD  82984	143.435579	-49.005076	5.12
46928	HD  83979	143.472397	-80.941258	5.059
46938	HD  82670	143.496418	23.453922	6.25
46950	* L Vel	143.536639	-51.255266	5.03
46952	*  10 LMi	143.555758	36.397558	4.6
46974	* h Car	143.611045	-59.229752	4.09
46977	* d UMa	143.620248	69.830341	4.57
46982	*  33 Hya	143.636032	-5.914950	5.548
47006	*  26 UMa	143.705962	52.051479	4.463
47013	*  22 UMa	143.723031	72.205680	5.768
47029	HD  82741	143.765957	39.621493	4.8
47039	HD  83108	143.799266	-35.823750	6.47
47070	HD  83104	143.890834	-19.583396	6.31
47080	*  11 LMi	143.914592	35.810133	5.34
47096	*   7 Leo	143.970349	14.379594	6.303
47119	HD  82327	144.028226	74.318808	6.444
47145	HD  83368	144.105940	-48.751178	6.23
47168	HD  83069	144.178553	31.161760	5.56
47172	HD  83465	144.192873	-52.943668	6.177
47175	* M Vel	144.206413	-49.355025	4.35
47187	HD  83332	144.250864	-25.296760	5.68
47189	*   8 Leo	144.260757	16.437952	5.732
47193	HD  81817	144.272032	81.326381	4.255
47199	HD  83380	144.291221	-32.178677	5.63
47204	HD  83520	144.302716	-53.668509	5.467
47205	*  10 Leo	144.302831	6.835822	5.009
47224	HD  83441	144.368336	-36.095994	5.95
47231	HD  82969	144.406290	60.213683	6.41
47242	HD  83352	144.441397	-3.170640	6.46
47249	*  34 Hya	144.464611	-9.424448	6.39
47260	HD  82685	144.484177	73.080394	6.38
47267	* y Vel	144.506048	-43.190940	5.5
47300	*  42 Lyn	144.590735	40.239793	5.276
47310	*   2 Sex	144.613702	4.649293	4.68
47391	* m Car	144.837547	-61.328050	4.498
47401	HD  83126	144.866144	67.272229	5.947
47422	HD  84046	144.938031	-62.942924	6.403
47427	*  37 Hya	144.947545	-10.570272	6.32
47431	* iot Hya	144.964006	-1.142811	3.91
47452	* kap Hya	145.076513	-14.332289	5.052
47454	HD  83731	145.083642	-10.769184	6.356
47479	HD  84121	145.177343	-57.983509	5.307
47498	HD  84152	145.259201	-57.259517	5.794
47508	* omi Leo	145.287634	9.892308	3.52
47521	HD  83564	145.319712	55.866490	6.49
47522	* I Hya	145.320861	-23.591514	4.76
47544	V* DR Leo	145.396319	31.277813	5.84
47550	*  13 Leo	145.410352	25.912877	6.249
47559	HD  84228	145.449695	-55.213762	5.98
47570	*  43 Lyn	145.501427	39.757853	5.61
47591	V* V486 Car	145.554026	-66.914819	6.32
47592	HD  84117	145.560068	-23.915567	4.94
47594	HD  83489	145.561755	69.237534	5.717
47627	HD  84224	145.672301	-35.501709	6.383
47631	*  13 LMi	145.678078	35.093372	6.14
47633	HD  83869	145.679559	48.431003	6.37
47654	*  27 UMa	145.738287	72.252618	5.142
47664	HD  83886	145.778938	54.363701	6.477
47694	HD  84400	145.864951	-51.228137	6.168
47701	* f Leo	145.888583	29.974477	5.621
47717	* O Vel	145.925977	-53.891282	5.544
47723	* psi Leo	145.932945	14.021703	5.35
47758	* tet Ant	146.050396	-27.769473	4.79
47779	HD  84252	146.125019	18.863491	6.47
47791	HD  83962	146.152286	64.984108	6.21
47854	* l Car	146.311715	-62.507903	3.75
47868	HD  84567	146.341697	-30.202749	6.45
47884	HD  83550	146.379111	78.134708	6.236
47893	V* V487 Car	146.419230	-57.186042	6.471
47908	* eps Leo	146.462807	23.774254	2.98
47913	HD  84850	146.482113	-58.793829	6.211
47943	HD  84542	146.541847	6.708556	5.79
47956	* nu. Cha	146.585964	-76.776119	5.44
47959	*  18 Leo	146.597197	11.810043	5.644
47960	HD  84607	146.598377	1.785588	5.64
47963	HD  84816	146.626544	-44.755060	5.55
47965	*  44 Lyn	146.631936	57.128069	5.2
48002	* ups Car	146.775507	-65.072007	2.99
48017	HD  83727	146.825020	79.136632	6.09
48023	HD  84680	146.842476	23.647686	6.49
48029	*  19 Leo	146.858186	11.568166	6.445
48113	*  15 LMi	147.147381	46.021007	5.1
48119	HD  85250	147.166660	-56.411891	6.047
48191	HD  85206	147.367015	-37.186764	5.946
48218	*  20 Leo	147.458726	21.179422	6.077
48219	HD  85296	147.463947	-36.268462	6.362
48224	* u Vel	147.488086	-45.732737	5.084
48266	HD  84812	147.598271	65.593227	6.262
48287	HD  85483	147.674719	-46.933919	5.711
48310	HD  85656	147.731593	-62.745117	5.56
48319	* ups UMa	147.747325	59.038734	3.81
48320	HD  86320	147.753394	-80.061048	6.49
48324	*  23 Leo	147.758267	13.066239	6.45
48339	HD  85655	147.800314	-59.425777	5.778
48341	*   6 Sex	147.808465	-4.243350	6.016
48348	HD  85563	147.832187	-46.193821	5.617
48351	HD  85380	147.840067	-6.181926	6.42
48356	* ups01 Hya	147.869479	-14.846629	4.11
48374	* m Vel	147.919451	-46.547622	4.58
48396	HD  85519	147.998065	-16.534793	6.074
48402	* phi UMa	148.026477	54.064332	4.557
48413	HD  85505	148.049925	0.075602	6.329
48437	* gam Sex	148.126822	-8.105035	5.07
48455	* mu. Leo	148.190904	26.006951	3.88
48468	HD  85725	148.241782	-27.332173	6.29
48469	HD  85871	148.250387	-55.373207	6.491
48519	HD  85709	148.428851	5.958576	5.95
48527	HD  85953	148.458746	-51.146710	5.932
48559	HD  85859	148.551320	-25.932330	4.88
48561	HD  85980	148.573563	-45.283513	5.81
48584	HD  85905	148.632565	-22.487457	6.213
48613	HD  86087	148.713461	-50.243960	5.705
48615	HD  85951	148.717519	-19.009339	4.94
48638	HD  85583	148.763989	61.116124	6.286
48682	*  31 UMa	148.929174	49.819843	5.269
48706	HD  86211	149.022218	-40.824545	6.392
48715	HD  86606	149.040555	-71.389300	6.33
48730	HD  86352	149.091230	-51.336156	6.377
48734	*  10 Sex	149.108230	8.933156	5.848
48748	HD  86267	149.147891	-33.418497	5.818
48763	HD  86266	149.195195	-26.549672	6.28
48774	* phi Vel	149.215587	-54.567788	3.45
48776	V* BF Ant	149.225384	-27.475155	6.312
48782	HD  86659	149.249204	-69.101803	6.178
48799	V* IV Vel	149.295583	-52.638782	6.115
48802	HD  85945	149.306715	57.418205	5.959
48833	*  19 LMi	149.421060	41.055632	5.104
48835	HD  86523	149.427494	-48.414089	6.05
48839	HD  86341	149.432933	-1.941753	6.46
48861	HD  86166	149.486866	45.414303	6.324
48876	*  11 Sex	149.531793	8.313978	6.033
48883	* nu. Leo	149.555731	12.444806	5.26
48893	HD  85841	149.594771	72.879472	5.835
48895	HD  86358	149.608495	27.758999	6.46
48926	* eta Ant	149.717814	-35.890973	5.222
48943	HD  86612	149.776268	-23.950769	6.25
48982	HD  86513	149.900893	29.645231	5.744
49005	HD  86378	149.965363	56.811806	5.485
49029	* pi. Leo	150.053358	8.044220	4.7
49065	* mu. Cha	150.182474	-82.214670	5.52
49081	*  20 LMi	150.252737	31.923670	5.37
49092	HD  87122	150.299940	-56.096567	6.412
49137	HD  87152	150.419614	-53.364113	6.181
49160	HD  87238	150.491870	-57.349789	6.191
49164	HD  87283	150.500401	-60.420891	5.928
49220	HD  87015	150.703957	21.949257	5.663
49223	HD  87438	150.705878	-62.156667	6.371
49233	HD  87436	150.749760	-60.178676	6.19
49259	HD  87363	150.835755	-46.636189	6.101
49293	HD  87262	150.920777	-9.573790	6.097
49321	HD  87344	151.011732	-18.101402	6.228
49329	*  13 Sex	151.035133	3.201055	6.429
49339	HD  87427	151.087256	-24.285540	5.701
49343	HD  87477	151.097345	-39.975860	6.409
49363	HD  87141	151.151344	53.891714	5.708
49394	HD  87652	151.257640	-51.313617	6.24
49402	* ups02 Hya	151.281123	-13.064626	4.588
49408	HD  87243	151.293253	52.371313	6.35
49418	HD  87606	151.313667	-36.384384	6.268
49445	HD  87500	151.420524	15.757509	6.36
49477	HD  87816	151.530043	-52.187939	6.492
49530	*  14 Sex	151.697603	5.611493	6.187
49569	HD  87808	151.789581	-17.141733	5.582
49583	* eta Leo	151.833135	16.762663	3.41
49593	*  21 LMi	151.857343	35.244696	4.49
49619	HD  88015	151.898819	-48.260820	6.384
49637	*  31 Leo	151.976125	9.997507	4.38
49641	* alf Sex	151.984516	-0.371670	4.49
49642	V* V495 Car	151.985952	-62.221417	6.44
49645	HD  88013	152.006894	-37.333457	6.327
49658	HD  87822	152.066197	31.604052	6.23
49669	* alf Leo	152.092962	11.967209	1.4
49688	HD  86321	152.143011	83.918387	6.31
49689	HD  88025	152.147599	-15.611938	6.244
49698	HD  88323	152.178131	-65.815477	5.258
49712	* Q Vel	152.234332	-51.811262	4.845
49751	V* S Car	152.341220	-61.549009	5.71
49769	HD  88218	152.382367	-35.856779	6.13
49802	HD  88182	152.485361	-12.095305	6.23
49809	HD  88215	152.524526	-12.815923	5.296
49812	*  17 Sex	152.531416	-8.408170	5.901
49841	* lam Hya	152.647036	-12.354127	3.61
49844	HD  88399	152.657160	-41.715247	5.965
49865	*  18 Sex	152.732753	-8.418459	5.618
49870	HD  88161	152.745711	40.661607	6.335
49893	HD  88231	152.803241	37.401900	5.842
49900	HD  88372	152.824017	-7.316622	6.225
49926	V* V368 Car	152.897745	-58.827765	6.4
49929	*  34 Leo	152.909215	13.355113	6.427
49934	HD  88661	152.943582	-58.060544	5.75
49967	HD  88522	153.011882	-28.605958	6.28
49994	HD  88693	153.095513	-52.163242	6.147
50013	HD  88595	153.158174	-19.153041	6.46
50027	*  19 Sex	153.201519	4.614677	5.781
50044	HD  88825	153.254779	-59.918087	6.087
50066	HD  88699	153.331023	-27.028914	6.21
50067	HD  88907	153.338248	-61.658830	6.41
50069	HD  88862	153.342869	-56.586697	6.46
50070	V* LW Vel	153.345184	-51.232970	5.265
50075	HD  88742	153.353038	-33.031721	6.38
50083	* M Car	153.377635	-66.372811	5.141
50099	* ome Car	153.434252	-70.037906	3.33
50103	HD  88809	153.441345	-40.346028	5.893
50109	HD  88639	153.457103	27.135824	6.05
50122	HD  88836	153.485657	-40.310774	6.325
50142	HD  88806	153.537334	-23.813946	6.357
50191	* q Vel	153.683982	-42.121941	3.85
50218	*  22 LMi	153.776412	31.468068	6.46
50222	V* U UMa	153.781945	59.985541	6.25
50232	HD  89104	153.819332	-54.974208	6.134
50234	HD  89015	153.836965	-36.517716	6.158
50241	HD  89062	153.881496	-43.112370	5.561
50287	HD  89263	154.013376	-59.903409	6.22
50292	HD  89033	154.037490	-11.203418	6.075
50303	*  23 LMi	154.060126	29.310474	5.488
50316	*  24 LMi	154.117010	28.682483	6.465
50332	V* GY Vel	154.167226	-51.204637	6.3
50333	*  37 Leo	154.169740	13.728334	5.41
50335	* zet Leo	154.172563	23.417317	3.41
50336	HD  89024	154.173989	25.370715	5.84
50371	* q Car	154.270731	-61.332305	3.35
50372	* lam UMa	154.274080	42.914414	3.45
50384	*  39 Leo	154.310576	23.106218	5.82
50391	HD  89328	154.334089	-46.834936	6.48
50414	* eps Sex	154.407511	-8.068913	5.24
50448	*  32 UMa	154.508445	65.108352	5.76
50456	HD  89353	154.531625	-28.991999	5.53
50480	HD  89461	154.617684	-41.668489	5.957
50492	HD  89442	154.657727	-36.804565	6.306
50493	HD  89569	154.657952	-56.110394	5.8
50509	HD  89268	154.744697	46.760776	6.4
50516	HD  89344	154.752942	24.712137	6.4
50520	HD  89715	154.771136	-64.676258	5.67
50536	HD  89455	154.820265	-12.528123	6.027
50552	HD  89490	154.884768	-5.106148	6.361
50555	V* GZ Vel	154.903136	-55.029305	4.543
50562	HD  89805	154.925126	-65.137238	6.3
50583	* gam Leo	154.993127	19.841485	2.01
50584	HD  89565	154.997838	-9.059003	6.308
50606	HD  89389	155.061693	53.779413	6.453
50609	HD  89736	155.069648	-47.699090	5.614
50635	HD  89414	155.129796	54.216839	6.012
50676	* J Vel	155.228315	-56.043238	4.51
50685	V* EN UMa	155.263920	68.747653	5.9
50693	HD  89747	155.283160	-17.984956	6.499
50728	HD  89816	155.369432	-23.710834	6.469
50755	*  42 Leo	155.459596	14.975773	6.163
50785	HD  90074	155.543420	-58.265569	6.35
50786	HD  89744	155.544008	41.229530	5.72
50790	HD  89911	155.553905	-19.866572	6.13
50799	* r Vel	155.581604	-41.649962	4.83
50801	* mu. UMa	155.582199	41.499538	3.05
50847	* L Car	155.742277	-66.901496	4.99
50851	*  43 Leo	155.751866	6.542643	6.08
50860	*  27 LMi	155.776371	33.908142	5.9
50868	HD  90071	155.804751	-30.162261	6.25
50885	*  25 Sex	155.860326	-4.074033	5.97
50887	*  24 Sex	155.868208	-0.902248	6.441
50888	HD  90132	155.872067	-38.009840	5.329
50893	HD  90057	155.886069	-3.642853	6.42
50903	HD  90170	155.919268	-41.953192	6.242
50904	HD  89993	155.924000	29.615854	6.367
50916	HD  90289	155.960962	-57.953932	6.325
50933	V* ET UMa	156.032695	65.566423	4.93
50935	*  28 LMi	156.035850	33.718530	5.503
50939	HD  90125	156.054905	2.368018	6.31
50954	* I Car	156.098773	-74.031611	4.01
50976	HD  90630	156.185467	-73.971732	6.174
50993	HD  90454	156.247575	-58.576302	5.93
51008	*  44 Leo	156.313315	8.784844	5.61
51014	HD  90393	156.321726	-42.467404	6.18
51046	HD  90362	156.434462	-7.059827	5.56
51047	*  29 LMi	156.437181	35.425428	6.47
51056	*  30 LMi	156.478396	33.796119	4.718
51069	* mu. Hya	156.522609	-16.836289	3.81
51077	HD  90518	156.540965	-42.738492	6.126
51117	*  26 Sex	156.653811	-0.988056	6.305
51140	HD  90677	156.703839	-54.877306	5.546
51161	HD  90472	156.752027	19.364535	6.132
51172	* alf Ant	156.787919	-31.067779	4.25
51192	V* V399 Car	156.851960	-57.638805	4.7
51194	HD  90874	156.855349	-65.704662	5.991
51200	HD  90470	156.866849	41.600991	6.007
51213	*  45 Leo	156.912454	9.762392	6.04
51232	* s Car	156.969707	-58.739406	3.81
51233	* bet LMi	156.970832	36.707210	4.21
51245	HD  90798	157.008730	-49.405802	6.086
51248	HD  90508	157.016179	48.784901	6.5
51265	HD  90966	157.076080	-63.164568	6.426
51290	HD  90602	157.152165	45.212212	6.357
51302	HD  90763	157.183163	-3.742391	6.032
51313	HD  91056	157.219062	-64.172280	5.27
51327	HD  91094	157.265609	-65.176245	6.418
51362	* del Sex	157.369595	-2.739076	5.18
51364	HD  90957	157.370721	-29.663833	5.565
51376	* del Ant	157.397412	-30.607065	5.56
51384	HD  89571	157.423457	84.251930	5.51
51401	*  35 UMa	157.476820	65.626231	6.309
51420	*  32 LMi	157.526865	38.925132	5.784
51425	V* V655 Car	157.536608	-66.984655	6.191
51437	* bet Sex	157.572835	-0.637032	5.1
51438	* K Car	157.583866	-71.992794	4.71
51448	HD  90745	157.610775	64.257688	6.09
51461	HD  91270	157.663519	-61.356477	6.401
51490	HD  91106	157.744849	-7.637548	6.2
51491	HD  91120	157.749321	-13.588471	5.58
51495	HD  91496	157.758585	-73.221493	4.92
51502	HD  90089	157.769616	82.558652	5.252
51523	* Y Vel	157.840920	-53.715484	4.89
51551	HD  91280	157.952825	-28.237101	6.03
51556	*  33 LMi	157.964064	32.379557	5.905
51560	* s Vel B	157.986004	-45.069654	5.99
51561	* s Vel A	157.989319	-45.066718	5.668
51576	* p Car	158.006105	-61.685332	3.27
51585	*  46 Leo	158.049056	14.137270	5.46
51610	HD  91437	158.140040	-44.618506	5.903
51623	HD  91533	158.199205	-58.666744	6.006
51624	* rho Leo	158.202793	9.306585	3.87
51635	* t Vel	158.236920	-47.003351	5.027
51656	HD  91434	158.302374	-13.404244	6.5
51658	HD  91312	158.307875	40.425546	4.715
51676	HD  91619	158.355788	-58.190149	6.26
51685	*  34 LMi	158.378796	34.988695	5.58
51718	*  44 Hya	158.503686	-23.745169	5.06
51732	HD  91767	158.552964	-60.987629	6.238
51775	*  48 Leo	158.700056	6.953750	5.07
51795	HD  91706	158.740414	-23.176246	6.098
51808	HD  91190	158.772876	75.712902	4.853
51814	*  37 UMa	158.790391	57.082635	5.148
51816	HD  91805	158.793385	-43.664587	6.1
51821	V* U Ant	158.803546	-39.562590	5.38
51835	HD  92209	158.853168	-76.308982	6.293
51839	* gam Cha	158.867106	-78.607789	4.12
51849	* r Car	158.897074	-57.557634	4.43
51852	HD  91790	158.911930	-18.568978	6.479
51866	HD  91969	158.955489	-58.224282	6.43
51883	HD  91075	159.008152	80.494630	6.46
51905	* phi02 Hya	159.069412	-16.344327	6.012
51912	* t01 Car	159.085498	-59.564394	5.088
51914	*  35 LMi	159.089254	36.326928	6.287
51933	HD  91889	159.134925	-12.230122	5.71
51979	HD  92036	159.307186	-27.412636	4.89
51984	HD  92155	159.317137	-53.855259	6.417
51986	* p Vel	159.325627	-48.225666	3.84
52004	HD  92207	159.362784	-58.733338	5.45
52009	V* U Hya	159.388637	-13.384542	4.82
52032	*  36 LMi	159.467775	34.078631	6.4
52043	HD  92287	159.511010	-57.256303	5.876
52085	* phi Hya	159.645615	-16.876565	4.903
52098	*  37 LMi	159.680053	31.976240	4.677
52102	* t02 Car	159.687484	-59.182996	4.87
52103	HD  92399	159.689074	-59.262415	6.48
52112	HD  92328	159.709642	-42.753443	6.114
52113	HD  92245	159.710066	-12.443624	6.045
52127	HD  92436	159.748418	-58.816854	5.979
52136	HD  92095	159.773565	53.668300	5.537
52150	HD  92682	159.816230	-74.493386	6.064
52154	* x Vel	159.826636	-55.603268	4.267
52160	HD  92536	159.845131	-64.111788	6.314
52221	V* V364 Car	160.047698	-65.100209	5.52
52273	HD  92589	160.214746	-35.741716	6.389
52308	HD  92740	160.322983	-59.676916	6.42
52316	*  33 Sex	160.350775	-1.741492	6.25
52338	HD  92354	160.451077	68.443501	5.729
52340	HD  93237	160.464668	-79.783288	5.969
52366	V* RX LMi	160.546954	31.696996	6.02
52370	HD  92938	160.558830	-64.466426	4.82
52391	HD  92770	160.630720	-13.974516	6.228
52405	HD  92964	160.669027	-59.215758	5.51
52407	HD  92845	160.679935	-32.715670	5.624
52419	* tet Car	160.739175	-64.394450	2.76
52422	*  40 LMi	160.757843	26.325564	5.506
52425	HD  92523	160.766836	69.076214	4.992
52452	*  35 Sex	160.837170	4.747666	5.79
52457	*  41 LMi	160.853988	23.188403	5.07
52468	* w Car	160.884540	-60.566621	4.545
52478	*  39 UMa	160.930527	57.199200	5.782
52484	HD  92884	160.954552	18.312987	6.5
52487	HD  93163	160.963309	-64.249042	5.748
52488	HD  93131	160.967741	-60.117783	6.48
52502	HD  93194	161.028755	-63.961075	4.789
52513	HD  92941	161.060615	19.758833	6.266
52520	HD  93344	161.083444	-70.859725	6.233
52526	HD  93206	161.095452	-59.993325	6.24
52535	HD  93372	161.112337	-72.443498	6.261
52537	HD  93359	161.134734	-70.855260	6.442
52577	V* VY UMa	161.266794	67.411383	5.95
52584	*  36 Sex	161.289405	2.487974	6.271
52633	* del02 Cha	161.445860	-80.540188	4.433
52638	*  42 LMi	161.466228	30.682308	5.352
52660	*  37 Sex	161.523667	6.373183	6.368
52678	HD  93540	161.568947	-64.514562	5.34
52679	HD  93502	161.571110	-60.602872	6.268
52685	*  41 UMa	161.593672	57.365913	6.34
52686	* m Leo	161.602275	18.891522	5.492
52689	* k Leo	161.605322	14.194645	5.478
52701	HD  93549	161.623284	-64.263237	5.229
52709	HD  93453	161.654759	-43.192674	6.28
52727	* mu. Vel	161.692396	-49.420260	2.69
52730	HD  93649	161.700322	-69.209787	6.35
52736	HD  93607	161.713412	-64.383473	4.83
52737	* b01 Hya	161.716894	-17.296875	5.44
52742	HD  93563	161.739473	-56.757192	5.23
52785	HD  93739	161.877519	-69.437733	6.35
52797	HD  93662	161.909985	-57.467410	6.248
52806	HD  93695	161.934656	-59.875256	6.47
52815	HD  93738	161.973069	-64.262835	6.452
52827	HD  93737	162.022528	-59.919163	6.015
52841	HD  93657	162.058795	-31.687847	5.858
52863	HD  93655	162.168981	-1.958896	5.93
52865	HD  93773	162.172789	-47.749897	6.5
52877	HD  93427	162.207794	65.132490	6.398
52882	*  43 LMi	162.238451	29.416056	6.149
52911	* l Leo	162.314293	10.545200	5.312
52922	HD  93943	162.351813	-59.323789	5.91
52929	HD  93551	162.369997	63.810025	6.43
52943	* nu. Hya	162.406201	-16.193647	3.11
52948	HD  93833	162.431215	-9.852691	5.842
52959	*  44 LMi	162.473860	27.973948	6.047
52965	HD  93905	162.487574	-34.058185	5.599
52980	*  41 Sex	162.575235	-8.897765	5.791
53035	HD  94014	162.772534	-3.092667	5.941
53043	*  43 UMa	162.795868	56.582257	5.661
53064	*  42 UMa	162.848839	59.320120	5.562
53100	HD  94275	162.945328	-57.272304	6.285
53141	HD  94180	163.057053	1.024973	6.37
53151	HD  94717	163.119299	-79.559438	6.338
53154	HD  94367	163.128525	-57.240405	5.25
53157	HD  94084	163.133577	52.503605	6.43
53167	HD  94237	163.150386	-0.201661	6.294
53229	*  46 LMi	163.327872	34.214892	3.83
53231	HD  94491	163.338193	-58.893453	6.25
53240	HD  94363	163.353995	-2.255170	6.117
53252	* b03 Hya	163.373051	-20.138729	5.24
53253	* u Car	163.373567	-58.853170	3.79
53259	HD  94386	163.387101	-15.445836	6.34
53260	HD  94508	163.389183	-56.420498	6.41
53261	*  44 UMa	163.393550	54.585127	5.111
53272	CD-70   756	163.425327	-70.720338	5.99
53273	* p01 Leo	163.432135	-2.129206	5.449
53295	* ome UMa	163.494754	43.189958	4.664
53316	HD  94481	163.574071	-13.758038	5.651
53334	HD  94683	163.623344	-61.826622	5.9
53355	*  48 LMi	163.675697	25.490724	6.187
53377	*  47 LMi	163.742412	34.034799	5.725
53379	V* KQ Vel	163.754222	-42.251101	6.11
53387	HD  94619	163.798229	-20.664962	6.444
53394	* T Car	163.821758	-60.517001	5.92
53411	HD  94724	163.863374	-43.020526	6.4
53417	*  54 Leo	163.903319	24.749717	4.32
53423	*  55 Leo	163.926650	0.736919	5.93
53426	*  46 UMa	163.934935	33.506929	5.034
53449	*  56 Leo	164.006118	6.185373	5.78
53465	HD  94669	164.060494	42.008155	6.034
53472	V* GX Leo	164.070220	22.351681	6.139
53492	*  50 LMi	164.143446	25.500244	6.354
53502	* iot Ant	164.179380	-37.137767	4.6
53530	V* IW Vel	164.282696	-50.765017	5.898
53546	HD  95208	164.315759	-75.099761	6.122
53589	V* U Car	164.450778	-59.732190	6.11
53699	HD  95221	164.807258	-33.737593	5.73
53701	HD  95324	164.808370	-61.320759	6.18
53702	* eta Oct	164.807324	-84.593894	6.185
53706	HD  95057	164.824452	51.882375	6.197
53723	HD  95234	164.878863	-16.353704	5.879
53726	HD  95129	164.886614	36.093101	6.0
53740	* alf Crt	164.943605	-18.298786	4.07
53761	HD  94860	164.986781	77.770173	6.184
53762	HD  95347	164.997408	-43.807110	5.799
53771	HD  95429	165.034490	-51.817802	6.143
53773	* i Vel	165.038601	-42.225858	4.39
53778	HD  95314	165.048720	-14.083369	5.857
53781	HD  95212	165.061270	45.526274	5.448
53798	HD  95233	165.106480	51.502101	6.39
53807	*  58 Leo	165.140196	3.617498	4.838
53811	HD  95509	165.151036	-53.111833	6.44
53818	HD  95456	165.169931	-31.839370	6.051
53824	* c Leo	165.186675	6.101445	4.977
53838	*  49 UMa	165.210072	39.212076	5.062
53849	HD  95441	165.239117	-15.792682	6.36
53860	HD  95256	165.273574	63.421098	6.358
53907	* p02 Leo	165.456985	-2.484590	4.75
53910	* bet UMa	165.460332	56.382434	2.37
53954	* b Leo	165.582399	20.179840	4.398
53963	*   8 Crt	165.601888	-26.831506	6.202
54027	HD  95771	165.810585	-0.752342	6.117
54029	HD  95808	165.811997	-11.303469	5.511
54030	HD  95857	165.816902	-31.960851	6.444
54038	HD  95572	165.864109	70.030738	6.43
54048	HD  95870	165.902217	-13.434914	6.343
54049	* p03 Leo	165.902466	-0.000831	5.927
54061	* alf UMa	165.931965	61.751035	1.79
54082	HD  96088	166.000966	-57.955338	6.13
54136	*  51 UMa	166.130118	38.241361	6.02
54137	HD  96113	166.130004	-47.679104	5.668
54173	HD  96146	166.225819	-35.804671	5.414
54182	* chi Leo	166.254283	7.336007	4.62
54185	HD  96224	166.267125	-49.392300	6.102
54204	* chi01 Hya	166.332927	-27.293624	4.912
54214	HD  96220	166.391587	-11.088934	6.086
54255	* chi02 Hya	166.489875	-27.287854	5.71
54264	HD  96407	166.523917	-51.212920	6.281
54289	HD  96568	166.601057	-64.839972	6.381
54291	HD  96484	166.614639	-50.956726	6.294
54294	HD  96544	166.622030	-58.675024	6.03
54301	* z Car	166.635110	-62.424114	4.606
54319	HD  96372	166.683452	17.737363	6.392
54327	HD  96706	166.707814	-70.877946	5.57
54360	*  46 Cen	166.819541	-42.638680	5.24
54380	HD  96660	166.892214	-48.639983	6.42
54388	*  64 Leo	166.915442	23.323763	6.468
54430	HD  96723	167.065734	-29.972489	6.453
54461	* z02 Car	167.141658	-61.947176	5.19
54463	* x Car	167.147453	-58.975039	3.83
54477	*  10 Crt	167.183292	-28.080654	5.421
54487	*  67 Leo	167.204533	24.658494	5.698
54522	V* CO UMa	167.329498	36.309380	5.74
54537	HD  96834	167.410418	43.207734	5.89
54539	* psi UMa	167.415868	44.498488	3.01
54540	V* EP UMa	167.415777	67.210210	6.061
54561	HD  97023	167.472475	-32.367529	5.766
54673	HD  97472	167.873087	-71.436191	6.335
54682	* bet Crt	167.914495	-22.825848	4.449
54688	HD  97244	167.932317	14.400154	6.295
54703	HD  97344	167.991001	-26.806116	6.43
54708	V* V532 Car	168.014749	-58.423357	6.33
54718	HD  97413	168.042457	-46.266756	6.27
54721	HD  97138	168.045586	68.271870	6.43
54725	HD  97393	168.061631	-32.433798	6.38
54742	* psi Crt	168.126549	-18.499861	6.105
54745	HD  97334	168.134793	35.814080	6.41
54746	HD  97495	168.137768	-49.100998	5.367
54749	HD  97428	168.144996	-21.749337	6.378
54751	* y Car	168.150055	-60.317626	4.62
54767	HD  97583	168.188362	-64.169770	5.219
54783	HD  97550	168.236315	-49.736097	6.109
54811	HD  97576	168.311189	-44.372218	5.761
54829	HD  97670	168.378261	-59.619317	5.74
54840	HD  97651	168.414138	-53.231815	5.74
54842	HD  97501	168.417051	41.088836	6.34
54849	* p05 Leo	168.439805	-0.069502	5.404
54863	HD  97605	168.507641	8.060695	5.793
54872	* del Leo	168.527089	20.523718	2.53
54879	* tet Leo	168.560024	15.429571	3.35
54929	HD  97866	168.725500	-43.733705	6.196
54951	*  72 Leo	168.800952	23.095509	4.63
55003	HD  98025	168.928120	-57.355882	6.418
55016	* n Leo	168.966167	13.307565	5.32
55084	* phi Leo	169.165416	-3.651603	4.45
55086	HD  97989	169.174376	49.476249	5.873
55106	HD  98088	169.242405	-7.134686	6.14
55130	HD  98161	169.300030	-38.014367	6.235
55133	HD  98176	169.309682	-41.934323	6.44
55137	*  75 Leo	169.322502	2.010556	5.18
55140	V* V535 Car	169.329348	-67.823516	6.054
55164	HD  98221	169.411911	-34.737375	6.428
55203	* ksi UMa	169.545550	31.529289	3.79
55219	* nu. UMa	169.619738	33.094306	3.49
55225	HD  98617	169.643349	-79.668649	6.352
55249	*  76 Leo	169.728998	1.650395	5.904
55266	*  55 UMa	169.782859	38.185593	4.8
55280	HD  98560	169.818473	-64.582490	5.99
55282	* del Crt	169.835197	-14.778540	3.56
55308	HD  98672	169.902201	-75.142447	6.258
55332	HD  98671	169.961456	-72.958290	6.46
55350	HD  98695	170.017148	-71.994339	6.412
55412	HD  98499	170.224157	67.100750	6.201
55425	* pi. Cen	170.251738	-54.491101	3.9
55434	* sig Leo	170.284141	6.029322	4.04
55485	HD  98673	170.455370	57.074856	6.44
55497	HD  99015	170.487049	-77.608369	6.423
55528	HD  98892	170.596289	-44.645924	6.108
55560	*  56 UMa	170.706575	43.482698	5.03
55564	HD  98772	170.713515	64.330511	6.03
55581	HD  99022	170.783881	-56.779355	5.807
55588	HD  98993	170.802865	-36.164771	4.991
55595	HD  98960	170.824795	0.132045	6.029
55598	* lam Crt	170.841173	-18.780036	5.09
55642	* iot Leo	170.981055	10.529506	4.01
55645	HD  99145	170.985696	-57.880437	6.5
55650	*  79 Leo	171.009698	1.407763	5.386
55657	HD  99264	171.046363	-72.256608	5.583
55667	HD  99171	171.091891	-42.669100	6.12
55687	* eps Crt	171.152463	-10.859327	4.802
55705	* gam Crt	171.220515	-17.684012	4.06
55716	HD  99196	171.245519	11.430291	5.788
55756	HD  99322	171.372723	-36.063062	5.219
55763	HD  99333	171.387907	-37.747575	5.918
55765	*  81 Leo	171.401553	16.456537	5.572
55779	HD  99453	171.429769	-63.972477	5.17
55791	*  80 Leo	171.458569	3.860064	6.354
55797	HD  99283	171.487957	55.850458	5.7
55821	HD  99373	171.606488	33.450612	6.324
55831	HD  99556	171.647574	-61.115168	5.54
55846	*  83 Leo A	171.688841	3.013099	6.46
55849	HD  99574	171.696940	-53.159916	5.806
55874	* kap Crt	171.789649	-12.356749	5.923
55936	V* ST UMa	171.959908	45.185204	6.28
55941	HD  99651	171.973811	-1.699938	6.256
55945	* tau Leo	171.984331	2.856265	4.943
55953	V* QT Hya	171.994467	-35.328851	6.42
55979	HD  99872	172.076725	-72.473980	6.115
56000	HD  99803	172.146162	-42.674206	5.136
56034	*  57 UMa	172.267175	39.336976	5.354
56078	HD  99922	172.410913	-24.464021	5.813
56080	*  85 Leo	172.424349	15.413266	5.734
56083	HD  99859	172.431515	56.737574	6.278
56120	HD  99913	172.553626	54.362233	6.49
56127	* e Leo	172.578722	-3.003500	4.77
56135	V* EE UMa	172.603439	46.657532	6.302
56146	*  86 Leo	172.620948	18.409807	5.549
56148	*  58 UMa	172.629713	43.173241	5.942
56201	HD 100198	172.812691	-61.278469	6.4
56211	* lam Dra	172.850924	69.331076	3.85
56243	* omi01 Cen	172.941953	-59.442061	5.097
56245	HD 100219	172.948136	-20.776473	6.228
56250	* omi02 Cen	172.953331	-59.515647	5.14
56253	HD  99945	172.960555	81.127257	6.11
56287	HD 100382	173.083317	-66.961823	5.881
56293	HD 100307	173.097009	-26.746805	6.16
56318	HD 100343	173.198069	-7.827525	5.927
56319	HD 100378	173.200343	-40.436194	5.639
56332	*  18 Crt	173.225536	-31.087225	5.11
56343	* ksi Hya	173.250479	-31.857624	3.54
56364	HD 100418	173.311773	-16.280406	6.044
56379	HD 100546	173.356004	-70.194789	6.3
56388	HD 100456	173.401443	2.499031	6.48
56410	HD 100470	173.484519	36.815615	6.37
56452	*  20 Crt	173.622860	-32.831340	5.98
56473	*  90 Leo	173.677043	16.796915	5.94
56480	* A Cen	173.690235	-54.264093	4.607
56497	HD 100708	173.736878	-49.136485	5.5
56500	HD 100659	173.745434	-4.361289	6.41
56508	HD 100655	173.765638	20.441545	6.438
56510	HD 100615	173.770351	54.785399	5.628
56518	* C01 Cen	173.805343	-47.372579	5.675
56550	HD 100826	173.926402	-61.287871	6.24
56561	* lam Cen	173.945325	-63.019835	3.14
56573	* C02 Cen	173.981604	-47.641640	5.252
56601	HD 100808	174.074820	27.781342	5.81
56606	HD 100929	174.093186	-61.052434	5.819
56632	HD 100911	174.169680	-37.237186	6.286
56633	* tet Crt	174.170455	-9.802223	4.673
56647	* ups Leo	174.237212	-0.823750	4.3
56656	HD 101021	174.252185	-61.283443	5.15
56657	*  23 Crt	174.255020	-32.988207	6.318
56675	* pi. Cha	174.315175	-75.896533	5.637
56700	* C03 Cen	174.391655	-47.747298	5.456
56716	HD 100858	174.426330	77.595699	6.486
56727	HD 101162	174.451576	-67.620379	5.929
56731	HD 101013	174.470837	50.618186	6.113
56754	HD 101189	174.530290	-61.826531	5.14
56756	HD 101112	174.540964	8.883791	6.19
56775	HD 101154	174.600287	-2.435904	6.29
56779	* ome Vir	174.615031	8.134294	5.36
56784	HD 101151	174.634679	33.625829	6.273
56789	*  60 UMa	174.639645	46.834214	6.076
56802	* iot Crt	174.666742	-13.201939	5.48
56816	HD 101150	174.704739	64.346968	6.5
56830	HD 101259	174.751843	-24.721094	6.42
56862	*  12 Mus	174.873192	-65.397805	5.095
56899	V* VX Crt	174.959726	-16.620229	6.19
56901	HD 101369	174.963002	-14.468524	6.198
56922	* omi Hya	175.053290	-34.744658	4.7
56944	HD 101391	175.114293	57.970405	6.335
56961	HD 101545	175.154180	-62.568102	6.38
56970	V* V914 Cen	175.177003	-53.968607	5.94
56975	*  92 Leo	175.196114	21.352727	5.255
56986	HD 101570	175.223474	-62.090102	4.92
56996	HD 101782	175.255451	-83.099938	6.328
56997	*  61 UMa	175.262568	34.201634	5.34
57001	HD 101563	175.285008	-29.196235	6.44
57013	HD 101615	175.332463	-43.095666	5.53
57029	*  62 UMa	175.392735	31.746049	5.75
57045	HD 101604	175.431237	55.172010	6.266
57047	*  26 Crt	175.433114	-32.499403	5.2
57079	HD 101695	175.514700	-20.294169	6.2
57092	HD 101805	175.562166	-75.227314	6.466
57111	*   3 Dra	175.618174	66.744906	5.308
57137	HD 101917	175.728884	-79.306391	6.378
57165	HD 101883	175.863282	-37.190161	5.966
57175	V* V810 Cen	175.879968	-62.489396	5.03
57211	HD 101995	175.970167	-62.878281	6.087
57214	HD 101933	175.979670	-6.677163	6.041
57240	HD 101980	176.054847	25.218321	6.02
57283	* zet Crt	176.190733	-18.350676	4.706
57322	HD 102150	176.302647	-49.069842	6.266
57328	* ksi Vir	176.320999	8.258114	4.842
57363	* lam Mus	176.401728	-66.728758	3.65
57371	HD 102232	176.433201	-45.690134	5.271
57380	* nu. Vir	176.464832	6.529375	4.04
57399	* chi UMa	176.512559	47.779404	3.72
57439	HD 102350	176.628429	-61.178400	4.1
57443	HD 102365	176.629469	-40.500357	4.88
57477	HD 102328	176.731760	55.628189	5.254
57497	HD 102397	176.779369	-35.906865	6.147
57507	HD 102438	176.815866	-30.286511	6.48
57512	V* V918 Cen	176.829755	-57.696501	5.407
57562	*   4 Vir	176.978730	8.245893	5.316
57565	*  93 Leo	176.996400	20.218931	4.52
57581	* mu. Mus	177.060563	-66.814910	4.728
57587	HD 102574	177.097865	-10.313104	6.226
57613	V* II Hya	177.187845	-26.749778	5.11
57629	HD 102634	177.255339	-0.318671	6.15
57632	* bet Leo	177.264910	14.572058	2.13
57646	HD 102660	177.311619	16.242880	6.036
57669	* j Cen	177.421114	-63.788472	4.308
57670	HD 102713	177.423812	34.931758	5.723
57696	HD 102839	177.485898	-70.225789	4.964
57732	HD 102845	177.581681	-15.863665	6.122
57741	HD 102878	177.613654	-62.649382	5.702
57749	HD 102888	177.654927	-27.277937	6.477
57757	* bet Vir	177.673827	1.764723	3.6
57779	HD 102910	177.730589	12.279036	6.367
57791	HD 102928	177.759290	-5.333332	5.622
57803	* B Cen	177.786213	-45.173470	4.46
57805	HD 102942	177.789627	33.375013	6.224
57819	HD 102990	177.841238	-12.187811	6.35
57841	HD 103026	177.923370	-30.834807	5.85
57851	HD 103079	177.963434	-65.205910	4.99
57870	HD 103101	178.042831	-56.987742	5.559
57936	* bet Hya	178.227173	-33.908130	4.28
57939	HD 103095	178.244864	37.718682	6.45
57971	HD 103266	178.361706	-35.066642	6.167
58001	* gam UMa	178.457697	53.694760	2.44
58002	V* IQ Vir	178.459488	0.552115	6.29
58041	HD 103400	178.547920	-57.410198	6.045
58057	HD 103437	178.607458	-37.748919	6.46
58082	HD 103462	178.677243	-25.713884	5.272
58085	HD 103482	178.685992	-66.376199	6.36
58103	HD 103516	178.750049	-63.279181	5.96
58110	*   6 Vir	178.763052	8.443942	5.569
58119	HD 103500	178.808568	36.756376	6.49
58158	*  29 Crt	178.917212	-28.477104	5.893
58159	* o Leo	178.918886	15.646819	5.522
58177	HD 103637	178.978210	-39.689517	6.131
58181	*  66 UMa	178.993405	56.598558	5.824
58188	* eta Crt	179.003975	-17.150824	5.16
58225	V* Z UMa	179.125942	57.871569	6.2
58242	HD 103746	179.182979	-47.072378	6.255
58259	HD 103736	179.221817	61.549212	6.2
58272	V* LV Hya	179.265607	-33.315459	6.189
58326	HD 103884	179.416697	-62.448748	5.557
58369	HD 103928	179.529891	32.273908	6.422
58379	HD 103961	179.563437	-56.317312	5.436
58427	HD 104035	179.698581	-64.339559	5.6
58436	HD 104039	179.726557	-25.908859	6.416
58445	HD 104055	179.763906	0.530680	6.176
58450	HD 104078	179.789045	-10.475899	6.48
58452	HD 104080	179.794501	-45.832222	6.337
58453	HD 104081	179.795260	-51.696762	6.031
58460	HD 104075	179.823051	33.167002	5.96
58469	HD 104111	179.856744	-62.830947	6.35
58484	* eps Cha	179.906568	-78.221838	4.88
58510	* b Vir	179.987140	3.655205	5.345
58512	HD 104179	179.989069	34.034748	6.488
58545	V* FR Cam	180.077516	80.853184	6.17
58574	HD 104307	180.175924	-21.837497	6.255
58576	HD 104304	180.185251	-10.446130	5.55
58587	*  31 Crt	180.213163	-19.658981	5.264
58590	* pi. Vir	180.218299	6.614319	4.642
58603	HD 104356	180.257244	-1.768166	6.316
58642	HD 104430	180.371636	-57.503779	6.142
58654	HD 104438	180.414425	36.042077	5.57
58697	HD 104555	180.584330	-85.631757	6.019
58706	HD 104570	180.618627	-71.488981	6.423
58720	HD 104600	180.657052	-69.192289	5.876
58741	HD 104625	180.715254	-7.683626	6.225
58758	* tet01 Cru	180.756253	-63.312929	4.32
58803	HD 104731	180.914885	-42.434058	5.15
58810	HD 104752	180.935440	-74.214095	6.45
58859	HD 104839	181.069603	-51.472515	6.47
58867	* tet02 Cru	181.080084	-63.165699	4.716
58874	HD 104904	181.117117	85.587131	6.265
58901	HD 104900	181.188582	-59.253251	6.2
58905	* kap Cha	181.193628	-76.519062	5.024
58921	HD 104933	181.238394	-60.968253	5.96
58948	* omi Vir	181.302216	8.733019	4.12
58989	HD 105043	181.415420	62.933119	6.13
59003	HD 105071	181.473417	-65.546876	6.303
59008	HD 105078	181.486093	-35.693920	6.226
59010	HD 105089	181.499227	-3.131591	6.364
59046	HD 105138	181.583020	-68.651405	6.226
59050	HD 105151	181.595875	-65.709446	6.06
59072	* eta Cru	181.720409	-64.613731	4.136
59151	HD 105340	181.957816	-75.367018	5.165
59173	HD 105382	182.021759	-50.661271	4.47
59184	* E Cen	182.061269	-48.692511	5.34
59196	* del Cen	182.089573	-50.722427	2.52
59199	* alf Crv	182.103405	-24.728876	4.01
59200	HD 105437	182.103046	-60.847130	6.184
59229	V* V788 Cen	182.224170	-44.325990	5.746
59232	HD 105521	182.227455	-41.231603	5.498
59291	HD 105678	182.446176	74.661355	6.34
59307	HD 105686	182.510619	-34.704744	6.17
59316	* eps Crv	182.531169	-22.619767	2.98
59352	*   3 Com	182.631837	16.809271	6.387
59353	HD 105776	182.640905	-37.870349	6.063
59364	HD 105805	182.692063	27.281506	5.987
59384	HD 105943	182.749915	81.709831	5.955
59389	HD 105822	182.755064	-68.260974	6.48
59394	*   3 Crv	182.765996	-23.602421	5.47
59396	HD 105841	182.771275	-61.277424	6.071
59439	HD 105920	182.881189	-51.359332	6.23
59449	* rho Cen	182.912999	-52.368440	3.96
59458	*  68 UMa	182.937106	57.054405	6.31
59468	*   4 Com	182.963236	25.870280	5.62
59489	HD 106022	183.004235	28.536313	6.457
59501	*   5 Com	183.038707	20.542062	5.55
59504	V* CO Cam	183.049769	77.616241	5.137
59517	HD 106068	183.091583	-62.950774	5.98
59588	V* V335 Hya	183.303935	-34.125277	6.47
59607	HD 106231	183.354320	-38.929186	5.75
59608	*  12 Vir	183.358080	10.262340	5.829
59647	HD 106248	183.485262	-78.573937	6.337
59654	* D Cen	183.511239	-45.723916	5.31
59678	HD 106343	183.570524	-64.408519	6.235
59708	*   1 CVn	183.680876	53.434627	6.171
59728	HD 106485	183.748235	-20.844235	5.807
59742	HD 106500	183.776664	-29.237257	6.49
59746	HD 106574	183.785383	70.200009	5.719
59747	* del Cru	183.786327	-58.748924	2.752
59750	HD 106516	183.793989	-10.312399	6.11
59767	V* UY UMi	183.834464	87.700118	6.259
59774	* del UMa	183.856499	57.032617	3.32
59785	HD 106572	183.876872	-41.913278	6.23
59796	V* DK Dra	183.922879	72.551197	6.29
59803	* gam Crv	183.951545	-17.541930	2.58
59819	*   6 Com	184.000777	14.899068	5.09
59831	*   2 CVn	184.031454	40.660179	5.66
59847	*   7 Com	184.085576	23.945407	4.86
59851	HD 106676	184.099225	-72.614499	6.196
59856	HD 106760	184.125557	33.061508	4.94
59895	HD 106819	184.263886	-16.693736	6.07
59898	HD 106797	184.276291	-65.692960	6.054
59920	HD 106884	184.373333	53.191332	5.81
59923	HD 106887	184.377391	28.937192	5.7
59929	* eps Mus	184.392815	-67.960737	4.02
59941	HD 106926	184.434416	15.144697	6.32
59950	HD 106922	184.446940	-36.093979	6.14
59984	HD 106976	184.539885	-3.948781	5.99
60000	* bet Cha	184.586770	-79.312234	4.229
60009	* zet Cru	184.609342	-64.003085	4.05
60018	HD 107054	184.631750	30.249047	6.226
60030	*  13 Vir	184.667990	-0.787184	5.897
60044	HD 107193	184.708272	75.160561	5.46
60059	* F Cen	184.749007	-55.142980	5.01
60066	V* FM Com	184.758438	26.008350	6.433
60087	*   8 Com	184.829971	23.034673	6.22
60122	*   3 CVn	184.952961	48.984146	5.29
60129	* eta Vir	184.976427	-0.666796	3.9
60157	HD 107295	185.044877	-22.175718	5.97
60168	HD 107326	185.073968	26.001875	6.1
60170	HD 107325	185.081987	26.619479	5.51
60172	* c Vir	185.087422	3.312571	4.96
60183	HD 107301	185.117591	-65.842658	6.186
60189	* zet Crv	185.140175	-22.215900	5.21
60202	*  11 Com	185.179274	17.792869	4.74
60210	HD 107415	185.202978	15.540996	6.45
60212	*  70 UMa	185.212012	57.864119	5.524
60221	HD 107418	185.232135	-13.565727	5.139
60260	* eps Cru	185.340034	-60.401148	3.57
60305	HD 107610	185.484375	47.182204	6.325
60308	HD 107543	185.489282	-56.374385	5.884
60320	* zet02 Mus	185.530579	-67.522104	5.146
60327	HD 107655	185.545112	24.773866	6.162
60329	* zet01 Mus	185.550121	-68.307336	5.723
60351	*  12 Com	185.626297	25.846158	4.81
60353	*  17 Vir	185.633492	5.305447	6.47
60379	HD 107696	185.705966	-57.676130	5.366
60417	HD 107773	185.807874	-67.631548	6.39
60418	HD 107794	185.814027	-4.974502	6.46
60421	V* TT Crv	185.828613	-11.812118	6.494
60425	*   6 Crv	185.839949	-24.840670	5.658
60449	* x01 Cen	185.897581	-35.412677	5.311
60454	HD 107833	185.903096	-39.302362	6.381
60455	V* R Cru	185.907041	-61.629126	6.42
60463	HD 107860	185.936448	-38.911378	5.782
60467	*   4 CVn	185.945884	42.542740	6.022
60468	HD 107869	185.949284	-30.335417	6.42
60485	*   5 CVn	186.006226	51.562257	4.761
60514	*  13 Com	186.077287	26.098589	5.18
60549	HD 107998	186.186330	-41.384293	6.327
60584	*  71 UMa	186.263367	56.777828	5.81
60589	HD 108150	186.276506	63.802779	6.308
60591	HD 108063	186.285492	-42.514313	6.094
60595	HD 108107	186.299019	-11.610589	5.926
60599	HD 108123	186.312952	23.926201	6.02
60601	HD 108054	186.323051	-65.769855	6.304
60603	HD 108110	186.326710	-27.749004	6.081
60610	* x02 Cen	186.340561	-35.186416	5.707
60638	HD 107739	186.409307	-86.150616	6.329
60646	*   6 CVn	186.462244	39.018616	5.01
60697	*  14 Com	186.600268	27.268239	4.95
60710	* G Cen	186.632334	-51.450636	4.808
60718	* alf Cru	186.649563	-63.099093	0.77
60729	HD 108309	186.700591	-48.913194	6.26
60735	HD 108323	186.715383	-32.830124	5.558
60742	* gam Com	186.734469	28.268422	4.34
60746	*  16 Com	186.747068	26.825702	4.959
60771	HD 108355	186.853441	-63.788985	6.023
60780	HD 108395	186.870151	-58.316448	6.33
60781	V* BL Cru	186.870319	-58.991771	5.5
60795	*  73 UMa	186.896263	55.712723	5.7
60804	HD 108471	186.925340	8.610344	6.342
60809	HD 108477	186.956030	-16.631844	6.294
60813	V* FT Vir	186.964781	-4.615277	6.21
60823	* sig Cen	187.009925	-50.230638	3.91
60851	HD 108501	187.080252	-64.340990	6.09
60855	* u Cen	187.093613	-39.041164	5.439
60861	HD 108530	187.107020	-61.794842	6.22
60870	HD 108570	187.139976	-56.407818	6.13
60904	*  17 Com	187.227926	25.912852	5.236
60941	*  18 Com	187.362677	24.108923	5.468
60957	*  20 Com	187.430167	20.896108	5.679
60965	* del Crv	187.466063	-16.515431	2.94
60969	HD 108732	187.475830	-56.524938	5.776
60978	*  74 UMa	187.488843	58.405741	5.347
60979	V* V928 Cen	187.491210	-41.735897	6.02
60992	*  75 UMa	187.517746	58.767775	6.065
60994	HD 108799	187.519893	-13.393190	6.49
60998	*   4 Dra	187.527758	69.201104	4.95
61015	HD 108821	187.572689	-23.696418	5.63
61071	*  21 Com	187.752335	24.567166	5.436
61084	* gam Cru	187.791498	-57.113213	1.64
61103	HD 108985	187.839228	7.604309	6.034
61134	HD 109014	187.911339	-5.052593	6.172
61136	*  35 Cru	187.918043	-59.423924	5.53
61158	HD 109000	187.983800	-63.505839	5.946
61172	HD 109074	188.018288	-32.533762	6.46
61174	* eta Crv	188.017610	-16.196005	4.294
61181	HD 108970	188.041566	-73.001057	5.874
61199	* gam Mus	188.116721	-72.132990	3.88
61208	HD 109132	188.136678	-21.212116	6.39
61212	HD 109141	188.149995	-13.859107	5.726
61246	*  20 Vir	188.261995	10.295670	6.28
61270	HD 109238	188.342694	-19.792485	6.254
61281	* kap Dra	188.370597	69.788239	3.89
61283	HD 109305	188.374237	38.069041	6.49
61295	*  22 Com	188.392580	24.282983	6.243
61296	HD 109272	188.392745	-12.830204	5.582
61309	HD 109317	188.412165	33.247582	5.38
61317	* bet CVn	188.435601	41.357478	4.25
61318	* q Vir	188.444786	-9.452077	5.48
61320	HD 109345	188.447560	33.384668	6.23
61328	HD 109312	188.496278	-49.909813	6.38
61359	* bet Crv	188.596812	-23.396760	2.64
61379	HD 109409	188.676640	-44.673019	5.76
61384	*   6 Dra	188.683414	70.021779	4.946
61394	*  23 Com	188.712803	22.629206	4.773
61404	V* BO Mus	188.726848	-67.756896	6.23
61415	*  24 Com B	188.776438	18.377092	6.276
61418	*  24 Com A	188.782336	18.377059	5.02
61420	HD 109519	188.784029	21.881386	5.86
61443	HD 109492	188.872680	-61.841527	6.22
61468	HD 109536	188.939716	-41.021947	5.114
61496	V* TU Crv	188.994983	-20.527477	6.184
61498	HD 109573	189.004299	-39.869506	5.774
61532	V* T UMa	189.097772	59.486939	5.5
61557	HD 109675	189.194154	-50.335399	6.39
61558	* f Vir	189.197309	-5.831901	5.88
61571	*  25 Com	189.243049	17.089535	5.66
61585	* alf Mus	189.295908	-69.135565	2.649
61621	HD 109799	189.426164	-27.138886	5.41
61622	* tau Cen	189.425684	-48.541305	3.86
61637	HD 109860	189.518398	3.282444	6.334
61658	V* FW Vir	189.593357	1.854661	5.71
61688	HD 109931	189.685888	-18.250103	5.982
61692	*   9 CVn	189.692820	40.874663	6.352
61703	HD 109867	189.718163	-67.193050	6.265
61719	HD 109996	189.759081	22.659498	6.37
61720	HD 109960	189.764379	-30.422373	5.866
61724	*  26 Com	189.780427	21.062583	5.49
61740	* chi Vir	189.811529	-7.995565	4.643
61748	V* AX CVn	189.820253	35.951958	6.385
61789	* l Cen	189.968871	-39.987302	4.64
61796	HD 110020	189.982716	-66.511136	6.252
61916	HD 110287	190.345770	-46.145583	5.816
61932	* gam Cen	190.379334	-48.959872	2.17
61936	*  76 UMa	190.391293	62.713040	6.02
61937	*  27 Vir	190.393300	10.426269	6.215
61941	* gam Vir	190.415118	-1.449404	2.74
61951	HD 110385	190.455803	-19.759095	6.03
61960	* rho Vir	190.471071	10.235626	4.88
61966	*  39 Cru	190.485705	-59.685821	4.94
61968	* d01 Vir	190.487989	6.806616	5.573
61981	V* R Mus	190.520942	-69.407555	6.33
62012	* w Cen	190.647714	-48.813110	4.66
62026	HD 110461	190.707348	-55.947028	6.057
62027	HD 110432	190.709443	-63.058626	5.31
62046	HD 110678	190.767201	61.155421	6.378
62058	HD 110506	190.788244	-56.176227	5.982
62081	HD 110575	190.859432	-40.177849	6.43
62084	HD 110532	190.868006	-58.902743	6.42
62103	HD 110646	190.908540	-1.576996	5.918
62128	HD 110653	190.994453	-36.349151	6.369
62131	HD 110666	191.002214	-28.323957	5.454
62170	HD 111112	191.108396	80.621020	6.34
62172	HD 110834	191.112913	44.103006	6.335
62207	*  10 CVn	191.247521	39.278916	5.95
62212	HD 110716	191.258562	-68.830754	6.162
62223	V* Y CVn	191.282609	45.440257	4.87
62267	* d02 Vir	191.404410	7.673325	5.207
62268	* iot Cru	191.408549	-60.981321	4.686
62322	* bet Mus	191.570017	-68.108116	3.04
62327	HD 110956	191.594644	-56.488815	4.62
62356	*  27 Com	191.661508	16.577688	5.12
62360	HD 111032	191.692616	-33.315483	5.869
62376	V* EP Vir	191.759623	5.950388	6.34
62394	*  34 Vir	191.806828	11.958087	6.09
62402	HD 111270	191.828960	62.781153	5.89
62421	HD 111199	191.889265	-6.301752	6.26
62423	*   7 Dra	191.893097	66.790304	5.423
62434	* bet Cru	191.930287	-59.688772	1.25
62443	*  35 Vir	191.964220	3.572714	6.41
62448	HD 111226	191.973519	-24.851657	6.405
62500	HD 111295	192.109406	-27.597384	5.658
62512	HD 111456	192.164363	60.319733	5.831
62516	*  11 CVn	192.174180	48.466841	6.245
62541	*  29 Com	192.225888	14.122587	5.681
62561	HD 112014	192.277792	83.417839	5.85
62572	HD 112028	192.307228	83.412898	5.35
62576	*  30 Com	192.322711	27.552379	5.78
62600	HD 111572	192.408482	48.740025	6.495
62608	HD 111315	192.437334	-71.986241	5.543
62641	V* DT CVn	192.544750	37.516939	5.872
62653	HD 111591	192.572064	22.863410	6.43
62655	HD 111519	192.581190	-48.459544	6.257
62683	* p Cen	192.671514	-33.999348	4.894
62703	HD 111588	192.741157	-52.787428	5.7
62732	HD 111613	192.824900	-60.329789	5.72
62743	HD 111720	192.845551	-10.338209	6.471
62757	*  37 Vir	192.903707	3.056787	6.003
62763	*  31 Com	192.924667	27.540713	4.94
62786	HD 111774	192.987213	-39.680431	5.969
62788	V* MO Hya	192.991237	-26.738270	6.141
62799	HD 111775	193.022640	-48.094278	6.304
62807	*  32 Com	193.051071	17.073941	6.28
62821	HD 111790	193.102455	-53.829932	6.262
62825	HD 111893	193.114579	16.122495	6.285
62861	HD 111884	193.267353	-54.952474	5.908
62867	* e Cen	193.278776	-48.943313	4.33
62875	*  38 Vir	193.296487	-3.553098	6.11
62886	*  35 Com	193.323946	21.244947	4.91
62894	HD 111904	193.341227	-60.328489	5.77
62896	* n Cen	193.359132	-40.178914	4.27
62915	HD 112048	193.408861	-4.224639	6.439
62931	* kap Cru	193.453833	-60.376242	5.94
62933	*  41 Vir	193.457155	12.418395	6.241
62956	* eps UMa	193.507290	55.959823	1.77
62972	HD 112171	193.554520	33.534479	6.3
62983	HD 112131	193.577747	-11.648570	5.975
62985	* psi Vir	193.588179	-9.538989	4.8
63003	* mu.01 Cru	193.648434	-57.177925	4.04
63005	* mu.02 Cru	193.653684	-57.168665	5.2
63007	* lam Cru	193.663261	-59.146703	4.602
63024	V* TU CVn	193.735502	47.196722	5.84
63033	HD 112164	193.743931	-44.151932	5.89
63066	HD 112213	193.830966	-42.915733	5.445
63076	*   8 Dra	193.868952	65.438474	5.225
63090	* del Vir	193.900869	3.397469	3.38
63109	HD 112304	193.971847	-15.327024	6.174
63117	HD 112244	193.988057	-56.835806	5.32
63121	* alf01 CVn	194.001798	38.314853	5.6
63125	* alf02 CVn	194.006940	38.318376	2.88
63152	V* RY Dra	194.107963	65.994392	6.34
63165	HD 112219	194.132038	-72.185213	5.928
63204	V* V823 Cen	194.242594	-54.587355	6.485
63210	* H Cen	194.268131	-51.198754	5.159
63211	HD 112570	194.282482	46.176792	6.11
63220	HD 112495	194.302807	-12.066950	6.34
63243	HD 112519	194.388037	-22.753499	6.303
63297	HD 112826	194.578546	64.925533	6.44
63340	HD 113049	194.697249	75.472522	5.99
63355	*  36 Com	194.731012	17.409443	5.0
63414	* k Vir	194.914726	-3.811937	5.791
63432	*   9 Dra	194.979465	66.597269	5.368
63462	*  37 Com	195.068623	30.785022	4.88
63490	HD 112935	195.136008	-33.505096	6.007
63503	*  78 UMa	195.182081	56.366336	4.93
63533	*  38 Com	195.290064	17.123147	5.93
63608	* eps Vir	195.544154	10.959149	2.79
63613	* del Mus	195.567736	-71.548859	3.61
63688	HD 113120	195.772233	-71.475734	6.03
63724	* ksi01 Cen	195.888771	-49.527264	4.826
63820	V* V789 Cen	196.200980	-41.196324	6.249
63822	HD 113889	196.207272	73.024971	6.41
63849	V* V947 Cen	196.277745	-47.116908	6.426
63883	V* V1154 Cen	196.378242	-52.115661	6.418
63901	*  14 CVn	196.435148	35.798900	5.195
63916	HD 113847	196.467780	45.268552	5.637
63945	* f Cen	196.569599	-48.463291	4.691
63948	*  39 Com	196.588504	21.153395	6.057
63950	*  40 Com	196.594175	22.616187	5.61
63952	HD 113994	196.595344	62.041868	6.154
63972	HD 113778	196.646176	-41.588444	5.588
64003	HD 113852	196.726070	-35.862021	5.63
64004	* ksi02 Cen	196.727664	-49.906246	4.27
64022	*  41 Com	196.794708	27.624738	4.69
64033	HD 113823	196.851236	-59.860507	5.98
64053	HD 113902	196.909519	-53.459764	5.698
64077	HD 114092	196.973476	27.555956	6.14
64078	*  49 Vir	196.974220	-10.740409	5.151
64094	* tet Mus	197.029805	-65.306022	5.53
64108	HD 113694	197.085011	-78.446025	6.42
64117	HD 113919	197.115945	-67.796763	6.34
64122	* g Vir	197.135275	-8.984382	5.564
64166	* psi Hya	197.263608	-23.118044	4.934
64179	HD 114256	197.301811	10.022468	5.782
64181	HD 114203	197.309328	-9.538098	6.32
64212	HD 114357	197.411046	37.423120	5.99
64217	*  15 CVn	197.425133	38.533884	6.28
64224	*  50 Vir	197.438672	-10.329340	5.943
64226	HD 114326	197.449365	16.848612	5.87
64238	* tet Vir	197.487454	-5.539004	4.397
64241	* alf Com	197.497022	17.529455	4.32
64246	*  17 CVn	197.513400	38.498981	5.91
64320	V* V824 Cen	197.743469	-52.566898	6.026
64332	HD 114435	197.787004	-42.232900	5.772
64348	HD 114474	197.846733	-43.368555	5.231
64375	HD 114576	197.913325	-26.551723	6.5
64390	HD 114371	197.964337	-69.942016	5.906
64394	* bet Com	197.968308	27.878184	4.25
64395	HD 114461	197.971121	-63.302998	6.338
64407	*  53 Vir	198.014763	-16.198603	5.04
64408	HD 114613	198.013268	-37.803022	4.85
64417	HD 114724	198.035020	24.258041	6.29
64425	HD 114529	198.073221	-59.920563	4.593
64437	HD 115337	198.105970	80.471308	6.33
64445	HD 114780	198.137167	11.556100	5.77
64449	HD 114793	198.149628	18.751750	6.49
64466	HD 114570	198.203345	-66.226749	5.897
64472	HD 114707	198.211824	-42.699722	6.184
64478	HD 114630	198.232044	-59.816598	6.197
64515	HD 114772	198.347304	-50.699826	5.9
64540	HD 115004	198.428924	40.152885	4.94
64557	HD 114873	198.490335	-43.139109	6.147
64577	*  55 Vir	198.545396	-19.930946	5.33
64580	HD 114835	198.550362	-58.683939	5.9
64583	HD 114837	198.563103	-59.103237	4.93
64587	HD 114533	198.572207	-78.447454	5.839
64607	V* LN Vir	198.630348	11.331657	5.67
64623	HD 114971	198.680279	-48.957030	5.831
64651	HD 115050	198.789408	-36.371410	6.167
64661	* eta Mus	198.812230	-67.894591	4.78
64682	HD 114912	198.856656	-69.679283	6.371
64692	*  19 CVn	198.883124	40.855203	5.777
64725	*  57 Vir	198.994879	-19.943100	5.22
64751	HD 115319	199.059530	19.051733	6.45
64774	HD 115612	199.119315	68.407998	6.189
64779	HD 115365	199.134417	19.785298	6.423
64790	HD 115149	199.187102	-65.138259	6.08
64803	* r Cen	199.221383	-31.506201	5.11
64820	HD 115211	199.304221	-66.783439	4.846
64822	HD 115331	199.308046	-43.979499	5.803
64823	HD 115478	199.315116	13.675752	5.33
64838	HD 115488	199.374379	-0.676074	6.351
64844	*  20 CVn	199.385588	40.572607	4.698
64852	* sig Vir	199.401194	5.469884	4.8
64906	*  21 CVn	199.560456	49.682064	5.15
64924	*  61 Vir	199.601308	-18.311194	4.74
64927	HD 115723	199.615531	34.098308	5.78
64933	HD 115529	199.645273	-51.285776	6.173
64951	HD 115088	199.701153	-79.976018	6.33
64962	* gam Hya	199.730407	-23.171514	3.0
64979	HD 115810	199.767713	35.127981	6.02
64994	HD 115439	199.829092	-72.035605	6.044
65072	*  23 CVn	200.078963	40.150547	5.6
65108	HD 115778	200.145950	-59.772782	6.193
65109	* iot Cen	200.149220	-36.712305	2.73
65112	V* V964 Cen	200.157606	-52.747825	5.443
65129	HD 115842	200.201414	-55.800690	6.09
65144	HD 115912	200.240419	-46.880008	5.742
65183	HD 116061	200.374041	-19.489295	6.21
65198	HD 116160	200.423524	2.087239	5.687
65230	HD 116303	200.516345	43.903368	6.332
65241	*  64 Vir	200.540437	5.154754	5.873
65247	HD 116084	200.567859	-52.182953	5.91
65271	* J Cen	200.658055	-60.988381	4.509
65289	HD 115967	200.719184	-72.146717	6.05
65301	*  63 Vir	200.754644	-17.735275	5.354
65303	HD 116226	200.760831	-48.562790	6.36
65311	HD 116278	200.785967	-33.189879	6.21
65323	*  65 Vir	200.828723	-4.924428	5.858
65372	HD 116338	200.967144	-49.822811	6.464
65376	V* CL CVn	200.974707	37.033921	6.14
65378	* zet UMa	200.981419	54.925352	2.23
65381	HD 116429	200.987845	-20.924584	6.49
65387	* m Cen	201.002011	-64.535670	4.52
65417	HD 116594	201.127274	12.431825	6.44
65420	*  66 Vir	201.138536	-5.164001	5.749
65466	HD 116706	201.277825	23.854420	5.745
65468	* iot01 Mus	201.279662	-74.887819	5.04
65474	* alf Vir	201.298247	-11.161319	0.97
65477	* g UMa	201.306408	54.987960	4.01
65479	HD 116457	201.308027	-64.485149	5.312
65522	*  67 Mus	201.459588	-70.627253	5.651
65535	HD 116713	201.532501	-39.755086	5.09
65536	HD 117187	201.533607	72.391474	5.79
65545	HD 116831	201.547562	-1.192473	5.965
65550	HD 116957	201.569176	46.028057	5.873
65581	* i Vir	201.679861	-12.707663	5.25
65593	HD 116835	201.733818	-41.497561	5.656
65595	HD 117566	201.736681	78.643870	5.742
65606	HD 116836	201.776608	-49.143710	6.31
65621	HD 116873	201.811082	-40.162663	6.405
65630	HD 116862	201.836065	-49.381291	6.257
65639	*  69 Vir	201.863183	-15.973579	4.75
65678	HD 117242	201.998454	52.745588	6.345
65682	HD 117033	202.007838	-26.402236	6.49
65698	HD 117281	202.049123	50.587287	6.43
65721	*  70 Vir	202.107536	13.778788	4.97
65723	HD 117261	202.109339	40.729644	6.49
65728	HD 117376	202.112858	59.945787	5.4
65754	HD 117361	202.190963	50.718573	6.417
65755	V* EZ Mus	202.194945	-69.627121	6.179
65783	HD 117025	202.282958	-64.675801	6.07
65790	*  71 Vir	202.304169	10.818309	5.646
65796	HD 117267	202.312149	-1.364427	6.419
65810	* K Cen	202.355226	-51.165132	5.03
65835	V* R Hya	202.428251	-23.281320	4.97
65862	HD 117404	202.500337	7.178853	6.167
65892	*  72 Vir	202.607182	-6.470266	6.098
65936	* d Cen	202.761069	-39.407305	3.88
65951	HD 117710	202.815693	42.106153	6.065
65969	HD 117558	202.888201	-28.112737	6.478
65970	V* V659 Cen	202.889211	-61.582366	6.49
66006	* l Vir	202.991186	-6.255818	4.69
66015	*  73 Vir	203.011694	-18.728878	5.998
66019	HD 117597	203.022608	-38.398851	6.148
66060	HD 117718	203.143610	-29.565262	6.436
66065	HD 117716	203.149573	-28.692768	5.69
66086	HD 117876	203.200891	24.346744	6.1
66091	*  75 Vir	203.215178	-15.363013	5.529
66098	* h Vir	203.241965	-10.164999	5.21
66152	HD 117651	203.399462	-65.632687	6.354
66198	*  81 UMa	203.530439	55.348435	5.588
66200	* o Vir	203.533047	3.658969	4.94
66223	HD 118156	203.591107	38.789263	6.37
66234	*  24 CVn	203.613583	49.015972	4.7
66236	HD 117919	203.620654	-48.272162	6.319
66247	* y Vir	203.668542	-13.214325	5.932
66249	* zet Vir	203.673297	-0.595816	3.38
66251	HD 118686	203.678134	76.546709	6.47
66254	HD 118010	203.681566	-33.310855	6.462
66257	V* BH CVn	203.699203	37.182414	4.98
66320	*  80 Vir	203.880401	-5.396191	5.706
66326	HD 118266	203.889273	10.204961	6.486
66385	HD 118536	204.166239	49.486650	6.46
66400	HD 118349A	204.201889	-26.495197	5.78
66405	HD 118319	204.210712	-34.467838	6.476
66417	HD 118508	204.246176	24.613297	5.69
66427	HD 118338	204.275046	-44.143203	5.957
66435	HD 118904	204.295782	71.242249	5.496
66454	HD 118354	204.347817	-46.427898	5.889
66475	HD 118741	204.428865	50.714841	6.45
66521	HD 118384	204.531775	-58.414650	6.45
66522	HD 118660	204.532868	14.301926	6.489
66563	HD 118646	204.675296	-29.560868	5.81
66574	HD 118344	204.690483	-70.444831	6.097
66575	HD 118520	204.703971	-57.622716	6.0
66594	HD 118839	204.759518	18.265320	6.46
66607	HD 118285	204.799959	-75.683781	6.323
66613	HD 118970	204.812123	51.804213	6.48
66634	*  82 UMa	204.876866	52.921208	5.456
66640	HD 118889	204.894234	10.746273	5.58
66645	V* V765 Cen	204.920176	-39.747587	6.36
66656	HD 118799	204.952284	-40.051707	5.603
66657	* eps Cen	204.971907	-53.466391	2.3
66666	V* V744 Cen	204.999197	-49.949960	6.0
66681	HD 118666	205.044616	-64.576553	5.785
66690	HD 119035	205.064908	31.012036	6.2
66700	V* CQ UMa	205.089103	57.207604	6.273
66704	HD 119124	205.096800	50.519415	6.32
66725	HD 119081	205.162823	28.065162	6.18
66727	*   1 Boo	205.168622	19.955718	5.76
66738	*  83 UMa	205.184470	54.681635	4.66
66753	* kap Oct	205.231181	-85.786042	5.555
66763	*   2 Boo	205.259777	22.495771	5.58
66798	HD 119476	205.374553	64.822411	5.85
66803	* m Vir	205.403209	-8.702980	5.01
66825	V* T Cen	205.439848	-33.597378	6.05
66849	HD 118978	205.504518	-58.787088	5.372
66878	HD 120565	205.596598	82.752420	5.913
66892	HD 119445	205.620027	41.674285	6.289
66903	HD 120084	205.663340	78.064439	5.899
66907	HD 119458	205.680957	34.989021	5.96
66923	HD 119193	205.727640	-50.790235	6.41
66924	HD 119250	205.729172	-41.401100	5.956
66925	HD 119159	205.733793	-56.767968	6.0
66936	*  84 Vir	205.765466	3.537900	5.423
66984	HD 119361	205.917018	-42.067521	5.97
66992	HD 119584	205.938181	22.700425	6.09
67004	HD 119537	205.975989	-5.498937	6.498
67005	HD 119765	205.978242	52.064413	6.018
67008	HD 119283	205.988943	-59.235985	6.49
67036	V* V827 Cen	206.066677	-51.012451	6.44
67057	*  83 Vir	206.124278	-16.179073	5.567
67071	HD 119623	206.190266	-25.500934	6.205
67104	HD 119784	206.305979	10.325307	6.41
67139	*  85 Vir	206.396113	-15.767469	6.179
67143	HD 119752	206.403713	-26.116010	5.795
67153	* i Cen	206.421850	-33.043717	4.23
67194	HD 120047	206.556440	41.088745	5.877
67199	HD 119727	206.560393	-54.683367	6.42
67210	HD 120048	206.579424	38.503623	5.919
67231	*  84 UMa	206.648570	54.432679	5.675
67234	* M Cen	206.664080	-51.432757	4.632
67239	*   3 Boo	206.680514	25.702237	5.965
67244	* z Cen	206.734799	-36.251933	5.147
67250	HD 120164	206.749061	38.542696	5.501
67271	HD 120033	206.805802	-9.709447	6.049
67275	* tau Boo	206.815576	17.456892	4.49
67288	*  87 Vir	206.855797	-17.859838	5.43
67292	HD 119938	206.865157	-50.249287	5.91
67301	* eta UMa	206.885157	49.313267	1.86
67304	HD 119971	206.910579	-50.320688	5.446
67384	HD 120420	207.161397	31.190207	5.57
67457	* g Cen	207.361341	-34.450774	4.19
67459	* ups Boo	207.369339	15.797905	4.07
67464	* nu. Cen	207.376152	-41.687709	3.386
67472	* mu. Cen	207.404120	-42.473733	3.43
67480	* e Boo	207.428437	21.264101	4.91
67483	HD 120600	207.437192	36.632829	6.43
67485	HD 120787	207.439654	61.489307	5.964
67494	*  89 Vir	207.467845	-18.134169	4.959
67523	HD 120455	207.527119	-29.081323	6.186
67537	HD 120457	207.580817	-39.900858	6.431
67545	HD 120602	207.602828	5.497221	5.993
67548	HD 120874	207.615599	58.539457	6.46
67605	HD 120819	207.788399	34.664398	5.87
67627	* i Dra	207.857965	64.723281	4.66
67648	HD 120672	207.902064	-36.433280	6.347
67663	HD 120640	207.946731	-46.898667	5.752
67664	HD 120404	207.947642	-69.401258	5.727
67665	V* AW CVn	207.947812	34.444240	4.74
67696	HD 120759	208.004088	-31.619165	6.21
67703	* N Cen	208.020260	-52.811530	5.257
67714	HD 120934	208.076693	12.165138	6.098
67778	HD 121197	208.285151	40.337975	6.479
67782	HD 121164	208.292841	28.648132	5.909
67786	* h Cen	208.302243	-31.927620	4.73
67787	*   7 Boo	208.303875	17.932869	5.709
67836	HD 120908	208.429556	-53.373321	5.873
67848	*  86 UMa	208.462558	53.728676	5.695
67851	HD 121056	208.466922	-35.314359	6.19
67861	HD 120991	208.488499	-47.128164	6.1
67890	HD 121156	208.569336	-28.569616	6.045
67927	* eta Boo	208.671162	18.397721	2.68
67929	* p Vir	208.675605	-1.503123	5.159
67942	HD 120913	208.704627	-67.652101	5.705
67973	HD 121190	208.800593	-52.160821	5.71
68002	* zet Cen	208.884940	-47.288375	2.55
68009	HD 120213	208.911982	-82.666191	5.94
68065	HD 121682	209.043582	32.032595	6.3
68079	HD 121416	209.082401	-46.592949	5.815
68092	*  92 Vir	209.116153	1.050581	5.898
68101	HD 121384	209.137265	-54.704662	6.01
68103	*   9 Boo	209.142421	27.492081	5.0
68177	HD 121699	209.365523	-23.022631	6.132
68191	HD 121474	209.412015	-63.686698	4.701
68224	HD 121758	209.495316	-25.998081	6.42
68245	* phi Cen	209.567776	-42.100757	3.802
68269	*  47 Hya	209.629777	-24.972252	5.15
68270	HD 121557	209.630153	-65.800667	6.24
68276	*  10 Boo	209.662179	21.696200	5.748
68279	HD 121980	209.666279	14.649274	5.999
68282	* ups01 Cen	209.669786	-44.803586	3.87
68333	HD 121853	209.822850	-50.369648	5.927
68380	HD 122106	209.955315	-3.549802	6.394
68390	*  48 Hya	210.000503	-25.010405	5.77
68413	HD 121901	210.072463	-61.481027	6.469
68431	HD 121439	210.136714	-78.589981	6.079
68455	HD 121932	210.218520	-66.268911	5.948
68478	*  11 Boo	210.293670	27.386596	6.221
68493	HD 122210	210.329399	-40.221938	6.108
68498	HD 122365	210.335110	8.894894	5.973
68516	HD 122443	210.403376	17.668388	6.384
68520	* tau Vir	210.411640	1.544531	4.237
68523	* ups02 Cen	210.431279	-45.603410	4.33
68537	HD 122909	210.461040	68.678675	6.329
68567	HD 122675	210.550787	45.753458	6.269
68581	HD 122430	210.594926	-27.429776	5.469
68594	HD 122563	210.632690	9.686096	6.19
68637	HD 122866	210.748990	50.971807	6.15
68643	HD 122577	210.766956	-17.367014	6.31
68670	HD 122438	210.860443	-56.213434	5.923
68673	V* V828 Cen	210.864448	-41.423342	6.088
68682	HD 122742	210.884754	10.786762	6.268
68687	HD 122744	210.903192	7.546170	6.239
68702	* bet Cen	210.955856	-60.373035	0.58
68705	HD 122703	210.971209	-22.421598	6.299
68707	HD 122797	210.982314	4.900972	6.238
68739	HD 122815	211.060670	-5.381419	6.387
68756	* alf Dra	211.097323	64.375870	3.68
68763	HD 122837	211.112418	-14.971704	6.344
68776	HD 122910	211.155947	2.297532	6.27
68815	* tet Aps	211.332837	-76.796762	5.5
68842	HD 122844	211.443651	-54.669363	6.204
68862	* chi Cen	211.511533	-41.179633	4.343
68872	HD 123004	211.545439	-43.091700	6.176
68895	* pi. Hya	211.592908	-26.682362	3.28
68902	HD 122879	211.604824	-59.715904	6.5
68933	* tet Cen	211.670615	-36.369955	2.05
68940	*  95 Vir	211.678430	-9.313515	5.453
68956	*   3 UMi	211.734853	74.593783	6.44
69011	HD 123247	211.920033	-48.704027	6.418
69038	V* BY Boo	211.982314	43.854452	5.28
69065	HD 123151	212.059569	-63.207951	6.389
69068	*  13 Boo	212.072095	49.458166	5.25
69090	HD 122862	212.113181	-74.850287	6.02
69107	HD 123977	212.191860	59.337647	6.471
69112	*   4 UMi	212.212192	77.547510	4.805
69113	HD 123445	212.216192	-43.470778	6.17
69122	V* V883 Cen	212.234388	-59.276710	6.339
69127	*  96 Vir	212.252471	-10.334547	6.46
69174	V* V869 Cen	212.395969	-51.504676	5.961
69191	HD 123569	212.478393	-53.438946	4.736
69226	* d Boo	212.599723	25.091677	4.83
69241	HD 123377	212.628754	-70.305461	6.04
69269	V* ET Vir	212.710363	-16.302031	4.91
69298	HD 123492	212.757828	-69.719315	6.065
69316	HD 124186	212.813003	32.295892	6.129
69340	HD 124115	212.880013	1.362397	6.408
69373	HD 124730	213.016707	69.432547	5.24
69389	V* CU Vir	213.065856	2.409429	5.02
69398	HD 124162	213.102362	-24.363355	6.344
69415	*  50 Hya	213.191762	-27.261186	5.08
69427	* kap Vir	213.223937	-10.273703	4.21
69458	HD 124281	213.305238	-26.612310	6.236
69462	HD 124147	213.318377	-53.665659	5.575
69483	* kap02 Boo	213.370865	51.789967	4.5
69491	V* V716 Cen	213.415932	-54.625628	6.09
69493	HD 124425	213.419959	-0.845464	5.9
69564	HD 124553	213.588785	-5.947720	6.36
69569	HD 124755	213.598116	41.518759	6.227
69585	HD 124678	213.648358	13.975449	6.44
69592	HD 124713	213.670679	21.873394	6.377
69598	HD 124433	213.677751	-41.837492	5.613
69612	*  15 Boo	213.711870	10.100610	5.32
69614	V* FS Vir	213.720917	3.335884	6.45
69618	HD 124367	213.738076	-57.086125	5.07
69623	HD 124576	213.755217	-29.281906	6.09
69655	HD 124454	213.838789	-53.509942	6.395
69658	HD 124683	213.850359	-18.200691	5.532
69671	HD 124580	213.911188	-45.000756	6.305
69673	* alf Boo	213.915300	19.182409	-0.05
69701	* iot Vir	214.003618	-6.000547	4.08
69713	* iot Boo	214.041374	51.367230	4.75
69727	HD 124915	214.089092	-6.621543	6.434
69732	* lam Boo	214.095910	46.088304	4.18
69735	HD 125111	214.101146	39.744710	6.376
69747	HD 124931	214.125692	-3.196298	6.141
69763	HD 124471	214.161313	-66.587897	5.75
69773	HD 124973	214.203061	-8.884475	6.47
69778	HD 124099	214.229785	-77.664221	6.472
69792	HD 124990	214.265792	-18.585701	6.219
69818	HD 125349	214.338080	51.307335	6.195
69829	V* CY Boo	214.368548	15.263380	5.8
69862	HD 125406	214.454997	48.002004	6.316
69879	* A Boo	214.499239	35.509512	4.796
69881	HD 125184	214.503028	-7.542392	6.5
69896	* eta Aps	214.557900	-81.007758	4.889
69929	V* CS Vir	214.659377	-18.715963	5.9
69958	HD 125632	214.732985	54.863782	6.48
69965	HD 125276	214.753732	-25.815425	5.87
69974	* lam Vir	214.777469	-13.371091	4.52
69977	HD 125279	214.779824	-27.141150	6.34
69989	*  18 Boo	214.817832	13.004301	5.396
69995	HD 125283	214.849500	-37.002907	5.925
69996	* iot Lup	214.850922	-46.058094	3.529
70012	* ups Vir	214.885332	-2.265516	5.14
70022	HD 125489	214.920627	0.384334	6.179
70029	HD 125642	214.948911	38.794050	6.31
70035	HD 125158	214.964595	-61.272974	5.23
70038	HD 125490	214.971664	-6.746159	6.44
70051	HD 125658	215.036102	30.429127	6.445
70054	HD 125383	215.040424	-43.058843	5.66
70069	* v Cen	215.081428	-56.386495	4.35
70090	* psi Cen	215.139302	-37.885292	4.034
70104	HD 125442	215.177424	-45.187058	4.77
70243	HD 125745	215.582165	-34.786791	5.568
70248	* eps Aps	215.596638	-80.108955	5.052
70264	HD 125628	215.654471	-58.459116	4.94
70300	* a Cen	215.759328	-39.511818	4.42
70306	* k Hya	215.774058	-27.754017	4.75
70319	HD 126053	215.813687	1.241567	6.27
70320	HD 125809	215.813970	-47.416963	6.39
70325	HD 125810	215.834388	-50.772251	6.09
70327	BD+09  2882	215.844564	8.446621	4.87
70336	*   2 Lib	215.856771	-11.714043	6.214
70363	HD 125869	215.952419	-53.176244	5.993
70384	HD 126200	216.003659	8.243968	5.93
70385	HD 126307	216.008252	27.413177	6.41
70400	HD 126248	216.047270	5.820128	5.094
70418	HD 124639	216.091937	-82.848242	6.417
70451	HD 126093	216.170053	-44.311135	6.43
70469	HD 126218	216.202603	-24.806310	5.332
70492	HD 125835	216.276362	-68.195334	5.62
70497	* tet Boo	216.299154	51.850744	4.05
70501	HD 126363	216.323305	-13.353163	6.49
70517	HD 126597	216.371466	38.393052	6.28
70528	HD 125990	216.415612	-66.172921	6.362
70538	HD 126400	216.449036	-26.852243	6.487
70574	* tau01 Lup	216.534268	-45.221423	4.553
70576	* tau02 Lup	216.545057	-45.379278	4.35
70580	HD 126386	216.556015	-42.318600	6.333
70602	* f Boo	216.614021	19.226900	5.394
70626	HD 126475	216.707805	-39.873985	6.346
70638	* del Oct	216.730134	-83.667885	4.304
70657	HD 126241	216.779528	-65.821647	5.828
70663	HD 126504	216.800642	-46.134194	5.811
70680	* 104 Vir	216.851603	-6.120344	6.161
70692	*   5 UMi	216.881436	75.695994	4.235
70753	* l Hya	217.043447	-29.491638	4.97
70755	* phi Vir	217.050579	-2.227958	4.84
70762	HD 127065	217.068499	36.197025	6.2
70794	* 106 Vir	217.173843	-6.900527	5.418
70798	HD 126610	217.181235	-59.197546	6.469
70809	HD 126759	217.216276	-47.992082	6.39
70874	HD 126209	217.404193	-76.729083	6.06
70892	HD 127304	217.456961	31.791189	6.05
70894	HD 127167	217.460490	0.828931	5.966
70915	HD 126981	217.535953	-45.321356	5.5
70931	HD 126983	217.587262	-49.519037	5.376
70949	HD 127337	217.689126	4.772286	6.007
70966	HD 127152	217.735901	-40.845124	6.374
70987	HD 127193	217.795165	-38.869711	5.983
71040	V* ER Dra	217.928380	60.225635	6.26
71053	* rho Boo	217.957456	30.371437	3.59
71075	* gam Boo	218.019465	38.308248	3.02
71094	HD 127726	218.084276	26.677289	6.0
71111	HD 128000	218.128872	55.397995	5.718
71115	*  26 Boo	218.135592	22.260057	5.897
71121	* sig Lup	218.154396	-50.457148	4.423
71154	HD 127624	218.290229	-30.715060	6.12
71168	V* CP Boo	218.334430	36.959014	6.39
71182	HD 127501	218.374869	-52.679519	5.87
71184	HD 127486	218.384865	-54.998622	5.87
71196	HD 129245	218.409557	79.660426	6.27
71243	HD 128093	218.548779	32.534479	6.306
71277	HD 128198	218.660416	36.626063	5.999
71280	V* CH Boo	218.665086	49.368354	5.74
71284	* sig Boo	218.670072	29.745127	4.47
71295	HD 127964	218.711368	-20.439382	6.481
71333	HD 127724	218.821015	-60.015642	6.384
71352	* eta Cen	218.876767	-42.157825	2.31
71353	HD 127971	218.881163	-41.517442	5.87
71406	HD 128402	219.028636	23.250360	6.37
71419	HD 128068	219.079296	-46.245451	5.55
71429	HD 128152	219.100433	-39.597417	6.141
71453	HD 128207	219.183884	-40.211582	5.736
71469	HD 128429	219.249150	-12.305297	6.2
71490	V* R Boo	219.298234	26.736571	6.2
71494	HD 128154	219.301740	-53.060783	6.49
71500	* a Lup	219.333986	-46.133439	5.431
71510	HD 128563	219.368669	2.277240	6.455
71530	HD 128020	219.442737	-67.932010	6.04
71536	* rho Lup	219.471776	-49.425828	4.05
71568	HD 128902	219.552454	43.642127	5.721
71571	HD 128750	219.558282	18.298378	5.91
71573	HD 128998	219.563423	54.023340	5.83
71577	HD 128415	219.573643	-49.901120	6.5
71581	HD 128488	219.580723	-38.794187	6.031
71618	*  33 Boo	219.709272	44.404502	5.387
71639	HD 128582	219.795193	-46.584476	6.07
71658	HD 128617	219.851970	-49.055321	6.39
71681	* alf Cen B	219.896096	-60.837528	1.33
71683	* alf Cen A	219.902058	-60.833993	0.01
71729	HD 129132	220.091121	21.975867	6.15
71746	HD 128713	220.136497	-56.440764	6.296
71759	HD 129153	220.176637	13.534323	5.925
71762	* pi.01 Boo	220.181495	16.418327	4.893
71783	HD 128974	220.255791	-36.134859	5.658
71795	* zet Boo	220.287298	13.728305	3.78
71832	*  31 Boo	220.411463	8.161765	4.862
71857	HD 129430	220.475991	21.123526	6.4
71860	* alf Lup	220.482316	-47.388199	2.286
71861	HD 128917	220.483251	-58.615831	6.204
71865	* b Cen	220.489961	-37.793495	4.0
71870	HD 128294	220.498791	-77.011452	6.34
71876	V* DL Dra	220.513535	61.261913	6.29
71908	* alf Cir	220.626753	-64.975133	3.19
71957	* mu. Vir	220.765100	-5.658201	3.88
71974	*   4 Lib	220.806464	-24.997753	5.73
71995	*  34 Boo	220.855677	26.527853	4.79
72000	HD 129092	220.867224	-62.966636	6.408
72010	* c01 Cen	220.914323	-35.173669	4.04
72012	HD 129846	220.935140	40.459253	5.73
72097	HD 129462	221.231150	-58.477494	6.098
72104	* c02 Cen	221.246673	-35.191829	4.924
72105	* eps Boo	221.246740	27.074222	2.45
72121	V* BU Cir	221.295665	-55.601641	6.089
72122	HD 129902	221.298780	-1.417530	6.07
72124	HD 130084	221.307132	32.788345	6.28
72125	* omi Boo	221.310252	16.964277	4.6
72131	HD 129422	221.322236	-62.875649	5.36
72135	HD 129624	221.328446	-51.314930	6.43
72139	HD 130025	221.335757	18.884956	6.145
72154	* 108 Vir	221.375852	0.717272	5.665
72194	*   5 Lib	221.490660	-15.459545	6.34
72208	V* EK Boo	221.524761	15.131781	5.63
72210	HD 129944	221.528212	-23.153031	5.803
72217	HD 129980	221.545332	-21.175962	6.43
72220	* 109 Vir	221.562181	1.892884	3.73
72250	HD 129858	221.620805	-47.441118	5.74
72290	* b Lup	221.755390	-52.383517	5.22
72296	HD 130055	221.771237	-38.290637	5.898
72308	HD 129932	221.802442	-52.205256	6.07
72310	HD 130157	221.806875	-21.324873	6.034
72323	*  55 Hya	221.843982	-25.624267	5.609
72338	HD 130073	221.883730	-43.556808	6.3
72357	*  56 Hya	221.936693	-26.087501	5.229
72370	* alf Aps	221.965463	-79.044754	3.798
72373	HD 130325	221.978965	-12.840009	6.32
72378	*  57 Hya	221.989820	-26.646170	5.764
72432	V* V768 Cen	222.158526	-36.634697	6.01
72438	HD 129954	222.185625	-66.593562	5.88
72449	HD 130557	222.225396	-0.847660	6.136
72471	HD 130227	222.279399	-56.667829	6.21
72487	* h Boo	222.327793	46.116204	5.757
72488	HD 130529	222.328100	-24.251469	5.692
72489	* mu. Lib	222.329380	-14.149021	5.31
72508	HD 131040	222.384925	51.374503	6.48
72518	HD 130021	222.404358	-68.936191	6.488
72552	HD 130917	222.493327	28.615831	5.8
72567	HD 130948	222.565879	23.911843	5.867
72571	* E Hya	222.572118	-27.960361	4.41
72603	* alf01 Lib	222.671550	-15.997210	5.16
72607	* bet UMi	222.676357	74.155504	2.08
72622	* alf02 Lib	222.719638	-16.041777	2.75
72629	HD 130970	222.750397	-0.257495	6.175
72631	*  11 Lib	222.754467	-2.299150	4.94
72659	* ksi Boo	222.847416	19.100472	4.593
72670	HD 129899	222.875151	-77.175971	6.44
72683	* omi Lup	222.909595	-43.575360	4.313
72702	*  10 Lib	222.963776	-18.355327	6.26
72772	HD 131117	223.137922	-30.577256	6.29
72773	*  26 Cir	223.146911	-63.809821	5.96
72800	HD 131120	223.212805	-37.803162	5.015
72833	HD 130458	223.306547	-73.190073	5.6
72846	HD 131473	223.347285	15.705163	6.38
72848	V* DE Boo	223.349023	19.152798	6.0
72929	*  12 Lib	223.583869	-24.642204	5.266
72934	* ksi01 Lib	223.595309	-11.898350	5.788
72959	HD 131432	223.657976	-33.300570	5.834
72965	* zet Cir	223.677442	-65.991105	6.09
72983	HD 130942	223.725145	-69.860959	6.37
73036	HD 131342	223.893999	-60.114165	5.18
73049	HD 131625	223.936285	-33.855783	5.312
73068	HD 132029	223.994135	32.300062	6.122
73087	HD 131951	224.055125	14.446261	5.892
73095	* c Lup	224.071880	-52.809551	5.386
73107	HD 131774	224.128611	-32.636784	6.058
73111	HD 131657	224.133556	-47.879196	5.64
73116	HD 131752	224.148982	-39.416005	6.357
73118	HD 131491	224.159745	-62.364417	6.391
73129	* tet Cir	224.183271	-62.781021	5.11
73133	* ksi02 Lib	224.192146	-11.409700	5.45
73165	*  16 Lib	224.295829	-4.346459	4.49
73166	HD 132146	224.298658	16.388127	5.715
73171	HD 131919	224.307119	-29.157677	6.283
73184	HD 131977	224.366670	-21.415480	5.72
73193	*   1 Ser	224.388547	-0.167612	5.512
73199	V* RR UMi	224.395873	65.932449	4.54
73223	* R Aps	224.470765	-76.662655	5.359
73241	HD 131923	224.536643	-48.862950	6.347
73273	* bet Lup	224.633022	-43.133964	2.68
73279	HD 132096	224.652205	-39.907175	6.163
73309	HD 132375	224.719924	-4.989253	6.08
73310	*  18 Lib	224.723256	-11.144017	5.857
73334	* kap Cen	224.790354	-42.104196	3.11
73341	HD 132238	224.808022	-37.881232	6.47
73350	HD 132525	224.846315	4.567761	5.93
73354	HD 132242	224.863287	-43.159851	6.095
73369	*  40 Boo	224.903946	39.265332	5.634
73394	HD 131551	224.982332	-75.032670	6.187
73415	HD 131425	225.047091	-77.160552	5.92
73454	HD 133029	225.161325	47.277442	6.351
73464	HD 132879	225.217820	22.045588	6.26
73473	* del Lib	225.243118	-8.518947	4.93
73493	HD 132604	225.304570	-38.058398	5.869
73497	HD 132833	225.332609	-2.754923	5.52
73507	HD 133388	225.362870	60.204462	5.92
73536	*   2 Ser	225.453838	-0.140298	5.71
73540	* pi.01 Oct	225.461659	-83.227647	5.641
73555	* bet Boo	225.486510	40.390569	3.52
73559	HD 132763	225.492009	-34.358877	6.208
73566	*  60 Hya	225.526805	-28.060613	5.824
73568	* ome Boo	225.527120	25.008139	4.81
73571	HD 132953	225.535734	-7.575301	6.373
73620	* 110 Vir	225.725157	2.091304	4.4
73624	HD 132955	225.746985	-32.643291	5.437
73634	HD 133392	225.775227	35.205794	5.513
73706	HD 133994	225.990693	65.919714	6.23
73714	* sig Lib	226.017562	-25.281970	3.21
73745	* psi Boo	226.111429	26.947648	4.55
73764	V* GM Lup	226.178755	-40.861345	6.4
73771	* pi.02 Oct	226.195514	-83.038311	5.645
73776	* eta Cir	226.200782	-64.031351	5.168
73807	* pi. Lup	226.280146	-47.051064	3.89
73826	HD 133340	226.329854	-41.067237	5.127
73841	* k Boo	226.357644	48.150970	5.577
73850	HD 133469	226.391272	-30.550863	6.48
73881	HD 133399	226.510060	-48.883393	6.467
73901	HD 133550	226.558059	-36.264602	6.269
73909	HD 134190	226.569656	54.556318	5.25
73927	HD 133670	226.613095	-22.031829	6.14
73937	V* HZ Lup	226.638324	-30.918482	5.977
73941	HD 134044	226.646439	36.456065	6.351
73945	* nu. Lib	226.656652	-16.256819	5.2
73953	*  22 Lib	226.704419	-16.484361	6.404
73966	HD 133518	226.733214	-52.029779	6.39
73980	HD 133049	226.784179	-71.904952	6.5
73996	* c Boo	226.825275	24.869194	4.93
74000	HD 134064	226.834869	18.441825	6.029
74006	HD 133631	226.858126	-49.088608	5.766
74026	HD 134047	226.918007	5.498059	6.17
74044	HD 133557	226.983974	-61.128692	6.5
74047	HD 133456	226.986511	-65.275451	6.166
74066	V* HR Lup	227.050516	-40.583932	5.79
74083	HD 134493	227.081406	50.054954	6.327
74087	* b Boo	227.099096	26.301154	5.669
74096	HD 134335	227.148178	25.108635	5.804
74100	HD 133937	227.163325	-42.867923	5.82
74117	* lam Lup	227.210887	-45.279861	4.05
74121	HD 134323	227.222972	13.235237	6.142
74181	HD 133792	227.356341	-63.642930	6.247
74184	HD 133683	227.374643	-67.084135	5.757
74224	HD 134255	227.530520	-38.792510	5.978
74239	HD 134373	227.577631	-26.332625	5.756
74272	HD 135384	227.685107	67.781051	6.18
74273	HD 134060	227.686429	-61.422322	6.285
74296	* ome Oct	227.786634	-84.787786	5.866
74305	HD 134270	227.816597	-55.346030	5.43
74336	HD 134444	227.895013	-45.277460	6.41
74376	* kap Lup	227.983639	-48.737825	3.7
74380	* kap02 Lup	227.990314	-48.743686	5.498
74386	HD 134943	228.017773	18.976030	5.89
74391	HD 134758	228.050046	-19.106484	6.49
74392	* iot Lib	228.055376	-19.791711	4.54
74395	* zet Lup	228.071231	-52.099249	3.41
74418	HD 134597	228.130013	-48.218993	6.332
74421	HD 133981	228.141579	-72.770601	6.019
74441	HD 135061	228.196551	10.702307	6.5
74449	* e Lup	228.206615	-44.500414	4.806
74470	HD 134468	228.254254	-61.743777	6.269
74479	HD 134837	228.281924	-36.091419	6.079
74490	HD 134946	228.322531	-24.008316	6.47
74493	* iot02 Lib	228.329973	-19.647576	6.066
74500	*  23 Lib	228.369446	-25.309348	6.46
74505	HD 135263	228.382793	22.983394	6.298
74514	HD 135402	228.398256	38.264698	6.187
74539	HD 135051	228.472137	-26.193574	5.857
74561	HD 135438	228.525178	31.787846	5.974
74571	HD 135530	228.542978	42.171405	6.13
74582	V* X TrA	228.579898	-70.079476	5.81
74596	* chi Boo	228.621495	29.164296	5.272
74600	*  26 Lib	228.640658	-17.768571	6.172
74604	* i Lup	228.655499	-31.519124	4.918
74623	HD 135367	228.710819	-5.502552	6.29
74649	*   3 Ser	228.797320	4.939355	5.337
74666	* del Boo	228.875678	33.314831	3.49
74689	*   4 Ser	228.954490	0.372138	5.623
74690	HD 135944	228.961279	50.938461	6.48
74695	HD 135615	228.973185	6.464838	6.46
74696	HD 135235	228.973638	-48.073685	5.958
74707	HD 135345	229.016746	-41.491166	5.171
74716	HD 135348	229.043586	-43.484997	6.034
74732	HD 135534	229.095878	-22.399414	5.506
74750	HD 135160	229.152874	-60.904000	5.81
74769	HD 135430	229.215772	-47.864551	6.45
74775	HD 135468	229.229025	-46.202357	6.45
74778	* del Cir	229.237066	-60.957256	5.09
74785	* bet Lib	229.251724	-9.382914	2.62
74793	*  11 UMi	229.274539	71.823902	5.015
74824	* bet Cir	229.378539	-58.801207	4.057
74837	* eps Cir	229.412054	-63.610468	4.849
74857	* f Lup	229.457657	-30.148666	4.33
74875	HD 135730	229.539314	-41.061162	6.277
74896	HD 136138	229.602113	20.572763	5.686
74901	HD 136028	229.608862	-0.461234	5.89
74911	* mu. Lup	229.633429	-47.875277	4.27
74929	HD 135896	229.672092	-31.209350	6.194
74941	HD 135591	229.704764	-60.496332	5.46
74946	* gam TrA	229.727422	-68.679547	2.89
74950	V* GG Lup	229.734894	-40.788221	5.604
75000	HD 136403	229.875199	32.514901	6.311
75003	HD 136014	229.882170	-37.097161	6.178
75018	V* R TrA	229.940470	-66.496040	6.39
75043	HD 136729	230.021464	51.958515	5.64
75049	* omi CrB	230.035661	29.616207	5.51
75091	HD 135737	230.168961	-67.481526	6.318
75093	HD 136751	230.173667	44.434378	6.14
75097	* gam UMi	230.182098	71.834025	3.002
75101	HD 136442	230.195921	-2.413336	6.331
75110	*  28 Lib	230.223658	-18.158661	6.17
75118	* omi Lib	230.255789	-15.548352	6.143
75119	*   6 Ser	230.258318	0.715336	5.393
75125	HD 136643	230.278666	24.958017	6.361
75127	HD 136479	230.281705	-5.824852	5.537
75141	* del Lup	230.342974	-40.647530	3.19
75143	V* S CrB	230.349814	31.367385	5.8
75164	HD 136334	230.397094	-40.749482	6.183
75177	* phi01 Lup	230.451540	-36.261373	3.546
75178	*  50 Boo	230.452396	32.933694	5.372
75181	* nu.02 Lup	230.450625	-48.317631	5.65
75206	* nu.01 Lup	230.534461	-47.927793	5.0
75230	*   7 Ser	230.596807	12.567526	6.28
75256	HD 137389	230.655232	62.047064	5.986
75257	HD 137071	230.655713	39.581462	5.532
75260	HD 137443	230.660035	63.341465	5.712
75264	* eps Lup	230.670284	-44.689615	3.366
75294	*  30 Lib	230.757420	-15.134038	6.48
75304	* phi02 Lup	230.788961	-36.858488	4.54
75308	HD 136359	230.793765	-60.657170	5.651
75312	* eta CrB	230.801272	30.287825	4.98
75323	* gam Cir	230.844346	-59.320781	4.48
75324	HD 136607	230.854083	-46.140416	6.49
75342	*   8 Ser	230.932124	-1.022386	6.105
75352	HD 136956	230.967662	-12.369502	5.716
75369	HD 137390	231.021319	45.271031	6.055
75379	* eps Lib	231.049516	-10.322279	4.92
75411	* mu.01 Boo	231.122631	37.377156	4.31
75439	* ups Lup	231.187570	-39.710253	5.37
75458	* iot Dra	231.232391	58.966066	3.29
75501	* k Lup	231.334221	-38.733610	4.6
75530	* tau01 Ser	231.447489	15.428036	5.17
75535	HD 137510	231.471957	19.480707	6.241
75565	HD 136672	231.561349	-68.309167	5.892
75572	HD 137704	231.572432	34.335995	5.45
75587	HD 137928	231.634126	54.020295	6.43
75647	HD 137432	231.825544	-36.767560	5.45
75665	V* LX TrA	231.887827	-64.531500	5.706
75674	HD 137853	231.911971	25.101619	6.02
75695	* bet CrB	231.957309	29.105693	3.68
75696	HD 138265	231.964266	60.670221	5.9
75730	* zet01 Lib	232.064201	-16.716485	5.626
75736	V* BP Oct	232.079557	-88.133007	6.484
75742	HD 137465	232.113372	-51.597935	6.094
75761	*  10 Ser	232.159321	1.842080	5.17
75770	HD 138213	232.184966	47.201510	6.138
75788	HD 138338	232.236758	55.194937	6.427
75810	HD 138085	232.300483	16.395618	6.382
75818	V* KQ Lup	232.330292	-38.635033	6.43
75822	HD 138524	232.337890	62.099529	6.29
75828	HD 137709	232.351125	-46.732705	5.222
75919	HD 138341	232.594864	31.285928	6.452
75939	HD 138105	232.651046	-20.728553	6.194
75944	* zet03 Lib	232.668339	-16.609462	5.806
75959	HD 137366	232.704922	-71.654135	6.38
75973	* nu.01 Boo	232.732332	40.833048	5.026
75974	HD 138852	232.732349	64.208693	5.738
76006	HD 138525	232.842940	36.616599	6.39
76008	* tet UMi	232.853807	77.349360	4.982
76013	* kap01 Aps	232.878426	-73.389592	5.49
76033	HD 138268	232.930869	-20.164925	6.22
76041	* nu.02 Boo	232.945763	40.899335	4.978
76048	HD 138221	232.959290	-32.881115	6.488
76063	HD 138204	233.017442	-38.622541	6.219
76069	* tau02 Ser	233.040313	16.056169	6.216
76106	HD 138413	233.152921	-19.670458	5.52
76126	* zet04 Lib	233.230089	-16.852845	5.499
76127	* tet CrB	233.232426	31.359132	4.13
76133	*  11 Ser	233.241406	-1.186402	5.496
76165	HD 138395	233.351353	-40.490850	6.4
76198	HD 138803	233.469608	17.137357	6.49
76207	HD 138505	233.507115	-40.066433	5.82
76219	*  37 Lib	233.544594	-10.064533	4.62
76234	HD 138564	233.586886	-39.349208	6.349
76243	HD 138764	233.610476	-9.183439	5.17
76259	*  36 Lib	233.655492	-28.047020	5.138
76267	* alf CrB	233.671952	26.714685	2.24
76276	* del Ser	233.700615	10.538868	3.8
76297	* gam Lup	233.785201	-41.166757	2.765
76307	* mu. CrB	233.812161	39.010067	5.11
76311	HD 139357	233.817494	53.922141	5.964
76333	* gam Lib	233.881575	-14.789536	3.91
76337	* tau03 Ser	233.888457	17.655554	6.113
76366	HD 139284	233.954975	38.373925	6.28
76372	HD 139087	233.972368	11.265661	6.04
76376	HD 139493	233.987638	54.630501	5.79
76395	HD 138923	234.047346	-33.092804	6.251
76397	HD 138816	234.050414	-44.396826	5.434
76423	* tau04 Ser	234.117428	15.101456	6.25
76424	* tau05 Ser	234.121832	16.119084	5.926
76425	*  16 Ser	234.123225	10.010147	5.253
76440	* eps TrA	234.180095	-66.317038	4.104
76456	HD 139389	234.222617	29.991185	6.46
76470	* ups Lib	234.256037	-28.135110	3.589
76503	HD 139160	234.368749	-26.279864	6.194
76509	HD 139778	234.383364	54.508730	5.845
76519	HD 140227	234.413035	69.283344	5.627
76532	HD 139254	234.450173	-23.141707	5.79
76534	* phi Boo	234.456659	40.353435	5.254
76552	* ome Lup	234.513362	-42.567336	4.33
76567	HD 139290	234.565881	-28.206657	6.319
76568	HD 139798	234.567680	46.797772	5.742
76569	HD 139329	234.567860	-21.016318	5.816
76594	HD 139906	234.642520	50.423237	5.84
76600	* tau Lib	234.664040	-29.777749	3.642
76602	HD 139460	234.666491	-8.794721	6.5
76603	HD 139461	234.666919	-8.791446	6.38
76608	HD 139271	234.675751	-39.127746	6.041
76617	HD 139761	234.703549	34.675039	6.13
76618	HD 139129	234.706127	-52.372697	5.423
76628	*  41 Lib	234.727322	-19.301891	5.359
76651	HD 140117	234.789662	57.924426	6.44
76664	HD 138289	234.826655	-77.918005	6.181
76666	HD 139518	234.839043	-23.150229	6.322
76669	*   7 CrB A	234.844470	36.635811	4.979
76705	* psi01 Lup	234.941580	-34.411921	4.661
76716	HD 139211	234.985599	-59.908335	5.95
76733	HD 139862	235.043111	12.052933	6.215
76736	HD 138965	235.048149	-70.227883	6.424
76739	HD 139613	235.064697	-31.213773	6.34
76742	*  42 Lib	235.070406	-23.818084	4.96
76750	* kap02 Aps	235.088980	-73.446667	5.65
76809	HD 139599	235.242621	-47.736092	6.209
76810	* tau06 Ser	235.246252	16.024589	5.991
76829	* g Lup	235.297403	-44.661206	4.633
76852	* iot Ser	235.387728	19.670399	4.505
76866	* chi Ser	235.447561	12.847526	5.33
76877	HD 138867	235.477867	-76.081964	5.941
76878	* tau07 Ser	235.477986	18.464037	5.792
76880	* kap Lib	235.486635	-19.678793	4.72
76894	HD 139471	235.507366	-64.180286	6.47
76935	HD 139871	235.655109	-49.489534	6.01
76939	* h Lup	235.659652	-37.424939	5.24
76945	* psi02 Lup	235.670916	-34.710408	4.721
76952	* gam CrB	235.685690	26.295635	3.81
76957	V* BP Boo	235.711501	52.360901	5.482
76985	HD 140438	235.793914	13.667658	6.5
76996	* rho Oct	235.820535	-84.465275	5.568
77007	HD 140301	235.853578	-15.043230	6.295
77042	HD 139915	235.980319	-60.287218	6.475
77048	* pi. CrB	235.997081	32.515806	5.575
77055	* zet UMi	236.014661	77.794493	4.274
77058	V* T Nor	236.016019	-54.986811	6.2
77060	* eta Lib	236.018331	-15.672834	5.412
77070	* alf Ser	236.066975	6.425630	2.63
77086	HD 140285	236.094476	-41.819088	5.93
77111	* tau08 Ser	236.175551	17.264222	6.136
77163	HD 140775	236.347828	5.447319	5.58
77186	HD 140815	236.414618	0.891033	6.337
77227	*  25 Ser	236.523486	-1.804190	5.39
77233	* bet Ser	236.546897	15.421819	3.67
77257	* lam Ser	236.610893	7.353069	4.42
77272	HD 141472	236.644830	55.474788	5.917
77277	HD 141653	236.666693	62.599556	5.194
77286	HD 140784	236.684239	-34.682453	5.6
77287	HD 140986	236.689268	-6.120357	6.245
77336	* ups Ser	236.822137	14.115415	5.709
77350	HD 140861	236.856328	-40.194209	6.414
77358	HD 140901	236.871254	-37.916312	6.01
77370	HD 141675	236.908029	55.376626	5.878
77390	CD-65  2007	236.971054	-65.442280	5.53
77397	HD 141456	237.007470	31.735615	6.39
77412	HD 141353	237.055441	13.789080	5.97
77442	V* R CrB	237.143398	28.156749	5.71
77450	* kap Ser	237.184905	18.141565	4.09
77454	HD 140979	237.210073	-52.438254	6.05
77464	*  30 Ser	237.236654	-3.818511	5.524
77512	* del CrB	237.398529	26.068393	4.63
77516	* mu. Ser	237.405029	-3.430204	3.53
77541	HD 141194	237.489576	-48.912405	5.837
77562	HD 141168	237.529515	-53.209771	5.78
77574	HD 141296	237.567977	-45.401715	6.117
77578	* ome Ser	237.573112	2.196509	5.217
77622	* eps Ser	237.704022	4.477731	3.693
77634	* chi Lup	237.739772	-33.627147	3.946
77635	* b Sco	237.744769	-25.751294	4.635
77645	HD 141318	237.778351	-55.055536	5.767
77655	* kap CrB	237.808047	35.657382	4.82
77660	* b Ser	237.814967	-3.090506	5.1
77661	* rho Ser	237.816289	20.977920	4.78
77678	HD 141544	237.880908	-47.060804	6.005
77689	HD 141853	237.909981	-14.133586	6.207
77729	HD 141832	238.053358	-29.886533	6.382
77738	HD 142531	238.068984	55.826712	5.8
77760	* chi Her	238.168921	42.451517	4.62
77782	HD 142244	238.233815	17.403148	6.28
77801	*  39 Ser	238.300405	13.196626	6.12
77811	* lam Lib	238.333558	-20.167075	5.027
77817	HD 141585	238.345592	-62.606569	6.196
77835	HD 142357	238.395290	16.074934	6.22
77840	*   2 Sco	238.402995	-25.327141	4.59
77853	* tet Lib	238.456408	-16.729297	4.16
77858	HD 142165	238.474643	-24.533159	5.372
77859	HD 142184	238.482766	-23.978095	5.402
77900	HD 142250	238.625454	-27.338635	6.1
77902	V* QY Ser	238.644217	20.310968	5.44
77907	*   2 Her	238.657707	43.138564	5.38
77909	*   3 Sco	238.664707	-25.243739	5.87
77910	*  40 Ser	238.667811	8.580338	6.266
77952	* bet TrA	238.785675	-63.430727	2.85
77982	* kap TrA	238.873332	-68.603001	5.097
77984	*   4 Sco	238.875307	-26.265983	5.625
77985	HD 142407	238.877221	-31.083617	6.199
77986	*   4 Her	238.877466	42.566192	5.75
77995	HD 142763	238.916055	18.620744	6.257
78012	* lam CrB	238.948280	37.946957	5.424
78017	HD 143187	238.956754	58.911771	6.306
78045	HD 142139	239.024631	-60.482485	5.76
78046	HD 142448	239.028493	-39.864363	6.028
78058	HD 142542	239.058461	-31.785881	6.284
78059	HD 142640	239.060070	-14.399408	6.324
78072	* gam Ser	239.113261	15.661614	3.84
78078	V* HR Lib	239.139057	-14.829437	6.117
78104	* rho Sco	239.221155	-29.214074	3.86
78105	* ksi01 Lup	239.222874	-33.966115	5.08
78106	* ksi02 Lup	239.225470	-33.964261	5.55
78117	HD 142529	239.266128	-48.162189	6.297
78132	* phi Ser	239.310712	14.414481	5.53
78142	HD 142691	239.338858	-36.185345	5.83
78153	HD 143209	239.374267	39.695086	6.297
78159	* eps CrB	239.396881	26.877880	4.13
78168	HD 142883	239.418598	-20.983078	5.836
78180	V* CL Dra	239.447669	54.749764	4.96
78207	*  48 Lib	239.547368	-14.279356	4.87
78236	HD 142889	239.628320	-37.503883	6.307
78246	V* V913 Sco	239.645277	-24.831489	5.43
78265	* pi. Sco	239.712972	-26.114108	2.91
78276	HD 143435	239.740482	36.643771	5.586
78279	HD 142514	239.742282	-65.037585	5.74
78286	HD 143584	239.768316	49.881044	6.032
78323	HD 143009	239.876111	-41.744438	4.984
78355	HD 142919	239.975593	-54.020914	6.089
78367	HD 143084	239.991008	-40.653113	6.488
78384	* eta Lup	240.030533	-38.396705	3.41
78400	*  49 Lib	240.081815	-16.533412	5.45
78401	* del Sco	240.083355	-22.621706	2.32
78436	*  50 Lib	240.198468	-8.411358	5.526
78442	*   3 Her	240.213058	4.427358	5.804
78445	HD 143248	240.223798	-40.435477	6.221
78469	HD 143101	240.276949	-54.577903	6.124
78476	V* S TrA	240.294651	-63.776536	6.41
78486	HD 143404	240.331476	-31.889134	6.317
78493	* iot CrB	240.360687	29.851061	4.971
78527	* tet Dra	240.472271	58.565251	4.0
78540	HD 143321	240.518649	-51.120772	6.387
78542	HD 144204	240.523190	52.915938	5.902
78554	* pi. Ser	240.573715	22.804453	4.817
78575	HD 143619	240.664257	-29.135803	6.056
78592	* ups Her	240.699574	46.036704	4.709
78603	HD 143238	240.718717	-62.541591	6.246
78632	HD 144542	240.788938	59.410737	6.19
78639	* eta Nor	240.803740	-49.229696	4.643
78649	HD 144208	240.830685	36.631788	5.804
78650	HD 143787	240.835930	-25.865243	4.966
78655	HD 143699	240.850790	-38.602539	4.89
78661	HD 145622	240.880622	76.793941	5.73
78662	* iot01 Nor	240.883706	-57.775073	4.67
78665	HD 143790	240.893162	-32.000535	5.993
78685	*  43 Ser	240.940379	4.986832	6.068
78699	HD 143900	240.977928	-24.726313	6.211
78710	HD 143548	241.025828	-59.176187	6.38
78726	HD 143902	241.074243	-33.213715	6.086
78727	* ksi Sco	241.092227	-11.373104	4.17
78731	V* QY Nor	241.088835	-53.710387	6.47
78747	HD 143928	241.153398	-37.862948	5.901
78820	* bet01 Sco	241.359300	-19.805453	2.62
78821	* bet02 Sco	241.360703	-19.801902	4.89
78840	HD 144426	241.408081	8.096250	6.269
78868	HD 143346	241.482580	-72.400901	5.685
78870	HD 144390	241.499225	-6.139754	6.391
78877	HD 144334	241.526621	-23.606347	5.92
78893	HD 145454	241.581987	67.810135	5.441
78914	* del Nor	241.622715	-45.173280	4.713
78918	* tet Lup	241.648100	-36.802271	4.201
78933	* ome Sco	241.701771	-20.669189	3.97
78955	HD 144585	241.764040	-14.071298	6.32
78970	HD 144415	241.817581	-36.755633	5.7
78985	HD 144889	241.842405	21.822654	6.14
78989	HD 144183	241.850352	-56.190959	6.165
78990	* ome02 Sco	241.851363	-20.868764	4.33
79005	*  11 Sco	241.901731	-12.745407	5.77
79007	*  45 Ser	241.906413	9.891741	5.635
79031	HD 144661	241.966199	-24.462347	6.33
79043	* kap Her A	242.018857	17.046978	4.994
79045	* kap Her B	242.020606	17.054360	6.23
79050	HD 144690	242.031611	-26.326681	5.38
79072	*  47 Ser	242.116982	8.534311	5.73
79098	HD 144844	242.182168	-23.685412	5.88
79101	* phi Her	242.192401	44.934906	4.27
79102	*   8 Her	242.194296	17.205637	6.127
79119	* tau CrB	242.242954	36.490871	4.73
79120	HD 145085	242.245330	3.454475	5.909
79125	HD 145674	242.262078	57.937845	6.33
79153	* iot02 Nor	242.327282	-57.934319	5.57
79164	HD 145694	242.358222	55.828974	6.4
79195	HD 145206	242.460433	-3.466744	5.378
79199	HD 144987	242.469124	-33.545807	5.497
79203	HD 145100	242.480303	-18.340628	6.43
79208	HD 144481	242.496573	-62.967153	6.488
79280	*  19 UMi	242.706352	75.877562	5.473
79302	HD 145250	242.758618	-29.416219	5.102
79320	HD 145191	242.823767	-41.119802	5.857
79332	* q Her	242.869743	16.665691	6.082
79349	*  10 Her	242.908481	23.494801	5.7
79350	HD 145802	242.914997	33.342765	6.3
79357	HD 145931	242.948328	42.374567	5.868
79358	HD 145849	242.950231	36.425095	5.615
79374	* nu. Sco	242.998899	-19.460704	4.0
79375	* psi Sco	242.999971	-10.064142	4.928
79385	HD 145957	243.027267	39.055525	6.388
79387	*  16 Sco	243.030483	-8.547580	5.424
79404	* c02 Sco	243.075853	-27.926376	4.568
79414	HD 146603	243.105668	67.144179	6.211
79420	*  20 UMi	243.133731	75.210681	6.34
79463	HD 145788	243.235776	-4.220787	6.255
79488	*   9 Her	243.314288	5.021091	5.453
79490	*  39 Nor	243.320705	-53.671174	5.944
79497	* zet Nor	243.344575	-55.540947	5.772
79509	* kap Nor	243.369709	-54.630468	4.94
79522	HD 145936	243.410817	-1.475129	6.45
79530	HD 145792	243.439575	-24.422092	6.43
79540	* chi Sco	243.462109	-11.837748	5.239
79581	HD 146084	243.556695	5.901847	6.289
79593	* del Oph	243.586413	-3.694326	2.75
79596	HD 145838	243.593188	-33.011088	5.918
79599	HD 145964	243.620345	-21.107637	6.405
79601	HD 147321	243.639347	73.394891	6.016
79605	HD 145997	243.663516	-18.535648	6.34
79622	HD 146001	243.722623	-25.476972	6.05
79653	* tet Nor	243.813824	-47.372020	5.124
79661	HD 145921	243.849824	-42.899425	6.135
79664	* del TrA	243.859462	-63.685682	3.839
79666	*  16 Her	243.869312	18.808088	5.69
79672	*  18 Sco	243.905293	-8.369439	5.5
79686	HD 146537	243.947177	27.422082	6.136
79689	HD 145782	243.957490	-57.912349	5.622
79692	HD 146254	243.964563	-14.849115	6.083
79754	V* V368 Nor	244.180324	-53.811111	5.44
79757	* ups CrB	244.186613	29.150261	5.779
79781	HD 146514	244.230423	-3.953348	6.165
79787	HD 146059	244.245537	-53.696231	6.41
79788	HD 146436	244.246659	-20.104088	6.42
79790	* gam01 Nor	244.253893	-50.068121	5.09
79797	HD 145689	244.272544	-67.941284	5.944
79804	V* AT Dra	244.313963	59.755017	5.4
79812	HD 146145	244.337085	-53.086382	6.33
79822	* eta UMi	244.376126	75.755343	4.95
79834	HD 146740	244.430660	1.496714	6.49
79867	HD 147662	244.540704	68.554545	6.36
79881	* d Sco	244.574580	-28.614020	4.782
79882	* eps Oph	244.580376	-4.692513	3.23
79938	HD 146850	244.751735	-14.872814	5.94
79945	HD 146834	244.782174	-20.218068	6.298
79953	HD 147352	244.796722	49.038158	5.91
79963	* lam Nor	244.823528	-42.673973	5.44
79980	HD 146836	244.886409	-30.906711	5.502
79992	* tau Her	244.935153	46.313362	3.87
80000	* gam02 Nor	244.960093	-50.155506	4.02
80008	HD 147365	244.979759	39.708583	5.48
80021	HD 147266	245.017814	21.132612	6.038
80047	* del01 Aps	245.086673	-78.695748	4.68
80054	HD 146690	245.105215	-55.139707	5.744
80057	* del02 Aps	245.111907	-78.667496	5.247
80066	HD 146954	245.135906	-39.430343	6.102
80079	* omi Sco	245.159057	-24.169304	4.57
80112	* sig Sco	245.297149	-25.592792	2.89
80142	HD 147001	245.362636	-48.188623	6.498
80161	HD 148293	245.452962	69.109393	5.264
80170	* gam Her	245.480061	19.153129	3.76
80179	* sig Ser	245.518118	1.029044	4.82
80181	* ksi CrB	245.524266	30.891996	4.849
80197	* nu.01 CrB	245.589270	33.799052	5.2
80208	HD 147152	245.616648	-49.572352	5.318
80212	HD 147225	245.621115	-43.912055	5.915
80214	* nu.02 CrB	245.621743	33.703479	5.39
80227	HD 147550	245.662105	-2.079866	6.241
80247	*  23 Her	245.735413	32.333012	6.404
80324	HD 147553	245.986309	-33.199397	6.46
80331	* eta Dra	245.997860	61.514210	2.74
80337	HD 147513	246.005380	-39.192981	5.376
80343	* psi Oph	246.025741	-20.037320	4.5
80351	* o Her	246.045120	6.948210	5.819
80375	V* DQ Dra	246.105577	55.205096	5.734
80390	HD 147628	246.132310	-37.566045	5.42
80399	CD-29 12513	246.165724	-29.704658	5.41
80421	HD 147614	246.225626	-45.349498	6.326
80455	HD 147349	246.342194	-63.125217	6.132
80460	*  25 Her	246.350703	37.394052	5.54
80463	* ome Her	246.353978	14.033267	4.58
80473	* rho Oph	246.396324	-23.447171	4.63
80514	HD 148228	246.547441	11.407495	6.103
80558	HD 148287	246.708643	2.347943	6.049
80569	* chi Oph	246.755982	-18.456250	4.43
80579	HD 147970	246.791943	-47.549077	6.13
80582	* eps Nor	246.796007	-47.554794	4.521
80610	HD 148390	246.884464	2.870624	6.37
80620	V* V2105 Oph	246.931071	-7.597929	5.23
80628	* ups Oph	246.950722	-8.371782	4.63
80645	* iot TrA	246.988940	-64.057940	5.29
80650	*  15 Dra	246.995894	68.768137	4.949
80672	HD 148247	247.060293	-37.179883	5.79
80675	HD 147977	247.063166	-58.599794	5.673
80686	* zet TrA	247.117259	-70.084396	4.899
80693	HD 148513	247.141587	0.665000	5.39
80704	* g Her	247.160623	41.881679	5.01
80708	HD 148531	247.176314	0.054857	6.45
80710	HD 148880	247.181027	51.407741	6.307
80763	* alf Sco	247.351915	-26.432003	0.91
80782	HD 148379	247.426366	-46.243231	5.37
80788	V* V378 Nor	247.438420	-57.756324	6.052
80793	HD 148604	247.445509	-14.550798	5.665
80809	*  34 Her	247.525163	48.961086	6.427
80815	* i Sco	247.551980	-25.115221	4.79
80816	* bet Her	247.555001	21.489611	2.77
80840	HD 148743	247.625076	-7.514453	6.461
80843	* s Her	247.639785	20.479187	5.243
80874	HD 148291	247.705665	-61.633506	5.182
80883	* lam Oph	247.728430	1.983922	3.82
80888	HD 149084	247.761598	35.225067	6.26
80894	* phi Oph	247.784862	-16.612731	4.27
80898	HD 149009	247.805963	22.195456	5.754
80910	HD 148760	247.845200	-26.537645	6.081
80911	* N Sco	247.845560	-34.704368	4.23
80920	HD 150010	247.867611	72.612340	6.31
80945	HD 148688	247.924037	-41.817148	5.39
80953	HD 149303	247.946782	45.598262	5.68
80964	HD 149059	247.985233	9.414381	6.5
80975	* ome Oph	248.034168	-21.466403	4.45
80991	HD 149650	248.106995	60.823302	5.91
81007	* n Her	248.148689	5.521220	5.63
81008	* h Her	248.151217	11.488041	4.85
81065	* gam Aps	248.362844	-78.897148	3.854
81122	* mu. Nor	248.520914	-44.045311	4.94
81126	* sig Her	248.525760	42.437009	4.196
81141	HD 148488	248.580609	-70.988102	5.489
81198	HD 149174	248.782272	-45.244363	6.44
81231	HD 149632	248.859532	17.057341	6.403
81252	* tet TrA	248.936754	-65.495400	5.5
81266	* tau Sco	248.970637	-28.216017	2.81
81289	HD 150030	249.046674	46.613331	5.814
81290	*  16 Dra	249.047585	52.900052	5.52
81300	*  12 Oph	249.089374	-2.324587	5.77
81304	* H Sco	249.093631	-35.255331	4.156
81305	HD 149404	249.094012	-42.858862	5.52
81337	V* V773 Her	249.178911	15.497452	6.355
81358	HD 150429	249.229144	63.072824	6.148
81377	* zet Oph	249.289750	-10.567086	2.56
81404	HD 149908	249.390666	5.277526	6.47
81425	HD 150012	249.450043	13.687033	6.32
81428	HD 151623	249.469730	78.918671	6.317
81437	HD 150449	249.501869	56.015563	5.28
81440	HD 149911	249.506471	-6.538013	6.09
81472	V* V1003 Sco	249.609550	-43.398425	5.83
81497	*  42 Her	249.686854	48.928342	4.9
81499	HD 150052	249.698864	-8.618606	6.45
81507	HD 149485	249.719564	-60.990395	6.15
81523	HD 149886	249.771778	-37.217376	5.914
81580	HD 150177	249.913040	-9.554587	6.332
81632	HD 150259	250.143823	-20.408648	6.245
81641	*  37 Her	250.161197	4.219790	5.761
81650	V* V872 Ara	250.184998	-51.478257	6.29
81657	HD 149837	250.210347	-60.446446	6.24
81659	HD 150483	250.213916	12.395041	6.061
81660	* g Dra	250.229665	64.589046	4.842
81663	HD 150381	250.235033	-8.309625	6.49
81670	HD 150580	250.252423	24.858703	6.07
81687	HD 150451	250.298097	-1.000313	6.259
81691	HD 150493	250.319728	1.245436	6.395
81693	* zet Her	250.321504	31.602719	2.8
81702	HD 150136	250.335065	-48.762981	5.65
81710	* eta01 TrA	250.346282	-68.296122	5.884
81724	*  24 Sco	250.393265	-17.742167	4.923
81728	HD 150366	250.400741	-24.467961	6.09
81729	*  39 Her	250.402914	26.916880	5.916
81733	HD 150168	250.417609	-49.651552	5.68
81734	*  14 Oph	250.427008	1.181231	5.724
81741	HD 150331	250.439393	-33.145760	5.836
81754	HD 150453	250.473762	-19.924361	5.559
81823	HD 150097	250.701748	-62.553930	6.19
81833	* eta Her	250.724021	38.922255	3.5
81840	HD 151199	250.743577	55.690121	6.172
81847	HD 150421	250.764857	-46.070294	6.27
81852	* bet Aps	250.769411	-77.517433	4.24
81873	HD 150026	250.842280	-67.432387	6.015
81891	HD 150638	250.911350	-32.105946	6.452
81903	HD 150573	250.940331	-41.119205	6.199
81904	HD 150608	250.948330	-38.156344	6.046
81911	HD 151087	250.965365	34.038803	6.01
81914	HD 150591	250.975342	-41.113344	6.116
81966	HD 150576	251.165597	-53.152316	5.967
81972	HD 150742	251.177469	-40.839675	5.628
81992	HD 150894	251.250791	-28.509657	5.982
82012	HD 151388	251.299145	43.217172	6.059
82020	HD 151613	251.324423	56.781900	4.837
82028	HD 151203	251.343824	15.745281	5.619
82037	*  16 Oph	251.373645	1.020163	6.018
82073	* i Her	251.457883	8.582614	5.15
82080	* eps UMi	251.492682	82.037258	4.212
82091	HD 150897	251.526555	-46.531994	6.47
82110	HD 150745	251.588441	-58.503595	5.728
82129	V* LP TrA	251.666632	-67.109690	5.1
82135	HD 151078	251.699825	-39.376964	5.481
82162	*  19 Oph	251.790638	2.064529	6.077
82171	HD 150898	251.831910	-58.341444	5.61
82172	V* V636 Her	251.832279	42.238916	5.87
82216	* l Her	251.943417	5.246748	5.24
82241	HD 151627	252.037033	13.590284	6.379
82259	HD 151527	252.112408	-14.909418	6.028
82273	* alf TrA	252.166230	-69.027712	1.88
82321	*  52 Her	252.309243	45.983323	4.823
82339	V* V1010 Oph	252.365288	-15.667967	6.19
82350	HD 151862	252.394408	13.261138	5.91
82355	HD 152153	252.419024	43.430436	6.165
82363	* eta Ara	252.446485	-59.041379	3.744
82369	*  20 Oph	252.458407	-10.783065	4.632
82396	* eps Sco	252.540878	-34.293232	2.29
82402	* k Her	252.580753	7.247684	5.469
82405	HD 151900	252.592715	-2.654358	6.31
82418	HD 151566	252.650332	-50.044946	6.45
82419	HD 152262	252.650393	41.896499	6.29
82422	*  50 Her	252.662327	29.806540	5.72
82426	HD 152224	252.679790	32.553668	6.158
82453	HD 151771A	252.750141	-37.514511	6.22
82480	*  21 Oph	252.853868	1.215947	5.51
82493	HD 151804	252.890508	-41.230533	5.22
82504	*  51 Her	252.938590	24.656433	5.029
82514	* mu.01 Sco	252.967618	-38.047399	2.98
82516	V* S Her	252.974662	14.941879	6.4
82517	HD 151441	252.974509	-65.375458	6.114
82526	*  49 Her	253.020211	14.974214	6.488
82539	HD 151404	253.073762	-67.681637	6.317
82545	* mu.02 Sco	253.083939	-38.017535	3.542
82554	V* V911 Sco	253.114229	-40.723155	6.315
82587	*  53 Her	253.241907	31.701673	5.333
82611	HD 152812	253.323125	47.416712	5.987
82621	HD 152311	253.355053	-20.415801	5.857
82650	V* V1068 Sco	253.426767	-43.050969	6.06
82669	HD 152235	253.495220	-41.994327	6.38
82671	* zet01 Sco	253.498863	-42.362030	4.79
82672	HD 151967	253.501502	-57.909512	5.905
82673	* iot Oph	253.501965	10.165361	4.38
82676	HD 152234	253.507656	-41.806385	5.45
82691	HD 152248	253.541924	-41.825039	6.088
82693	V* V2542 Oph	253.544188	-1.612303	6.24
82716	HD 152293	253.612261	-42.478897	5.839
82723	HD 152220	253.631482	-49.710805	6.46
82729	* zet02 Sco	253.645854	-42.361316	3.62
82730	*  23 Oph	253.648725	-6.153981	5.23
82731	HD 152431	253.649836	-30.587346	6.34
82764	HD 152815	253.729876	20.958491	5.387
82775	HD 152408	253.743771	-41.150859	5.77
82780	*  56 Her	253.759004	25.730681	6.064
82783	HD 152424	253.763873	-42.090831	6.27
82798	V* V644 Her	253.816627	13.619910	6.34
82802	*  54 Her	253.842365	18.433212	5.354
82806	HD 152082	253.852870	-63.269660	5.996
82855	HD 152636	253.990635	-33.506873	6.32
82860	* h Dra	254.007047	65.134805	4.88
82861	HD 152781	254.007683	-16.806266	6.336
82868	HD 152478	254.036842	-50.674790	6.33
82880	HD 154099	254.069725	73.127866	6.29
82898	*  20 Dra	254.105278	65.039125	6.4
82902	HD 152527	254.119871	-52.283747	5.933
82911	V* V861 Sco	254.149907	-40.823456	6.22
82912	V* RR Sco	254.157661	-30.580059	6.1
82944	HD 152010	254.254369	-71.111645	6.48
82960	*  27 Sco	254.296562	-33.259492	5.49
82979	HD 153021	254.358338	-10.963372	6.159
82987	*  57 Her	254.379356	25.352842	6.29
82989	HD 153226	254.383499	13.884113	6.361
83000	* kap Oph	254.417073	9.375029	3.2
83007	HD 153312	254.426279	24.381262	6.326
83013	HD 153472	254.459074	42.512431	6.355
83057	HD 152824	254.574751	-50.641186	5.534
83081	* zet Ara	254.655052	-55.990139	3.076
83090	HD 153229	254.673172	-14.869674	6.466
83100	HD 153072	254.717780	-37.620493	6.048
83114	HD 154319	254.760719	69.186247	6.41
83138	HD 153956	254.839635	56.688595	6.041
83150	V* MX TrA	254.891501	-69.268159	5.89
83153	* eps01 Ara	254.896034	-53.160438	4.05
83176	HD 153336	254.990446	-25.092200	5.86
83187	HD 153053	255.026164	-54.597177	5.633
83196	*  26 Oph	255.039706	-24.989139	5.731
83202	HD 153234	255.059348	-44.988532	6.494
83207	* eps Her	255.072389	30.926404	3.92
83235	HD 153368	255.154122	-35.934134	5.934
83254	HD 153834	255.242230	22.632096	5.658
83255	V* CW Oct	255.243824	-86.364297	6.035
83262	*  30 Oph	255.265007	-4.222644	4.812
83269	HD 153201	255.279259	-56.555079	6.38
83289	HD 154391	255.320523	60.648754	6.143
83308	V* V451 Her	255.387715	14.949719	6.31
83313	* d Her	255.401505	33.568268	5.267
83317	V* VX UMi	255.417136	75.297495	6.18
83321	HD 153370	255.443133	-51.131028	6.42
83323	HD 153261	255.447450	-58.958248	6.11
83331	*  29 Oph	255.463553	-18.885535	6.293
83336	HD 153613	255.469341	-32.143522	5.01
83342	HD 153914	255.495735	8.450666	6.39
83359	HD 154633	255.565615	64.600741	6.094
83365	HD 154126	255.571263	31.884100	6.383
83367	HD 154084	255.577901	25.505618	5.762
83430	*  32 Oph	255.782796	14.091948	4.98
83431	* eps02 Ara	255.786473	-53.236936	5.278
83462	*  61 Her	255.875898	35.414061	6.23
83478	*  33 Oph	255.913758	13.605348	5.908
83481	HD 153791	255.923680	-47.160571	6.064
83491	V* V923 Sco	255.962257	-38.152572	5.902
83493	HD 154301	255.969409	19.690513	6.39
83494	HD 154431	255.973239	34.790223	6.07
83504	*  34 Oph	255.991843	13.567421	6.054
83535	HD 153716	256.102999	-57.712162	5.727
83565	HD 154441	256.172275	19.599106	6.2
83567	HD 154204	256.188860	-20.494705	6.3
83574	* k Sco	256.205632	-34.122928	4.87
83575	HD 154732	256.207388	48.803955	6.106
83593	HD 154713	256.270596	43.812238	6.441
83594	HD 154025	256.272364	-45.502127	6.268
83613	*  60 Her	256.344543	12.740826	4.871
83635	HD 154445	256.384412	-0.892066	5.61
83650	HD 154153	256.451928	-44.105052	6.178
83677	HD 154610	256.540189	9.733866	6.375
83684	*  28 Sco	256.549124	-21.564574	6.282
83688	HD 154619	256.554368	10.453876	6.38
83692	HD 154733	256.575195	22.084154	5.565
83693	HD 154310	256.584123	-37.227592	5.98
83706	HD 154368	256.618203	-35.451045	6.13
83738	HD 154660	256.720651	-1.656186	6.351
83740	HD 154481	256.721770	-26.513020	6.251
83816	HD 155102	256.944468	40.516054	6.36
83834	HD 155061	257.002890	31.206193	6.44
83838	* c Her	257.008590	35.935189	5.39
83854	HD 154779	257.061895	-17.609051	5.977
83857	HD 155328	257.071147	50.842272	6.453
83895	* zet Dra	257.196616	65.714645	3.17
83896	HD 154783	257.198081	-30.403717	5.911
83906	HD 154962	257.227166	-3.882996	6.356
83947	HD 155410	257.388528	40.777038	5.065
83962	HD 155078	257.449792	-10.523300	5.43
83984	HD 154555	257.526149	-61.675456	6.366
84012	* eta Oph	257.594529	-15.724907	2.42
84021	HD 155711	257.627633	52.408771	6.296
84033	HD 154948	257.676330	-44.557698	5.08
84054	*  63 Her	257.763181	24.237695	6.2
84105	V* V854 Ara	257.911192	-48.873390	5.98
84108	HD 155860	257.917805	49.746357	6.16
84113	HD 155500	257.938495	7.894762	6.333
84143	* eta Sco	258.038309	-43.239190	3.33
84147	HD 155379	258.056750	-25.255142	6.499
84150	HD 155259	258.067520	-39.506949	5.655
84151	HD 155276	258.069020	-38.822537	6.285
84158	HD 154556	258.083059	-70.721082	6.214
84175	HD 155401	258.104427	-27.762125	6.117
84177	*  37 Oph	258.115851	10.585156	5.34
84183	HD 156295	258.135750	62.874335	5.54
84226	HD 155450	258.243991	-32.438332	5.997
84248	HD 154903	258.324492	-67.196590	5.873
84311	V* V829 Ara	258.555842	-56.888533	6.105
84332	HD 155603	258.615230	-39.766649	6.44
84345	* alf Her	258.661909	14.390341	2.78
84379	* del Her	258.757961	24.839207	3.13
84380	* pi. Her	258.761809	36.809162	3.18
84401	HD 155806	258.830199	-33.548416	5.53
84402	HD 155970	258.834507	-14.584169	6.004
84425	HD 155826	258.899592	-38.593936	5.95
84431	HD 156284	258.922793	23.742759	5.975
84445	HD 155940	258.963959	-30.210731	6.184
84478	V* V2215 Oph	259.055677	-26.546149	6.34
84479	HD 156208	259.059418	2.186203	6.18
84489	HD 155974	259.090011	-35.750298	6.12
84496	V* VW Dra	259.122495	60.670613	6.318
84500	V* U Oph	259.132141	1.210555	5.921
84510	HD 154972	259.148535	-74.533011	6.227
84524	HD 156227	259.178113	-6.244976	6.084
84535	* lam UMi	259.235067	89.037706	6.38
84551	HD 156098	259.265191	-32.662839	5.526
84556	HD 155985	259.273091	-44.778596	6.487
84573	* u Her	259.331533	33.100102	4.8
84599	HD 156593	259.399393	23.090626	6.22
84606	* e Her	259.417722	37.291506	4.65
84626	* omi Oph A	259.502835	-24.286902	5.11
84631	HD 156653	259.520595	17.317884	5.992
84649	HD 156462	259.580304	-16.311875	6.43
84650	HD 156325	259.585460	-32.553106	6.367
84656	HD 156891	259.596951	38.811401	5.962
84671	* e Oph	259.654126	10.864475	5.02
84690	HD 156293	259.699285	-44.129746	5.736
84691	HD 156874	259.702194	28.822967	5.68
84700	HD 155951	259.715447	-62.874577	6.49
84709	HD 156384	259.738187	-34.989762	5.89
84720	*  41 Ara	259.765990	-46.636233	5.48
84731	HD 156091	259.802115	-59.694612	5.894
84759	HD 156331	259.877142	-50.063763	6.267
84769	HD 158996	259.904631	80.136401	5.706
84801	HD 156826	259.998139	-5.917506	6.32
84821	HD 157087	260.040976	25.537603	5.357
84833	V* V656 Her	260.078629	18.057079	5.0
84835	*  74 Her	260.088005	46.240779	5.59
84862	* w Her	260.164864	32.467744	5.39
84880	* nu. Ser	260.206924	-12.846876	4.324
84883	HD 156971	260.219292	-10.696410	6.454
84887	*  70 Her	260.225858	24.499436	5.12
84893	* ksi Oph	260.251561	-21.112936	4.387
84934	HD 157358	260.380175	28.758084	6.397
84938	HD 157257	260.389339	16.731227	6.34
84947	*  32 Sco	260.423174	-24.906104	6.36
84949	V* V819 Her	260.431711	39.974668	5.561
84950	HD 157681	260.439035	53.420430	5.677
84969	* zet Aps	260.497824	-67.770669	4.78
84970	* tet Oph	260.502414	-24.999546	3.26
84979	* iot Aps	260.524482	-70.123206	5.39
85019	HD 157060	260.658129	-35.910585	6.419
85020	HD 157038	260.663408	-37.804639	6.44
85042	HD 157347	260.713699	-2.388178	6.278
85048	HD 157097	260.728121	-37.220789	5.914
85049	HD 156768	260.730089	-58.010327	5.87
85068	HD 156854	260.779673	-56.525549	5.763
85079	* iot Ara	260.816984	-47.468196	5.25
85084	*  43 Oph	260.839962	-28.142834	5.288
85112	* rho Her	260.920601	37.145943	4.17
85139	HD 157617	260.990066	8.852570	5.763
85147	HD 156838	261.004481	-62.864154	5.676
85157	*  73 Her	261.027446	22.960282	5.72
85162	HD 157243	261.054494	-44.162586	5.108
85169	HD 156942	261.078318	-60.673797	5.754
85181	HD 157910	261.112994	36.951934	6.253
85185	HD 157740	261.131405	16.301007	5.736
85187	HD 157741	261.140835	15.606048	6.41
85195	HD 157546	261.154336	-18.445762	6.334
85207	HD 157527	261.175118	-21.441483	5.83
85237	HD 157486	261.261114	-34.696066	6.142
85242	* 191 Oph	261.276002	-24.243685	6.171
85258	* bet Ara	261.324949	-55.529882	2.85
85267	* gam Ara	261.348580	-56.377726	3.34
85268	HD 158259	261.350230	52.790686	6.47
85290	HD 158460	261.422306	60.048398	5.645
85302	V* V640 Her	261.476519	16.917578	5.98
85307	HD 157856	261.491148	-1.651780	6.44
85312	* kap Ara	261.500180	-50.633507	5.193
85313	HD 158067	261.503616	26.878735	6.39
85317	HD 158485	261.520156	58.651898	6.494
85333	HD 157978	261.579193	7.595641	6.04
85340	* b Oph	261.592569	-24.175307	4.153
85355	* sig Oph	261.628670	4.140359	4.31
85365	*  47 Oph	261.657840	-5.086598	4.54
85379	* x Her	261.684342	48.260062	5.83
85382	HD 158261	261.692272	34.695801	5.94
85385	HD 158148	261.704701	20.080977	5.514
85391	HD 157864	261.730403	-25.943465	6.43
85393	HD 157599	261.734842	-51.948822	6.17
85397	HD 157968	261.758951	-12.512487	6.206
85405	HD 157969	261.791178	-15.853363	6.48
85409	HD 157662	261.801921	-50.630373	5.898
85423	* d Oph	261.838648	-29.867035	4.269
85442	HD 157955	261.906471	-29.724567	5.974
85450	V* V2114 Oph	261.933653	8.442037	6.485
85470	HD 157753	261.990006	-52.297143	5.723
85474	HD 158170	262.009742	-8.208376	6.372
85480	HD 157524	262.032771	-63.036240	6.208
85537	HD 158352	262.206895	0.330625	5.412
85543	HD 158105	262.233706	-36.778280	5.985
85549	HD 158042	262.253595	-43.973919	6.3
85666	HD 158716	262.594389	11.924016	6.48
85670	* bet Dra	262.608174	52.301389	2.81
85688	HD 159026	262.667537	38.882204	6.431
85692	HD 159330	262.681562	57.876824	6.21
85693	* lam Her	262.684624	26.110646	4.41
85696	* ups Sco	262.690988	-37.295813	2.65
85699	*  24 UMi	262.698289	86.968048	5.756
85715	HD 158974	262.730721	31.158139	5.633
85727	* del Ara	262.774640	-60.683845	3.62
85749	HD 158837	262.838900	2.724514	5.58
85751	HD 158220	262.847015	-56.920963	5.984
85755	* c Oph	262.853974	-23.962643	4.81
85760	V* NO Aps	262.864444	-80.859132	5.856
85783	HD 158704	262.934891	-26.269710	6.052
85786	HD 158619	262.947328	-33.703159	6.413
85788	HD 158476	262.954577	-46.036786	6.028
85790	*  78 Her	262.956580	28.407501	5.65
85792	* alf Ara	262.960381	-49.876145	2.95
85805	* f Dra	262.991130	68.135025	5.074
85822	* del UMi	263.054159	86.586460	4.336
85826	HD 159082	263.062001	11.930049	6.45
85829	* nu.02 Dra	263.066844	55.172918	4.86
85839	V* V949 Sco	263.102617	-34.279406	6.158
85888	HD 159501	263.280239	41.243451	5.726
85889	HD 158799	263.280788	-41.173065	5.838
85912	HD 159332	263.345101	19.256678	5.648
85922	HD 159170	263.374354	-5.744803	5.607
85927	* lam Sco	263.402167	-37.103824	1.63
85930	HD 159353	263.414123	16.317546	5.672
85934	V* V642 Her	263.428250	14.841598	6.48
85975	HD 158907	263.570235	-48.526798	6.32
85998	* f Oph	263.652895	9.586696	5.81
86011	HD 159176	263.677051	-32.581665	5.7
86019	HD 159358	263.693131	-11.241998	5.535
86032	* alf Oph	263.733623	12.560037	2.07
86036	*  26 Dra	263.748436	61.874512	5.21
86060	*  52 Oph	263.827084	-22.043827	6.481
86064	HD 159018	263.832945	-53.352930	6.08
86088	HD 158895	263.895855	-59.846123	6.257
86092	* sig Ara	263.914964	-46.505684	4.59
86096	HD 159925	263.926542	37.301594	6.122
86098	HD 159312	263.929487	-37.439871	6.463
86118	HD 159834	263.998200	20.996246	6.1
86130	HD 159926	264.033753	28.185093	6.39
86153	V* V959 Her	264.089247	27.566637	6.406
86170	* Q Sco	264.136896	-38.635248	4.267
86178	HD 160054	264.153106	30.785177	6.05
86182	* y Her	264.156890	48.585633	5.353
86201	* ome Dra	264.237893	68.757967	4.77
86219	HD 161178	264.287014	72.455794	5.869
86228	* tet Sco	264.329708	-42.997828	1.85
86246	HD 159633	264.362162	-38.066365	6.27
86248	HD 159463	264.363799	-50.059701	5.878
86254	*  79 Her	264.379614	24.310006	5.76
86263	* ksi Ser	264.396666	-15.398556	3.519
86266	HD 159877	264.400846	-15.571033	5.94
86284	* mu. Oph	264.461305	-8.118772	4.62
86305	* pi. Ara	264.522981	-54.500434	5.242
86311	HD 159707	264.535172	-42.880277	6.078
86313	HD 160018	264.539603	-10.926268	5.727
86352	*   2 Sgr	264.686892	-21.912687	6.2
86373	HD 160365	264.741063	13.329253	6.123
86391	HD 160315	264.785436	2.028050	6.253
86414	* iot Her	264.866195	46.006331	3.8
86462	HD 160677	264.989658	31.202470	6.03
86476	HD 160471	265.049758	-2.152297	6.17
86486	* lam Ara	265.099273	-49.415583	4.77
86501	HD 160950	265.156498	43.470666	6.33
86506	HD 160822	265.171610	31.287477	6.309
86510	HD 159558	265.185430	-67.854174	6.48
86527	V* BM Sco	265.243943	-32.214462	5.6
86537	HD 160835	265.272857	24.513253	6.374
86546	HD 160765	265.295798	15.178374	6.332
86552	HD 160263	265.317680	-46.921836	5.79
86561	HD 161193	265.340822	51.818148	5.994
86565	* omi Ser	265.353636	-12.875305	4.228
86575	HD 160781	265.384681	6.313158	5.952
86614	* psi01 Dra A	265.483593	72.148869	4.55
86620	* psi01 Dra B	265.492097	72.156902	5.53
86623	HD 160910	265.494298	15.952433	5.54
86628	V* V626 Ara	265.515084	-50.510704	6.35
86667	*  83 Her	265.618176	24.564057	5.558
86670	* kap Sco	265.621980	-39.029983	2.386
86698	HD 160668	265.712906	-36.945562	5.52
86713	HD 161369	265.773106	44.084320	6.376
86716	HD 160748	265.778597	-33.051287	6.45
86725	HD 160839	265.823783	-27.883978	6.41
86731	*  84 Her	265.839852	24.327821	5.729
86732	HD 161149	265.841761	14.295169	6.211
86736	*  58 Oph	265.857473	-21.683194	4.861
86742	* bet Oph	265.868133	4.567304	2.75
86768	HD 161056	265.945926	-7.079610	6.32
86769	HD 161023	265.951705	-13.508699	6.363
86782	HD 161693	265.996537	53.801707	5.76
86796	* mu. Ara	266.036263	-51.834053	5.15
86809	V* V624 Her	266.071863	14.410069	6.194
86831	*  61 Oph A	266.142047	2.579448	6.18
86847	HD 160928	266.175040	-42.729319	5.871
86871	HD 160720	266.232769	-57.545540	5.964
86925	HD 161695	266.417644	31.504680	6.24
86929	* eta Pav	266.433282	-64.723871	3.581
86974	* mu.01 Her	266.614780	27.720711	3.42
87042	HD 161390	266.780399	-38.112173	6.4
87043	V* V352 Pav	266.780727	-59.994336	6.5
87044	HD 161833	266.783525	17.697023	5.61
87045	HD 162132	266.783474	47.612248	6.465
87072	V* X Sgr	266.890100	-27.830788	4.54
87073	* iot01 Sco	266.896164	-40.126997	2.992
87074	HD 161701	266.903248	-14.725826	5.923
87099	HD 161664	266.939999	-22.477792	6.19
87108	* gam Oph	266.973169	2.707279	3.75
87150	HD 161941	267.084339	3.804213	6.225
87158	HD 162076	267.103199	20.565440	5.687
87163	HD 161756	267.115986	-26.974945	6.35
87174	HD 161420	267.158592	-55.401740	6.085
87192	HD 162161	267.199461	19.255014	6.125
87194	*  87 Her	267.204776	25.622868	5.1
87220	HD 161840	267.293655	-31.703206	4.797
87224	HD 162113	267.329340	1.961412	6.45
87261	* G Sco	267.464504	-37.043276	3.21
87264	HD 161475	267.470892	-61.714704	6.4
87293	HD 164428	267.542135	78.306539	6.244
87294	* iot02 Sco	267.546299	-40.090432	4.803
87308	HD 162555	267.595385	29.322141	5.517
87314	V* V539 Ara	267.618304	-53.612407	5.71
87335	HD 162468	267.681684	11.946550	6.193
87341	HD 162570	267.701594	22.316331	6.13
87379	* nu.02 Ara	267.796022	-53.130269	6.076
87390	HD 162189	267.885549	-40.772465	5.958
87393	HD 161814	267.897799	-60.164057	5.774
87404	HD 162123	267.935664	-45.600708	6.087
87427	HD 162734	267.993585	15.326375	6.42
87428	HD 162596	267.997687	-1.236809	6.332
87434	HD 163075	268.003786	46.643574	6.36
87445	HD 162989	268.019667	39.982089	6.001
87460	V* V957 Sco	268.056922	-34.799197	5.9
87472	HD 162391	268.082339	-34.416842	5.85
87491	HD 162774	268.147664	1.305011	5.917
87495	V* Y Oph	268.161258	-6.143576	6.21
87516	HD 162496	268.205096	-34.114832	6.06
87523	HD 162396	268.219096	-41.996524	6.2
87532	HD 162517	268.240050	-35.624310	6.02
87540	HD 162757	268.264752	-10.899564	6.176
87558	HD 162917	268.309107	6.101423	5.759
87563	* f Her	268.325113	40.007961	5.15
87564	HD 161955	268.325770	-65.488604	6.459
87567	HD 162586	268.331584	-34.730806	6.12
87585	* ksi Dra	268.382206	56.872642	3.75
87616	V* V906 Sco	268.478221	-34.752718	5.96
87624	V* V951 Sco	268.492233	-34.831056	6.42
87670	HD 164780	268.611319	75.171307	6.374
87671	HD 162817	268.613014	-34.466724	6.11
87706	*  63 Oph	268.725180	-24.887096	6.2
87722	HD 162926	268.783465	-36.475644	6.053
87728	* psi02 Dra	268.796467	72.005126	5.43
87744	HD 163929	268.848559	55.971392	6.081
87747	*  89 Her	268.854951	26.049991	5.36
87777	HD 163547	268.961710	22.464221	5.619
87782	HD 163245	268.979044	-18.802156	6.469
87808	* tet Her	269.063254	37.250537	3.88
87812	V* V2052 Oph	269.076667	0.670354	5.82
87813	HD 163336	269.079314	-15.812528	5.929
87822	HD 162521	269.101224	-65.721738	6.36
87833	* gam Dra	269.151541	51.488896	2.23
87836	HD 163318	269.174333	-28.065395	5.763
87846	HD 163145	269.197571	-44.342218	4.849
87847	HD 163532	269.198934	-4.081822	5.439
87850	V* OP Her	269.202196	45.350850	6.32
87865	HD 163234	269.232932	-40.305641	6.447
87866	HD 163641	269.233235	6.487730	6.277
87895	HD 163840	269.309747	23.995736	6.33
87910	HD 163772	269.362435	11.044542	6.327
87926	HD 161988	269.423691	-76.177951	6.066
87928	HD 163071	269.428070	-56.896251	6.259
87933	* ksi Her	269.441190	29.247879	3.7
87936	HD 163376	269.449177	-41.716293	4.863
87998	* nu. Her	269.625623	30.189274	4.41
88012	HD 163685	269.662708	-28.759086	6.01
88020	HD 164280	269.676342	36.287793	6.03
88030	V* V771 Her	269.717941	45.476220	6.481
88038	HD 163652	269.732031	-36.858375	5.737
88048	* nu. Oph	269.756634	-9.773634	3.34
88101	HD 164064	269.903176	-4.821126	5.832
88116	*   4 Sgr	269.948152	-23.816115	4.724
88122	HD 164646	269.984190	45.501378	5.67
88125	HD 164028	270.000339	-20.339549	6.219
88127	*  40 Dra	270.014702	80.000847	5.939
88128	*  93 Her	270.014235	16.750918	4.67
88136	*  41 Dra	270.038257	80.004113	5.642
88148	HD 164258	270.065308	0.629476	6.37
88149	*  66 Oph	270.065815	4.368645	4.6
88172	HD 164447	270.115243	19.505790	6.43
88175	* zet Ser	270.120875	-3.690272	4.616
88190	HD 164614	270.151560	33.213680	6.0
88192	*  67 Oph	270.161316	2.931565	3.93
88213	HD 164432	270.220246	6.268294	6.35
88217	HD 164507	270.238626	15.093552	6.28
88258	*   6 Sgr	270.346344	-17.156868	6.261
88267	*  95 Her	270.376701	21.595780	4.26
88274	HD 159517	270.392450	-85.214828	6.445
88277	HD 164824	270.399597	33.311265	6.167
88290	*  68 Oph	270.438323	1.305085	4.429
88294	HD 164245	270.451258	-36.377854	6.296
88298	HD 164402	270.476587	-22.780294	5.77
88331	*  96 Her	270.596030	20.833635	5.249
88346	*  97 Her	270.625637	22.923225	6.211
88380	*   7 Sgr	270.712911	-24.282467	5.34
88404	* tau Oph	270.770500	-8.180350	4.79
88415	HD 165358	270.787053	48.464275	6.243
88429	HD 165029	270.810677	19.613155	6.42
88469	*   9 Sgr	270.968521	-24.360731	5.97
88522	V* V986 Oph	271.155657	1.918993	6.147
88528	V* V831 Her	271.167545	23.942018	6.335
88550	HD 164870	271.209911	-35.901441	5.972
88565	HD 165645	271.253362	41.946294	6.374
88567	* gam01 Sgr	271.255110	-29.580090	4.69
88599	HD 162337	271.361897	-81.486566	6.35
88601	*  70 Oph	271.363688	2.500099	4.03
88604	HD 165524	271.375569	21.646620	6.179
88635	* gam02 Sgr	271.452034	-30.424090	2.99
88636	HD 165683	271.456712	32.230674	5.709
88657	*  98 Her	271.507919	22.218876	5.06
88670	HD 165402	271.530825	-8.323960	5.859
88671	HD 165462	271.530950	-0.446128	6.34
88675	HD 164896	271.538395	-51.743904	6.46
88684	HD 165438	271.563321	-4.751252	5.741
88694	HD 165185	271.598831	-36.019786	5.95
88714	* tet Ara	271.657784	-50.091480	3.66
88726	CD-43 12272	271.707888	-43.425221	4.95
88732	HD 166207	271.722809	50.822828	6.295
88745	* b Her	271.756628	30.562107	5.13
88754	HD 166228	271.776240	49.710447	6.5
88760	HD 165516	271.797306	-21.443936	6.33
88765	*  71 Oph	271.826497	8.733867	4.64
88770	HD 165742	271.837432	2.481671	6.49
88771	*  72 Oph	271.837437	9.563847	3.73
88788	HD 166208	271.869768	43.461890	4.997
88794	* omi Her	271.885630	28.762491	3.827
88815	HD 164871	271.951521	-64.550170	6.392
88816	HD 165687	271.951418	-17.154158	5.508
88817	* 100 Her B	271.956261	26.097333	5.79
88818	* 100 Her A	271.956528	26.101262	5.819
88839	HD 165634	272.020745	-28.457093	4.56
88859	HD 165493	272.125465	-45.767010	6.163
88862	HD 166095	272.140566	14.284717	6.323
88866	* pi. Pav	272.145067	-63.668562	4.328
88886	* 102 Her	272.189550	20.814557	4.347
88899	* 101 Her	272.220266	20.045233	5.099
88972	HD 166620	272.405901	38.457777	6.4
88981	HD 166103	272.430749	-13.934435	6.379
89006	HD 165497	272.489843	-59.040180	6.372
89008	HD 166640	272.495841	36.466262	5.568
89010	HD 165978	272.499849	-32.719636	6.405
89020	HD 166023	272.524224	-30.728667	5.65
89023	BD+16  3390	272.536366	16.476585	6.1
89042	* iot Pav	272.608974	-62.002220	5.49
89065	HD 166460	272.667913	3.324258	5.489
89086	HD 166197	272.730619	-33.800070	6.16
89096	HD 166006	272.768353	-47.513121	6.069
89099	HD 166114	272.773178	-41.359115	5.845
89104	HD 167387	272.779811	60.409533	6.5
89112	* eps Tel	272.807338	-45.954412	4.508
89114	HD 166393	272.811594	-19.841953	6.5
89115	HD 164712	272.815864	-75.891523	5.86
89153	*   1 Sgr	272.930553	-23.701232	4.98
89156	HD 166988	272.938013	33.447059	5.97
89172	* 104 Her	272.975653	31.405349	4.97
89234	HD 165259	273.142015	-73.672436	5.91
89246	HD 167304	273.177561	41.146836	6.352
89279	HD 167370	273.270079	38.773491	6.033
89290	V* V692 CrA	273.302910	-41.336110	5.462
89298	HD 167193	273.319015	21.880360	6.132
89341	* mu. Sgr	273.440870	-21.058832	3.85
89347	HD 167162	273.467592	2.393462	6.4
89348	*  36 Dra	273.474303	64.397285	4.987
89369	*  14 Sgr	273.566250	-21.713163	5.473
89370	HD 166251	273.568008	-63.689682	6.469
89439	*  15 Sgr	273.803776	-20.728269	5.37
89440	*  16 Sgr	273.804038	-20.387970	6.02
89448	*  37 Dra	273.821190	68.755817	5.953
89470	V* V4387 Sgr	273.878186	-18.661571	6.15
89474	HD 168009	273.885264	45.209317	6.298
89482	HD 167965	273.911572	42.159346	5.556
89487	HD 166599	273.919227	-63.055364	5.582
89507	HD 167096	273.972717	-44.206453	5.451
89512	HD 167564	273.991381	-3.617966	6.349
89527	V* V2392 Oph	274.023218	2.377517	6.01
89587	HD 167768	274.221254	-3.007402	6.0
89597	HD 167257	274.253831	-51.068267	6.048
89605	HD 167128	274.281385	-56.023349	5.36
89609	HD 167720	274.298446	-17.373892	5.75
89620	HD 167665	274.348995	-28.288950	6.36
89622	HD 167666	274.350360	-28.652065	6.168
89623	HD 167833	274.350705	-9.758610	6.3
89637	V* RS Sgr	274.401024	-34.107266	6.03
89642	* eta Sgr	274.406822	-36.761690	3.11
89674	HD 166841	274.504005	-68.229263	6.328
89677	HD 168199	274.512259	13.777030	6.291
89678	HD 167818	274.513299	-27.042644	4.627
89683	HD 168323	274.532205	23.296907	6.47
89684	HD 168270	274.532141	18.131689	6.23
89726	HD 167756	274.667326	-42.288395	6.29
89772	HD 168387	274.789738	7.259767	5.412
89773	* 105 Her	274.794498	24.446056	5.279
89805	HD 167425	274.917211	-63.886562	6.25
89826	* kap Lyr	274.965455	36.064547	4.34
89827	HD 168694	274.966958	29.666391	5.993
89835	HD 169028	274.983591	51.347823	6.299
89851	HD 168415	275.036630	-15.831697	5.371
89861	* 106 Her	275.074646	21.961296	4.96
89908	* phi Dra	275.189301	71.337819	4.22
89918	*  74 Oph	275.216932	3.377164	4.856
89920	HD 168357	275.229948	-37.487646	6.434
89925	* 108 Her	275.237376	29.858923	5.6
89931	* del Sgr	275.248512	-29.828102	2.668
89935	* t Her	275.254251	28.869951	5.115
89937	* chi Dra	275.264094	72.732848	3.58
89943	HD 169221	275.279786	49.725466	6.387
89962	* eta Ser	275.327502	-2.898828	3.25
89968	V* Y Sgr	275.345776	-18.860002	5.75
89977	HD 168797	275.368338	5.435711	6.13
89980	*  70 Sgr	275.380692	-24.915275	6.25
89981	HD 169305	275.386098	49.121593	5.05
90012	HD 168646	275.500586	-28.429965	6.154
90023	HD 169110	275.536252	23.285175	5.41
90037	HD 168592	275.577389	-38.656896	5.073
90052	HD 169111	275.647161	12.029681	5.98
90067	HD 169191	275.704332	17.826617	5.249
90074	V* V4050 Sgr	275.721148	-36.669556	5.34
90083	HD 169009	275.758789	-10.218955	6.313
90086	HD 169223	275.762208	16.687996	6.22
90096	HD 169033	275.800676	-12.014755	5.699
90098	* ksi Pav	275.806822	-61.493912	4.367
90124	HD 168838	275.870111	-36.237988	5.518
90133	* phi Oct	275.901870	-75.044277	5.456
90135	* zet Sct	275.914911	-8.934487	4.664
90139	* 109 Her	275.924540	21.769753	3.84
90146	HD 169885	275.949908	53.300836	6.352
90163	HD 169646	275.988675	38.739225	6.37
90174	HD 169268	276.014948	-3.583158	6.38
90182	HD 172864	276.038605	83.175397	6.16
90185	* eps Sgr	276.042993	-34.384616	1.81
90191	* mu. Lyr	276.057440	39.507238	5.12
90200	HD 168905	276.075998	-44.110255	5.227
90223	HD 168871	276.138074	-49.652877	6.454
90238	HD 169370	276.175532	-7.075933	6.296
90253	HD 169493	276.238368	-1.579411	6.19
90256	HD 169718	276.243589	27.394781	6.26
90260	*  18 Sgr	276.255947	-30.756560	5.574
90289	*  21 Sgr	276.337664	-20.541673	4.86
90290	HD 169236	276.340302	-35.992024	6.142
90304	HD 168740	276.381792	-63.021536	6.122
90313	HD 169689	276.411663	8.032007	5.665
90336	HD 169398	276.477528	-33.945718	6.296
90337	HD 169820	276.480125	14.966236	6.364
90342	HD 169981	276.494946	29.828930	5.83
90344	*  42 Dra	276.496404	65.563481	4.823
90398	HD 170111	276.670531	26.449241	6.498
90414	HD 169405	276.725057	-48.117240	5.446
90422	* alf Tel	276.743402	-45.968458	3.463
90476	HD 170811	276.925604	59.549113	6.42
90485	HD 169830	276.956187	-29.816861	5.902
90487	HD 170137	276.959670	3.748567	6.06
90494	HD 169990	276.985333	-17.800354	6.182
90496	* lam Sgr	276.992670	-25.421698	2.81
90497	HD 170200	276.994890	6.194103	5.699
90509	HD 165338	277.026786	-84.387260	6.48
90510	HD 169938	277.025728	-26.757306	6.276
90541	HD 169853	277.112975	-38.995670	5.624
90568	* zet Tel	277.207747	-49.070588	4.11
90576	HD 170141	277.238975	-26.582079	6.5
90595	* gam Sct	277.299377	-14.565803	4.675
90597	HD 169943	277.303633	-43.845937	6.35
90606	HD 167714	277.333100	-80.232707	5.946
90637	HD 170650	277.398793	23.866198	5.863
90642	* c Ser	277.420748	-1.985308	5.369
90647	HD 172340	277.437361	77.547070	5.644
90651	V* V432 Sct	277.444832	-14.581987	6.027
90662	HD 170069	277.483089	-47.220542	5.679
90664	HD 169836	277.486407	-57.523142	5.74
90687	HD 170433	277.549435	-18.728796	5.624
90692	HD 170547	277.559557	-5.724178	6.263
90729	HD 170829	277.673545	20.815047	6.48
90759	HD 170384	277.762287	-41.913834	6.018
90762	HD 170878	277.768536	16.928556	5.75
90763	HD 170479	277.770173	-32.989098	5.386
90797	* nu. Pav	277.843440	-62.278303	4.64
90804	HD 170740	277.857058	-10.795836	5.72
90806	HD 170680	277.859574	-18.402698	5.117
90830	* del01 Tel	277.939305	-45.914813	4.92
90842	HD 170521	277.984266	-43.507381	5.686
90844	*  61 Ser	277.987473	-1.002975	5.936
90853	* del02 Tel	278.008102	-45.757379	5.07
90858	HD 170973	278.028694	3.659612	6.407
90884	HD 170902	278.086083	-14.644249	6.351
90887	HD 170642	278.088879	-39.704001	5.155
90905	* d Dra	278.143844	57.045596	4.761
90913	V* V450 Sct	278.180509	-14.865662	5.51
90915	HD 171245	278.192312	23.616797	5.84
90923	HD 171301	278.208157	30.554209	5.468
90930	HD 169570	278.230590	-73.965598	5.888
90936	HD 170773	278.253820	-39.892021	6.217
90967	HD 171149	278.344618	-5.911719	6.354
90968	* kap02 CrA	278.346380	-38.725983	5.59
90969	* kap01 CrA	278.346170	-38.720046	6.169
90971	V* V2393 Oph	278.347096	8.268250	6.416
90981	HD 170525	278.372793	-58.708778	6.44
90982	* tet CrA	278.375774	-42.312508	4.614
90991	HD 171130	278.412587	-14.853614	5.735
91004	*  24 Sgr	278.472860	-24.032282	5.461
91013	HD 171779	278.486227	52.353516	5.38
91014	HD 171034	278.490693	-33.016560	5.276
91062	HD 170873	278.629661	-52.891521	6.202
91090	HD 171505	278.697890	10.892009	6.47
91105	HD 171391	278.759969	-10.977206	5.119
91117	* alf Sct	278.801780	-8.244071	3.83
91118	HD 171623	278.802467	18.203415	5.79
91119	HD 171780	278.806272	34.458019	6.088
91132	V* V4190 Sgr	278.838883	-20.840449	6.481
91142	HD 171586	278.902054	4.935990	6.46
91172	HD 171416	278.998520	-29.699107	6.366
91196	HD 172569	279.055280	65.488705	6.06
91217	HD 171802	279.115976	9.122492	5.39
91235	HD 172044	279.155601	33.469038	5.41
91237	HD 171834	279.162811	6.671805	5.425
91250	V* V533 Lyr	279.189788	43.221816	6.211
91262	* alf Lyr	279.234735	38.783689	0.03
91279	HD 171994	279.287749	16.198295	6.307
91315	HD 172728	279.389656	62.526576	5.74
91322	* e Ser	279.399844	-0.309475	5.768
91347	HD 171856	279.476780	-21.397729	5.931
91369	HD 171957	279.518664	-14.004783	6.47
91373	V* XY Lyr	279.526984	39.668327	6.05
91389	V* X Oph	279.588051	8.834113	6.4
91394	HD 172088	279.599158	-3.193649	6.482
91405	HD 171961	279.627976	-23.504895	5.772
91438	HD 172051	279.722504	-21.051875	5.86
91461	HD 171819	279.809554	-47.909764	5.84
91491	HD 172671	279.887667	40.935056	6.23
91494	V* V718 CrA	279.896496	-43.185880	5.425
91499	HD 172365	279.903656	5.264291	6.4
91523	HD 172424	279.964993	7.358599	6.265
91525	HD 172883	279.970068	52.196088	5.992
91532	HD 172348	280.001617	-7.790796	5.808
91533	HD 172631	280.008019	30.849470	6.4
91552	HD 172741	280.050837	38.367176	6.489
91606	HD 173398	280.235036	62.749463	6.091
91662	HD 172223	280.377833	-48.094689	6.454
91675	HD 172958	280.422132	31.617612	6.416
91689	*  26 Sgr	280.465128	-23.833422	6.205
91707	HD 173087	280.533701	34.746320	6.473
91723	HD 169904	280.560084	-81.808113	6.262
91726	* del Sct	280.568445	-9.052552	4.71
91733	HD 172021	280.594265	-64.643046	6.353
91751	HD 172831	280.650501	-7.073654	6.125
91755	* c Dra	280.658165	55.539446	5.02
91781	V* V3879 Sgr	280.729582	-19.284210	6.35
91792	* zet Pav	280.758901	-71.428116	4.003
91811	HD 174205	280.793134	70.792848	6.27
91820	HD 173383	280.819054	39.300059	6.44
91843	HD 173664	280.870889	53.871767	6.19
91845	* eps Sct	280.880212	-8.275213	4.889
91852	HD 173416	280.900455	36.556606	6.037
91854	HD 172211	280.905573	-64.551425	5.757
91875	* lam CrA	280.945592	-38.323442	5.111
91880	HD 173093	280.963474	-6.818122	6.299
91883	HD 173417	280.964966	31.926613	5.682
91901	HD 172875	281.033122	-36.718337	6.308
91918	HD 172910	281.080669	-35.641988	4.87
91926	* eps02 Lyr	281.094919	39.612718	4.59
91958	HD 173494	281.167899	23.589885	6.302
91971	* zet01 Lyr	281.193155	37.605122	4.36
91973	* zet02 Lyr	281.200830	37.594600	5.585
91974	HD 173117	281.206685	-25.010909	5.811
91975	*   4 Aql	281.208077	2.060039	5.005
91985	HD 173920	281.230830	54.897185	6.259
91989	HD 172991	281.238135	-39.686188	5.439
92008	HD 172630	281.298029	-61.095193	6.019
92016	HD 173282	281.327739	-21.001616	6.331
92021	HD 172781	281.349512	-56.881969	6.21
92024	HD 172555	281.362087	-64.871260	4.767
92027	HD 173495	281.368184	5.500123	5.83
92040	HD 175938	281.409045	79.942678	6.4
92041	* phi Sgr	281.414123	-26.990783	3.14
92043	* 110 Her	281.415524	20.546309	4.19
92056	HD 174980	281.444864	74.085551	5.244
92072	HD 173047	281.483313	-50.872704	6.24
92079	V* V4405 Sgr	281.504785	-19.606358	6.42
92088	HD 173780	281.518665	26.662129	4.84
92098	HD 173936	281.554210	41.441811	6.051
92111	*  28 Sgr	281.585879	-22.392173	5.366
92112	*  50 Dra	281.592674	75.433956	5.358
92117	*   5 Aql A	281.619141	-0.961692	5.9
92131	HD 173833	281.672341	18.705909	6.179
92133	HD 174237	281.679538	52.987960	5.9
92136	HD 173638	281.680518	-10.125045	5.717
92161	* 111 Her	281.755143	18.181516	4.36
92175	* bet Sct	281.793643	-4.747873	4.22
92202	V* R Sct	281.870625	-5.705151	5.2
92226	* mu. CrA	281.935907	-40.406166	5.217
92233	HD 171990	281.954716	-77.868251	6.392
92243	HD 174179	281.989058	31.756836	6.054
92254	HD 173954	282.011105	4.241421	6.187
92269	HD 174481	282.066980	48.767555	6.12
92270	HD 174160	282.068344	23.514748	6.181
92294	* tet Pav	282.157937	-65.077680	5.701
92296	HD 174005	282.164555	-6.004312	6.494
92308	* eta01 CrA	282.210374	-43.680043	5.456
92312	HD 174262	282.222443	19.328716	5.88
92367	HD 173791	282.363930	-45.810100	5.798
92382	* eta02 CrA	282.395819	-43.434098	5.587
92386	HD 174240	282.404970	0.836196	6.226
92390	*  29 Sgr	282.417117	-20.324655	5.21
92391	HD 174208	282.420651	-5.912863	6.0
92398	* nu.01 Lyr	282.441326	32.812818	5.91
92405	* nu. Lyr	282.470489	32.551060	5.226
92420	* bet Lyr	282.519980	33.362667	3.42
92456	HD 174328	282.629876	-13.572259	6.43
92475	HD 174569	282.689798	10.976388	6.36
92487	HD 174152	282.744382	-41.062696	6.49
92488	HD 174464	282.743802	-9.774097	5.836
92512	* omi Dra	282.800393	59.388350	4.636
92524	*   8 Aql	282.842326	-3.317857	6.056
92549	HD 175225	282.895501	52.975068	5.52
92550	HD 174881	282.899550	28.783672	6.209
92551	HD 174959	282.902156	36.539082	6.082
92593	HD 174853	283.008012	13.965645	6.2
92599	HD 175132	283.030208	41.383245	6.269
92608	HD 174407	283.049743	-41.709195	6.45
92609	* lam Pav	283.054308	-62.187591	4.207
92614	* 112 Her	283.068450	21.425142	5.393
92630	HD 174387	283.113457	-46.595120	5.49
92635	HD 174630	283.117979	-26.650771	6.29
92643	HD 174631	283.154355	-29.379677	6.098
92646	* kap Tel	283.165187	-52.107370	5.173
92669	HD 174500	283.249584	-46.586331	6.16
92674	HD 174866	283.257540	-9.575521	6.321
92676	HD 174474	283.259778	-48.360916	6.168
92687	HD 174430	283.300012	-51.931437	6.286
92689	HD 175535	283.306462	50.708221	4.92
92728	* del01 Lyr	283.431496	36.971719	5.573
92731	HD 175823	283.442956	57.486557	6.232
92747	*  33 Sgr	283.500367	-21.359848	5.678
92761	* nu.01 Sgr	283.542409	-22.744840	4.845
92768	HD 175443	283.555197	27.909527	5.62
92782	* ups Dra	283.599383	71.297196	4.814
92791	* del02 Lyr	283.626178	36.898620	4.3
92814	HD 175156	283.679640	-15.603037	5.086
92818	* 113 Her	283.687021	22.645075	4.6
92822	HD 175824	283.696362	48.859404	5.836
92824	* chi Oct	283.696419	-87.605843	5.278
92831	HD 175740	283.717404	41.602722	5.44
92833	HD 175635	283.718792	33.968571	6.03
92845	* nu.02 Sgr	283.779739	-22.671284	4.98
92855	* sig Sgr	283.816360	-26.296724	2.067
92862	*  13 Lyr	283.833760	43.946090	4.0
92866	HD 175093	283.848123	-37.386589	6.47
92872	*  62 Ser	283.864422	6.615301	5.566
92882	HD 175317	283.879189	-16.376636	5.546
92931	HD 175360	284.002808	-23.173753	5.93
92946	* tet01 Ser	284.054947	4.203606	4.57
92951	* tet02 Ser	284.061004	4.202128	4.98
92953	HD 175219	284.070630	-42.710673	5.346
92963	HD 175640	284.094416	-1.799862	6.196
92968	HD 175679	284.106683	2.471190	6.132
92969	HD 176598	284.107160	65.258085	5.621
92972	HD 175390	284.113491	-31.689028	6.45
92989	V* V686 CrA	284.168691	-37.343250	5.38
92997	*  48 Dra	284.187649	57.814817	5.663
93012	HD 174877	284.227935	-62.801904	6.453
93015	* kap Pav	284.237621	-67.233495	4.4
93026	* eta Sct	284.265292	-5.846315	4.818
93049	HD 175395	284.309631	-43.917010	6.27
93051	*  64 Ser	284.319125	2.535346	5.551
93053	HD 176668	284.322249	62.396773	6.49
93057	* ksi01 Sgr	284.335320	-20.656348	5.054
93068	HD 176560	284.368666	58.225025	6.45
93074	HD 175529	284.393316	-39.823195	6.284
93085	* ksi02 Sgr	284.432501	-21.106658	3.51
93104	HD 176318	284.507909	38.266189	5.883
93124	V* FF Aql	284.561451	17.360916	5.38
93134	HD 175794	284.588668	-31.035975	6.08
93138	HD 176095	284.598770	6.239929	6.207
93140	HD 175892	284.603467	-22.529494	6.141
93148	* lam Tel	284.615704	-52.938627	4.838
93163	* ome Pav	284.651865	-60.200548	5.14
93174	* eps CrA	284.680761	-37.107328	4.85
93175	HD 176301	284.687731	19.794394	6.494
93177	HD 176502	284.694116	40.679191	6.192
93179	*  10 Aql	284.695517	13.906650	5.89
93194	* gam Lyr	284.735927	32.689556	3.25
93197	HD 176707	284.747487	50.809143	6.338
93203	*  11 Aql	284.773912	13.622243	5.258
93209	HD 175855	284.795685	-39.534712	6.497
93210	HD 176582	284.801216	39.217322	6.403
93225	HD 176162	284.849175	-12.840518	5.51
93234	HD 176123	284.861576	-18.566435	6.378
93238	HD 175007	284.871952	-70.468652	6.48
93244	* eps Aql	284.905652	15.068281	4.02
93256	HD 176527	284.939518	26.230405	5.261
93270	V* V387 Vul	284.992121	22.814514	6.29
93279	* lam Lyr	285.003440	32.145513	4.93
93287	HD 175401	285.014857	-66.653616	5.971
93299	V* LV Dra	285.056991	50.533466	5.377
93315	HD 176246	285.103389	-24.942170	6.356
93340	*  49 Dra	285.181069	55.658301	5.513
93354	HD 176896	285.230006	33.802156	6.038
93371	HD 176270	285.267928	-37.061574	6.4
93374	HD 176776	285.272667	19.309564	6.46
93393	HD 176871	285.322320	26.291410	5.687
93408	*  16 Lyr	285.359928	46.934763	5.006
93418	HD 176593	285.389653	-15.282618	6.32
93423	HD 176537	285.407251	-22.695365	6.215
93429	* i Aql	285.420120	-5.739090	4.02
93437	HD 177109	285.451544	33.621266	6.381
93443	HD 176971	285.455963	22.264412	6.45
93466	HD 177483	285.529304	52.261057	6.389
93470	HD 176425	285.535504	-41.910507	6.209
93488	HD 176981	285.589860	8.373538	6.271
93498	HD 176704	285.615313	-24.846825	5.628
93506	* zet Sgr	285.653043	-29.880063	2.59
93523	HD 177199	285.719254	19.661012	6.094
93526	* g Aql	285.727088	-3.698969	5.4
93537	HD 176884	285.765855	-19.245683	6.0
93542	* zet CrA	285.778653	-42.095106	4.725
93543	HD 176903	285.779156	-19.103023	6.357
93552	V* V701 CrA	285.823734	-38.253148	5.716
93574	HD 175986	285.873471	-68.755581	5.861
93580	HD 177178	285.884359	1.818734	5.815
93624	HD 176664	285.989829	-51.018603	5.928
93629	HD 176522	286.004237	-57.959960	6.3
93667	HD 177074	286.104407	-31.047081	5.482
93683	* omi Sgr	286.170759	-21.741496	3.77
93713	*  51 Dra	286.229856	53.396656	5.38
93717	* h Aql	286.240302	-4.031423	5.394
93718	HD 177808	286.241145	31.744071	5.56
93720	HD 177809	286.242863	30.733405	6.06
93733	HD 178208	286.291002	49.923164	6.43
93747	* zet Aql	286.352533	13.863477	2.99
93763	HD 177517	286.421584	-15.660420	5.97
93770	HD 178003	286.446365	29.921676	6.31
93805	* lam Aql	286.562244	-4.882563	3.43
93808	HD 178329	286.570983	41.413782	6.496
93815	* rho Tel	286.583151	-52.340911	5.174
93820	V* R Aql	286.592713	8.230004	6.09
93825	* gam CrA	286.604626	-37.063442	4.21
93843	HD 178233	286.657226	28.628595	5.55
93845	HD 178187	286.659984	24.250783	5.79
93855	HD 177817	286.717165	-16.229251	6.11
93858	HD 177565	286.718602	-37.810659	6.16
93860	HD 177365	286.728410	-50.323143	6.274
93862	HD 177406	286.731696	-48.299144	5.951
93864	* tau Sgr	286.735013	-27.670416	3.31
93867	*  18 Aql	286.744179	11.071227	5.086
93887	HD 177863	286.784694	-18.738169	6.293
93903	* iot Lyr	286.825551	36.100159	5.253
93917	*  17 Lyr	286.856591	32.501760	5.22
93925	HD 177846	286.878509	-28.636801	6.027
93966	HD 178428	286.988834	16.853382	6.07
93975	HD 178476	287.014677	21.698929	6.211
93990	V* TT Aql	287.057290	1.298652	6.5
93993	HD 178075	287.060683	-24.657370	6.3
93996	HD 178175	287.069591	-19.290288	5.49
94005	* del CrA	287.087374	-40.496698	4.571
94013	HD 179094	287.107452	52.425731	5.893
94054	HD 177693	287.218020	-55.720425	6.45
94068	*  19 Aql	287.249645	6.073218	5.23
94083	*  59 Dra	287.291173	76.560504	5.107
94114	* alf CrA	287.368090	-37.904474	4.087
94130	HD 178254	287.415653	-39.827236	6.435
94140	*  55 Dra	287.440858	65.978514	6.26
94141	* pi. Sgr	287.440971	-21.023614	2.88
94144	HD 178555	287.450609	-19.803658	6.11
94149	HD 178744	287.464983	-0.428113	6.321
94150	HD 177389	287.470284	-68.424449	5.305
94157	HD 178322	287.490217	-41.892245	5.855
94160	* bet CrA	287.507320	-39.340793	4.095
94243	HD 178628	287.757935	-39.004705	6.344
94272	HD 178840	287.828402	-29.502293	6.272
94280	HD 179583	287.846511	40.429096	6.188
94290	HD 179422	287.879097	26.735871	6.336
94302	*  53 Dra	287.919087	56.859206	5.125
94311	*  19 Lyr	287.941702	31.283457	5.932
94372	HD 179201	288.116833	-21.658382	6.39
94376	* del Dra	288.138756	67.661539	3.07
94382	HD 179648	288.153055	21.554573	6.04
94385	*  20 Aql	288.169632	-7.939518	5.34
94398	HD 178845	288.192244	-50.486419	6.13
94434	HD 179323	288.306950	-25.906787	5.765
94437	HD 179497	288.314677	-12.282581	5.51
94477	*  21 Aql	288.427922	2.293697	5.15
94478	HD 179791	288.433467	5.515611	6.49
94481	* eta Lyr	288.439535	39.145966	4.398
94490	*  54 Dra	288.479645	57.705080	5.003
94556	HD 179433	288.664837	-45.193527	5.909
94598	HD 180242	288.761210	20.203117	6.028
94620	*   1 Sge	288.822337	21.232117	5.642
94623	HD 180756	288.829903	50.071122	6.31
94624	HD 180262	288.833709	15.083653	5.571
94630	HD 180450	288.853581	30.526383	5.85
94643	* psi Sgr	288.885140	-25.256687	4.86
94645	HD 179949	288.888459	-24.179353	6.237
94646	HD 180377	288.889009	18.516348	6.457
94648	* tau Dra	288.887439	73.355522	4.45
94685	V* V473 Lyr	288.997872	27.926302	6.153
94703	*   1 Vul	289.054330	21.390429	4.77
94712	HD 179886	289.090592	-45.466029	5.371
94713	* tet Lyr	289.092056	38.133742	4.38
94720	HD 180555	289.111642	14.544612	5.67
94724	* tau Pav	289.119217	-69.190827	6.255
94727	*  22 Aql	289.129298	4.834793	5.569
94730	V* RY Sgr	289.136529	-33.522317	6.25
94770	HD 179419	289.252172	-65.227703	6.39
94779	* kap Cyg	289.275701	53.368458	3.76
94820	* d Sgr	289.408663	-18.952906	4.878
94827	*   2 Vul	289.431814	23.025539	5.43
94833	HD 180782	289.450808	2.031725	6.174
94834	* ome01 Aql	289.454163	11.595424	5.283
94858	HD 180134	289.540755	-53.387087	6.362
94885	*  23 Aql	289.635398	1.085128	5.28
94890	HD 181597	289.657800	49.569455	6.317
94913	*  24 Aql	289.712282	0.339041	6.404
94916	HD 181122	289.719800	9.618068	6.311
94929	HD 180928	289.750400	-15.536569	6.06
94932	HD 181470	289.754788	37.445345	6.26
94974	HD 181960	289.901811	54.375995	6.231
94982	*  28 Aql	289.913950	12.374679	5.518
94986	HD 180885	289.916643	-35.421459	5.579
95002	* ome02 Aql	289.971112	11.534964	6.012
95038	HD 182190	290.066827	57.645122	5.91
95066	* f Aql	290.137109	-5.415768	4.99
95067	HD 181828	290.137733	35.185960	6.29
95073	* d Aql	290.148693	-0.892160	5.451
95077	HD 181240	290.158951	-22.402546	5.579
95081	* pi. Dra	290.167048	65.714532	4.59
95149	HD 181321	290.373866	-34.983432	6.48
95154	V* UX Dra	290.397993	76.559599	5.94
95159	HD 181558	290.404640	-19.234457	6.26
95167	HD 184102	290.418042	79.602836	6.06
95168	* rho01 Sgr	290.418166	-17.847199	3.93
95176	* ups Sgr	290.431761	-15.955017	4.61
95188	* rho02 Sgr	290.462064	-18.308389	5.845
95211	HD 181401	290.539699	-42.016028	6.338
95222	HD 181907	290.589784	-0.252363	5.811
95235	HD 182272	290.638973	33.518162	6.084
95239	HD 181295	290.657289	-51.231281	6.42
95241	* bet01 Sgr	290.659580	-44.458958	4.01
95253	HD 182101	290.701462	9.913150	6.346
95260	*   3 Vul	290.712023	26.262408	5.192
95261	* eta Tel	290.713359	-54.423929	5.02
95281	HD 182038	290.768535	-7.400617	6.308
95294	* bet02 Sgr	290.804740	-44.799779	4.27
95340	HD 182422	290.945541	20.264360	6.393
95347	* alf Sgr	290.971564	-40.615937	3.943
95352	HD 182694	290.985419	43.388169	5.853
95369	HD 181019	291.022822	-68.371087	6.336
95370	HD 182635	291.025226	36.452094	6.43
95372	*   2 Cyg	291.031577	29.621336	4.977
95396	HD 181925	291.089473	-43.722065	6.132
95398	*   2 Sge	291.091967	16.937721	6.247
95408	HD 182180	291.125750	-27.865942	6.011
95453	V* V1691 Aql	291.256372	-4.884561	6.499
95456	HD 182286	291.266844	-29.309358	5.93
95477	* chi01 Sgr	291.318711	-24.508567	5.009
95485	HD 182477	291.339979	-13.897118	5.71
95487	HD 182761	291.343298	20.271727	6.287
95498	*   4 Vul	291.369178	19.798353	5.16
95501	* del Aql	291.374589	3.114779	3.36
95503	* chi03 Sgr	291.373582	-23.962454	5.43
95556	*   4 Cyg	291.538029	36.317898	5.15
95557	HD 182645	291.546011	-15.053251	5.706
95560	*   5 Vul	291.555193	20.097735	5.591
95564	*  50 Sgr	291.579822	-21.776692	5.569
95572	HD 182900	291.600561	13.023803	5.754
95576	HD 183611	291.610405	62.557165	6.38
95582	HD 182955	291.619527	19.891495	5.87
95585	* nu. Aql	291.629539	0.338571	4.72
95619	HD 182681	291.735346	-29.743227	5.644
95656	* iot01 Cyg	291.858164	52.320438	5.75
95664	HD 183144	291.891281	14.282480	6.303
95673	HD 183362	291.901653	37.941196	6.34
95690	HD 182509	291.950489	-54.325272	5.688
95732	HD 183227	292.086659	2.930033	5.839
95771	* alf Vul	292.176375	24.664906	4.45
95785	*   8 Vul	292.237847	24.768684	5.812
95793	* c Aql	292.254112	1.950449	5.783
95812	HD 183387	292.325094	0.246074	6.245
95818	*   7 Vul	292.337074	20.279740	6.326
95822	HD 183492	292.342308	14.596019	5.564
95823	HD 183007	292.349348	-43.445195	5.701
95853	* iot Cyg	292.426493	51.729778	3.755
95865	HD 183275	292.467441	-26.985605	5.49
95866	HD 182893	292.469209	-55.441751	6.127
95898	HD 183589	292.543896	2.904073	6.042
95929	HD 183656	292.638008	3.444406	6.082
95932	* mu. Tel	292.644216	-55.110053	6.285
95937	* e Aql	292.665987	-2.788887	5.03
95947	* bet01 Cyg	292.680315	27.959674	3.08
95951	* bet02 Cyg	292.689151	27.965275	5.11
95953	HD 183986	292.695119	36.228525	6.258
95965	HD 183545	292.725194	-21.312237	6.13
95978	HD 184958	292.751126	70.989342	6.062
95999	HD 182709	292.795711	-68.433920	5.961
96003	V* V1817 Cyg	292.806475	55.731835	6.369
96014	HD 184293	292.830545	50.306705	5.54
96016	HD 184010	292.840089	26.617171	5.893
96052	*   8 Cyg	292.943008	34.452969	4.72
96095	HD 183577	293.058349	-44.546384	6.48
96100	* sig Dra	293.089959	69.661177	4.68
96141	HD 183552	293.224266	-53.185615	5.744
96164	HD 184936	293.291953	60.158691	6.29
96178	V* PW Tel	293.340093	-45.271776	5.583
96198	V* V1743 Cyg	293.423359	49.262319	5.96
96204	V* V450 Aql	293.441800	5.465703	6.48
96229	* mu. Aql	293.522304	7.378940	4.45
96234	V* V4089 Sgr	293.535357	-40.034640	5.91
96274	HD 184268	293.641423	-23.858831	6.475
96275	*   9 Vul	293.645404	19.773401	5.0
96288	HD 184875	293.671923	42.412515	5.336
96297	HD 185394	293.693126	63.434172	6.46
96302	*   9 Cyg	293.712202	29.462968	5.407
96316	HD 185114	293.755142	52.502017	6.38
96327	*  37 Aql	293.780241	-10.560443	5.12
96341	* iot Tel	293.804110	-48.099199	4.879
96351	HD 184663	293.854716	2.913606	6.368
96356	HD 184573	293.874190	-7.460283	6.325
96365	HD 184574	293.889415	-12.253114	6.271
96387	*  11 Cyg	293.951268	36.944541	6.034
96396	HD 185264	293.983108	50.238617	6.46
96406	* h01 Sgr	294.006890	-24.719081	5.64
96417	HD 184961	294.034796	22.585762	6.319
96428	HD 184944	294.065344	14.391066	6.364
96440	V* V4333 Sgr	294.108648	-18.852922	6.12
96441	* tet Cyg	294.110554	50.221101	4.48
96459	HD 185351	294.158237	44.694934	5.169
96465	* h02 Sgr	294.176806	-24.883621	4.598
96468	* iot Aql	294.180324	-1.286600	4.36
96481	HD 185018	294.218561	11.273201	5.975
96483	* kap Aql	294.222704	-7.027479	4.96
96491	HD 185330	294.236039	38.383825	6.5
96496	HD 184835	294.263922	-18.231055	5.642
96503	HD 185268	294.290076	29.333701	6.43
96516	* eps Sge	294.322471	16.462804	5.659
96536	HD 184985	294.393390	-14.301799	5.451
96546	HD 185435	294.420067	35.022536	6.42
96556	*  42 Aql	294.447158	-4.647640	5.68
96572	HD 185657	294.486288	49.284396	6.46
96601	HD 185436	294.574125	20.783392	6.488
96607	HD 184585	294.608140	-57.983337	6.187
96630	HD 185423	294.704125	3.381526	6.358
96665	* sig Aql	294.798510	5.397772	5.17
96683	* phi Cyg	294.844191	30.153321	4.673
96688	V* V340 Sge	294.855565	16.571121	6.344
96693	*  14 Cyg	294.860386	42.818261	5.4
96706	HD 185955	294.893903	45.957438	6.245
96721	V* QQ Tel	294.924081	-45.278552	6.26
96724	HD 185837	294.937189	33.978951	6.09
96729	*  53 Sgr	294.956072	-23.427682	6.321
96734	HD 184586	294.967425	-66.685507	6.37
96757	* alf Sge	295.024131	18.013891	4.38
96760	HD 185467	295.029853	-23.429084	5.957
96771	HD 186340	295.054985	60.507110	6.5
96781	HD 185075	295.077998	-54.417789	6.26
96805	HD 186121	295.171459	43.077825	6.16
96807	*  45 Aql	295.180488	-0.621223	5.637
96808	* e01 Sgr	295.180763	-16.293271	5.296
96825	HD 186155	295.209098	45.524941	5.06
96837	* bet Sge	295.262246	17.476042	4.38
96840	V* QS Aql	295.273035	13.815681	5.99
96856	HD 186021	295.311037	22.452773	6.391
96882	HD 184996	295.405271	-65.854414	6.074
96895	*  16 Cyg A	295.453973	50.525061	5.95
96901	*  16 Cyg B	295.466553	50.517525	6.2
96907	HD 186307	295.490058	40.254168	6.22
96917	HD 185966	295.512176	-9.193656	6.29
96919	V* V1351 Cyg	295.517279	55.463222	6.48
96931	*  46 Aql	295.553385	12.193261	6.321
96950	* e02 Sgr	295.629721	-16.123998	5.045
96957	* chi Aql	295.641701	11.826584	5.31
96977	HD 186377	295.685858	32.426742	5.925
97028	HD 186440	295.789991	30.677891	6.075
97029	HD 186506	295.794861	38.671714	6.36
97033	HD 186760	295.810078	58.016617	6.295
97063	HD 186185	295.889782	-15.470021	5.49
97067	HD 186042	295.906743	-37.538765	6.131
97070	HD 186815	295.914568	57.042716	6.282
97077	*  10 Vul	295.928820	25.771920	5.497
97081	HD 186619	295.937902	41.773111	5.84
97087	HD 186568	295.964381	34.162725	6.053
97091	HD 186519	295.983217	27.135405	6.364
97118	*  15 Cyg	296.069188	37.354356	4.887
97122	HD 187340	296.076741	69.337063	5.899
97139	* psi Aql	296.142461	13.302778	6.243
97142	V* V2090 Cyg	296.159054	34.414163	6.35
97144	HD 186535	296.172072	8.726536	6.428
97150	V* SU Cyg	296.203059	29.264693	6.44
97151	V* V973 Cyg	296.204332	40.716804	6.37
97165	* del Cyg	296.243654	45.130815	2.87
97228	HD 186901	296.415229	36.091029	6.379
97229	* ups Aql	296.416447	7.613157	5.91
97242	HD 186927	296.463983	35.012752	6.098
97244	HD 186660	296.467640	-2.883456	6.48
97260	HD 186500	296.505105	-31.908568	5.512
97278	* gam Aql	296.564912	10.613259	2.72
97290	* f Sgr	296.590581	-19.761115	4.873
97307	HD 187038	296.645874	32.888592	6.179
97326	V* CN Dra	296.686075	68.437985	6.331
97365	* del Sge	296.846940	18.534314	3.81
97372	HD 187372	296.861778	47.907570	6.12
97376	HD 187235	296.865749	38.407615	5.824
97402	HD 187193	296.952255	25.384059	6.001
97421	* nu. Tel	297.004990	-56.362611	5.33
97423	HD 186984	297.012602	-13.703614	6.083
97433	* eps Dra	297.043127	70.267930	3.91
97454	HD 187203	297.127142	10.694097	6.457
97473	* pi. Aql	297.175240	11.815894	5.74
97484	HD 187150	297.209054	-12.319420	6.46
97485	V* V1765 Cyg	297.210825	33.437284	6.463
97491	HD 186756	297.229534	-52.888110	6.25
97496	* zet Sge	297.244416	19.142042	5.034
97499	HD 187195	297.259184	-10.870772	6.04
97515	HD 187098	297.298379	-28.788970	6.031
97534	HD 186219	297.355429	-72.503378	5.392
97538	HD 187638	297.364599	38.710148	6.117
97569	HD 186584	297.472577	-66.813068	6.422
97572	V* V379 Vul	297.478003	28.439674	6.444
97573	HD 187614	297.482635	27.085182	6.466
97598	HD 187086	297.558582	-47.557389	5.895
97607	HD 187567	297.572828	7.902415	6.478
97611	HD 186837	297.590654	-61.061118	6.206
97629	* chi Cyg	297.641339	32.914049	4.24
97630	*  19 Cyg	297.641648	38.722418	5.12
97634	V* V380 Cyg	297.655528	40.599760	5.68
97635	* d Cyg	297.657181	52.987997	5.03
97649	* alf Aql	297.695827	8.868321	0.76
97650	*  51 Aql	297.694933	-10.763509	5.39
97651	V* V2093 Cyg	297.695302	37.826325	6.06
97674	V* NZ Pav	297.755152	-65.605088	6.022
97679	*  12 Vul	297.767118	22.610048	4.96
97687	HD 187660	297.796241	-2.460988	6.13
97697	HD 187753	297.823867	9.629893	6.233
97700	HD 188074	297.830746	47.377236	6.215
97749	V* V3961 Sgr	297.960878	-39.874372	5.33
97757	HD 188209	297.996120	47.027339	5.63
97765	HD 187982	298.006643	24.992163	5.57
97774	HD 188252	298.029859	47.931795	5.897
97783	*  57 Sgr	298.050017	-19.045002	5.896
97789	HD 188149	298.068391	36.432294	6.1
97796	*   9 Sge	298.090687	18.671875	6.23
97804	* eta Aql	298.118204	1.005659	3.8
97816	HD 187420	298.157172	-54.971028	5.705
97819	HD 187421	298.163050	-54.976444	6.366
97845	HD 188439	298.255193	47.807720	6.279
97849	V* V505 Sgr	298.276608	-14.603191	6.48
97870	*  23 Cyg	298.322409	57.523474	5.132
97871	V* V1291 Aql	298.328065	-3.114462	5.619
97886	*  13 Vul	298.365399	24.079613	4.64
97892	HD 188793	298.397619	59.708658	6.058
97928	*  56 Aql	298.534486	-8.574211	5.79
97938	* ksi Aql	298.562006	8.461454	4.707
97944	HD 188088	298.573937	-23.941072	6.213
97961	HD 188485	298.629471	24.319359	5.52
97966	*  57 Aql A	298.656885	-8.227289	5.71
97967	*  57 Aql B	298.658596	-8.237053	6.44
97970	HD 188385	298.667500	7.140353	6.127
97971	HD 187653	298.668503	-61.170791	6.205
97980	*  58 Aql	298.686645	0.273625	5.631
97985	HD 188650	298.701046	36.995676	5.781
98012	HD 188158	298.771270	-33.046251	6.47
98032	* iot Sgr	298.815395	-41.868304	4.13
98036	* bet Aql	298.828304	6.406764	3.71
98044	HD 189127	298.841941	58.250192	6.1
98055	* psi Cyg	298.907452	52.438939	5.02
98066	* ome Sgr	298.959844	-26.299359	4.7
98068	*  22 Cyg	298.965670	38.486719	4.946
98073	HD 189276	298.980745	58.845969	4.96
98077	V* RR Sgr	298.985140	-29.190036	6.15
98085	*  10 Sge	299.005262	16.634795	5.36
98086	HD 186154	299.007079	-81.349841	6.383
98103	* phi Aql	299.059383	11.423723	5.278
98110	* eta Cyg	299.076549	35.083423	3.88
98111	HD 189296	299.079376	56.687009	6.16
98143	HD 189066	299.183926	36.250596	6.009
98146	HD 189253	299.188220	50.902522	6.455
98162	* b Sgr	299.236803	-27.169897	4.528
98174	HD 188162	299.276288	-58.901352	5.241
98194	HD 189178	299.307782	40.367826	5.455
98234	*  11 Sge	299.439356	16.789161	5.534
98253	HD 189377	299.483806	42.260772	6.45
98258	* g Sgr	299.487623	-15.491468	4.998
98308	HD 189900	299.619708	63.534114	6.15
98325	HD 189395	299.658258	30.983661	5.502
98332	HD 188097	299.672045	-69.163956	5.724
98333	HD 190252	299.674374	70.366952	6.323
98337	* gam Sge	299.689284	19.492146	3.47
98346	HD 188164	299.720771	-68.762583	6.374
98351	HD 188981	299.735116	-30.538390	6.28
98353	*  60 Sgr	299.738342	-26.195762	4.846
98375	*  14 Vul	299.793903	23.101279	5.66
98377	HD 189337	299.800229	11.305568	6.5
98379	V* V2100 Cyg	299.813945	52.055691	6.125
98383	HD 189684	299.835100	45.772542	5.933
98385	HD 189322	299.844344	1.377701	6.18
98401	*  69 Dra	299.902612	76.481393	6.2
98412	* tet01 Sgr	299.934079	-35.276308	4.37
98416	HD 189340	299.947001	-9.958232	5.87
98421	* tet02 Sgr	299.963988	-34.697799	5.299
98425	*  25 Cyg	299.979981	37.042885	5.19
98438	*  13 Sge	300.013783	17.516508	5.35
98458	HD 189671	300.063997	26.187886	6.494
98461	HD 189195	300.066387	-37.701723	5.948
98470	HD 189245	300.084372	-33.703451	5.66
98478	* mu.01 Pav	300.096223	-66.949421	5.76
98482	HD 189080	300.105533	-49.350945	6.176
98485	HD 189140	300.110358	-43.043304	6.097
98495	* eps Pav	300.148131	-72.910504	3.94
98512	HD 189198	300.201349	-45.112923	5.781
98526	HD 189695	300.245734	8.557736	5.91
98543	*  15 Vul	300.275202	27.753573	4.651
98563	HD 189942	300.313783	37.098998	6.214
98571	* e Cyg	300.339847	50.104693	5.048
98575	HD 189561	300.349361	-22.737309	5.999
98579	HD 189388	300.361578	-40.814334	6.306
98583	* e Dra	300.368935	64.820976	5.27
98608	V* NU Pav	300.436436	-59.375896	5.13
98609	HD 189944	300.436293	24.800416	5.87
98624	* mu.02 Pav	300.468591	-66.943964	5.331
98633	*  63 Sgr	300.494164	-13.637215	5.69
98658	*  65 Dra	300.584238	64.634420	6.25
98688	* c Sgr	300.664502	-27.709844	4.58
98701	HD 190227	300.703389	31.958831	6.378
98702	* rho Dra	300.704462	67.873564	4.5
98738	HD 190211	300.818332	18.500993	5.968
98754	*  14 Sge	300.875061	16.031252	5.658
98761	HD 189831	300.889444	-37.940685	4.764
98772	HD 190322	300.911662	22.941054	6.42
98785	HD 190009	300.934625	-22.595597	6.428
98819	*  15 Sge	301.025920	17.070188	5.788
98823	* tau Aql	301.034645	7.277964	5.508
98842	HD 190056	301.081638	-32.056296	4.99
98844	*  62 Aql	301.096462	-0.709308	5.68
98858	HD 190781	301.119984	48.229667	6.14
98863	HD 190603	301.150726	32.218598	5.65
98872	HD 191174	301.185493	63.890205	6.284
98890	HD 191372	301.222469	68.027160	6.28
98910	V* V1401 Aql	301.272557	-11.599415	6.39
98915	HD 190964	301.278156	51.839398	6.14
98920	* eta Sge	301.289554	19.991073	5.093
98946	HD 191096	301.339553	56.341419	6.18
98954	HD 190658	301.360609	15.500429	6.34
98959	HD 189567	301.386523	-67.320896	6.07
98962	*  66 Dra	301.386991	61.995420	5.408
99024	HD 190664	301.550897	-4.078197	6.469
99080	*  17 Vul	301.722532	23.614425	5.056
99120	* ksi Tel	301.846489	-52.880793	4.94
99137	HD 190422	301.896211	-55.016014	6.25
99145	HD 191243	301.922670	34.422907	6.141
99171	*  64 Aql	302.007593	-0.678185	5.968
99176	V* V344 Sge	302.027092	16.664387	6.4
99188	HD 190580	302.039790	-52.577796	6.46
99200	HD 190222	302.085306	-66.354693	6.46
99221	V* AV Cap	302.130297	-10.062595	6.174
99234	HD 191263	302.159495	10.725867	6.339
99240	* del Pav	302.181704	-66.182067	3.56
99255	* kap Cep	302.222286	77.711421	4.4
99270	HD 190879	302.266042	-47.067928	6.457
99294	HD 191892	302.343160	56.026827	6.49
99303	* b02 Cyg	302.356746	36.839621	4.93
99404	*  18 Vul	302.639738	26.904168	5.507
99445	HD 191814	302.764757	21.134579	6.24
99457	HD 191639	302.791991	-8.842345	6.49
99461	HD 191408	302.799745	-36.101209	5.32
99473	* tet Aql	302.826195	-0.821464	3.22
99479	HD 191877	302.837570	21.874936	6.269
99500	*  68 Dra	302.895299	62.078548	5.7
99518	*  19 Vul	302.949892	26.808991	5.487
99529	* ksi01 Cap	302.991242	-12.392402	6.34
99531	*  20 Vul	303.002923	26.478807	5.92
99570	HD 191584	303.099334	-42.780060	6.191
99572	* ksi Cap	303.107794	-12.617498	5.85
99579	HD 192439	303.132157	51.463565	6.043
99631	*  66 Aql	303.307854	-1.009363	5.47
99639	*  30 Cyg	303.325224	46.815675	4.819
99653	V* RS Cyg	303.348590	38.729019	6.5
99655	*  33 Cyg	303.349442	56.567723	4.271
99663	HD 192781	303.365068	60.640570	5.78
99666	HD 191732	303.384870	-47.713221	6.47
99675	*  31 Cyg	303.407951	46.741323	3.8
99685	HD 192535	303.428389	43.379011	6.14
99719	HD 192538	303.520339	36.604883	6.464
99738	*  21 Vul	303.560540	28.694817	5.189
99742	* rho Aql	303.569245	15.197607	4.946
99747	HD 191829	303.579272	-52.445765	5.632
99762	HD 191603	303.612110	-63.415789	6.086
99770	* b03 Cyg	303.633468	36.806306	4.99
99824	HD 192685	303.816234	25.591962	4.75
99825	HD 192310	303.822464	-27.032975	5.723
99841	HD 192787	303.849036	33.729086	5.698
99848	* omi02 Cyg	303.868018	47.714226	3.98
99853	*  22 Vul	303.875994	23.508903	5.176
99870	HD 192983	303.930223	50.232911	6.36
99874	*  23 Vul	303.942263	27.814199	4.52
99878	HD 192433	303.960884	-30.005275	6.275
99889	HD 192985	304.002565	45.579525	5.864
99893	HD 192934	304.014276	38.898007	6.275
99894	HD 192699	304.025016	4.580794	6.446
99913	*  18 Sge	304.082451	21.598702	6.11
99918	*   3 Cap	304.095024	-12.337119	6.299
99920	V* V4434 Sgr	304.098379	-36.453574	6.4
99929	HD 192987	304.117311	37.056396	6.448
99951	*  24 Vul	304.196193	24.671101	5.302
99968	HD 193092	304.230357	40.365076	5.236
99985	HD 192895	304.251847	8.963224	6.49
100016	HD 193217	304.371069	42.722062	6.273
100018	HD 193094	304.381374	29.147562	6.22
100027	* alf01 Cap	304.411955	-12.508212	4.27
100044	* P Cyg	304.446675	38.032930	4.82
100062	*   4 Cap	304.505820	-21.809958	5.851
100064	* alf02 Cap	304.513565	-12.544852	3.58
100069	HD 193322	304.529117	40.732083	5.84
100097	HD 193592A	304.603128	55.397096	6.0
100108	*  36 Cyg	304.619397	36.999804	5.58
100122	*  35 Cyg	304.662800	34.982771	5.162
100142	HD 193536	304.706950	46.322193	6.443
100151	HD 192827	304.733246	-47.710779	6.28
100155	HD 193469	304.739738	39.004185	6.36
100165	HD 192531	304.762497	-63.230742	6.279
100184	HD 192886	304.824382	-47.580290	6.13
100195	* sig Cap	304.848351	-19.118525	5.265
100208	HD 193373	304.872066	13.216766	6.21
100219	V* U Cyg	304.902478	47.894194	5.9
100221	*  71 Dra	304.903030	62.257444	5.709
100232	HD 193329	304.930270	-1.078513	6.042
100250	V* V1584 Cyg	304.983510	46.837318	6.478
100256	HD 193472	305.000786	13.548088	5.938
100261	V* AC Dra	305.025049	68.880318	5.55
100274	HD 193556	305.085514	14.569256	6.17
100276	HD 193579	305.089195	17.792926	5.808
100295	HD 193944	305.127672	53.595688	6.197
100300	HD 193002	305.134642	-55.050884	6.259
100310	* nu. Cap	305.165899	-12.759081	4.76
100325	* bet02 Cap	305.193950	-14.784890	6.1
100332	HD 193302	305.216237	-35.673675	6.463
100345	* bet01 Cap	305.252777	-14.781408	3.08
100357	HD 194298	305.298018	63.980117	5.69
100379	HD 192887	305.367732	-66.749689	6.5
100412	HD 193307	305.420986	-49.999417	6.28
100434	HD 194069	305.512730	41.132137	6.383
100435	*  25 Vul	305.514293	24.446101	5.56
100437	HD 194152	305.522365	45.794999	5.572
100453	* gam Cyg	305.557091	40.256679	2.23
100469	* kap01 Sgr	305.614593	-42.049562	5.59
100486	HD 194097	305.655446	31.264965	6.072
100501	HD 194193	305.688732	41.026013	5.93
100511	HD 194012	305.718205	14.551098	6.152
100515	HD 194220	305.731384	42.983544	6.3
100524	HD 193896	305.753291	-9.654711	6.283
100541	HD 194013	305.794556	5.342982	5.301
100574	HD 194335	305.934871	37.476447	5.9
100587	*  39 Cyg	305.965057	32.190134	4.44
100591	* kap02 Sgr	305.971569	-42.422872	5.64
100651	HD 194668	306.134858	53.551928	6.479
100664	HD 194244	306.156242	1.068405	6.136
100672	HD 194263	306.173988	1.368565	6.42
100697	HD 191220	306.228824	-83.310619	6.142
100714	HD 194882	306.270869	59.600099	6.441
100738	HD 194215	306.361781	-28.663264	5.858
100751	* alf Pav	306.411904	-56.735090	1.918
100754	HD 194577	306.418871	21.409644	5.672
100758	HD 194454	306.427186	-2.800375	6.1
100762	HD 194526	306.433810	10.056001	6.307
100764	HD 194184	306.449695	-40.796185	6.08
100779	HD 194616	306.504868	19.865493	6.444
100781	HD 194578	306.506657	13.911613	6.35
100807	HD 194688	306.596478	17.315559	6.222
100808	HD 195066	306.597807	56.638695	6.369
100859	*  43 Cyg	306.759448	49.383362	5.715
100866	HD 194951	306.782392	34.329070	6.398
100876	HD 194841	306.809126	20.476487	6.43
100881	* pi. Cap	306.830008	-18.211694	5.14
100907	*  40 Cyg	306.892746	38.440351	5.62
100953	HD 194937	307.031415	8.437448	6.229
100965	*  75 Dra	307.060766	81.422708	5.368
100969	HD 194953	307.069927	2.937231	6.195
100977	*  68 Aql	307.103769	-3.357791	6.117
101011	HD 194918	307.181624	-15.741497	6.41
101017	HD 194783	307.194765	-35.595863	6.077
101027	* rho Cap	307.215060	-17.813686	4.77
101044	HD 197508	307.262248	83.625418	6.19
101067	*  42 Cyg	307.334959	36.454727	5.899
101076	*  41 Cyg	307.348898	30.368555	4.01
101084	HD 195554	307.362962	56.068192	5.912
101090	HD 195006	307.380591	-22.391565	6.126
101093	* tet Cep	307.395439	62.994110	4.22
101101	*  69 Aql	307.412500	-2.885528	4.9
101123	* omi Cap A	307.474623	-18.583184	5.897
101134	HD 196142	307.502992	72.531701	6.221
101138	* ome01 Cyg	307.514754	48.951567	4.936
101160	*   1 Del	307.574836	10.895923	6.08
101211	HD 195206	307.736665	-29.112661	6.343
101213	HD 195479	307.742312	20.606149	6.2
101214	*  44 Cyg	307.746788	36.935840	6.216
101221	HD 195330	307.767944	-15.056165	6.11
101243	* ome02 Cyg	307.828402	49.220295	5.44
101245	HD 195820	307.838131	52.309523	6.207
101260	*  73 Dra	307.876695	74.954626	5.185
101268	HD 195690	307.901099	34.330372	6.467
101285	HD 195964	307.943789	56.779863	6.141
101300	HD 195693	307.992622	25.804970	6.362
101339	HD 195617	308.085058	2.132804	6.46
101345	HD 195564	308.098728	-9.853385	5.65
101384	HD 195549	308.218166	-24.943826	6.339
101421	* eps Del	308.303220	11.303266	4.03
101427	HD 193721	308.323486	-80.964887	5.767
101474	*  47 Cyg	308.475784	35.250844	4.636
101475	V* V2015 Cyg	308.478515	46.693852	5.769
101477	* nu. Mic	308.479469	-44.516046	5.118
101483	* eta Del	308.487675	13.027204	5.38
101489	HD 195909	308.499683	4.898662	6.418
101505	HD 196035	308.541597	20.985186	6.47
101507	HD 195838	308.548735	-13.721091	6.116
101552	HD 195843	308.697466	-30.473471	6.402
101556	HD 196379	308.710015	51.854223	6.18
101558	HD 195814	308.731150	-38.089891	6.432
101570	HD 195190	308.776130	-71.188779	6.4
101589	* zet Del	308.827234	14.674215	4.647
101608	HD 196078	308.884402	-16.525876	6.177
101612	* phi01 Pav	308.895209	-60.581749	4.745
101623	HD 195902	308.949202	-44.337611	6.37
101626	HD 195402	308.965500	-69.610584	6.084
101641	*  26 Vul	309.034745	25.882657	6.406
101684	HD 195772	309.159825	-63.120968	6.34
101692	*  70 Aql	309.181805	-2.549955	4.88
101716	*  27 Vul	309.269468	26.461946	5.583
101746	HD 196426	309.326589	0.096959	6.211
101756	HD 196642	309.348267	38.328667	6.202
101765	*  48 Cyg	309.382407	31.572540	6.304
101768	HD 196629	309.386291	31.521911	6.496
101769	* bet Del	309.387255	14.595089	3.63
101772	* alf Ind	309.391801	-47.291501	3.11
101773	* rho Pav	309.397135	-61.529921	4.849
101800	* iot Del	309.454666	11.377675	5.418
101808	HD 196385	309.467621	-25.109216	6.377
101810	V* EU Del	309.478032	18.268582	5.89
101843	HD 194612	309.577526	-81.289063	5.889
101847	* l Aql	309.584519	-1.105117	4.33
101867	*  29 Vul	309.630579	21.201163	4.82
101868	*  28 Vul	309.632977	24.115959	5.049
101870	BD+23  4085	309.645796	23.680496	5.929
101882	* tet Del	309.683277	13.315127	5.71
101899	HD 196852	309.747986	30.334267	5.673
101900	HD 197101	309.750755	56.004848	6.45
101909	HD 196775	309.770700	15.838198	5.98
101911	HD 196676	309.774417	-4.929515	6.45
101916	* kap Del	309.782445	10.086192	5.07
101919	HD 196821	309.794370	21.817442	6.075
101921	HD 196712	309.805212	-2.412975	6.22
101936	*   1 Aqr	309.853720	0.486432	5.153
101958	* alf Del	309.909498	15.912160	3.8
101965	HD 196317	309.965660	-62.907817	6.225
101966	HD 196885	309.966145	11.249639	6.385
101983	* phi02 Pav	310.010990	-60.548894	5.121
101984	* ups Cap	310.012268	-18.138657	5.1
101986	HD 197139	310.013163	43.458878	5.965
101997	HD 196761	310.048980	-23.773866	6.37
102014	HD 196737	310.082616	-33.431846	5.466
102026	HD 196857	310.135494	-16.124176	5.799
102032	HD 196815	310.149594	-26.645159	6.5
102033	HD 197120	310.151157	29.805553	6.03
102040	HD 197076	310.188086	19.935536	6.44
102057	HD 196748	310.231774	-42.396689	6.26
102062	HD 197226	310.251505	39.082329	6.497
102066	*  49 Cyg	310.260593	32.307289	5.638
102080	*  10 Del	310.317533	14.582878	5.998
102092	HD 196917	310.348574	-31.598287	5.74
102094	HD 196947	310.351090	-25.999911	6.29
102096	V* AV Mic	310.352769	-42.133780	6.35
102098	* alf Cyg	310.357980	45.280339	1.25
102125	* mu.02 Oct	310.433757	-75.350801	6.44
102155	HD 197392	310.485423	41.716874	5.664
102157	* ups Pav	310.487819	-66.760681	5.134
102158	V* LU Del	310.492352	17.521490	6.238
102162	* mu.01 Oct	310.512447	-76.180592	5.977
102177	*  51 Cyg	310.552627	50.340019	5.401
102208	*  76 Dra	310.646817	82.531157	5.75
102216	HD 197734	310.665359	60.601318	6.16
102230	HD 197093	310.720673	-39.558831	6.289
102253	*   4 Cep	310.795921	66.657447	5.6
102258	V* V379 Cep	310.807015	57.113992	6.334
102276	V* X Cyg	310.850799	35.587799	6.47
102281	* del Del	310.864723	15.074579	4.417
102333	* eta Ind	311.009725	-51.920970	4.495
102358	V* V414 Cep	311.091882	56.488405	5.95
102370	HD 198236	311.137627	69.751812	6.48
102388	*  30 Vul	311.218803	25.270630	4.91
102395	* bet Pav	311.239557	-66.203212	3.408
102414	HD 197540	311.304668	-27.247280	6.492
102422	* eta Cep	311.322397	61.838782	3.41
102431	* ups Cep	311.338039	57.579717	4.51
102440	V* U Del	311.367649	18.090038	6.38
102453	*  52 Cyg	311.415638	30.719715	4.23
102485	* psi Cap	311.523887	-25.270898	4.122
102487	*  17 Cap	311.541617	-21.514036	5.902
102488	* eps Cyg	311.552801	33.970328	2.48
102496	HD 197649	311.577527	-36.120153	6.481
102497	HD 197630	311.583616	-39.199266	5.47
102499	HD 198181	311.588353	52.995299	6.341
102530	HD 198151	311.660804	46.531690	6.303
102531	* gam01 Del	311.661921	16.124128	4.96
102532	* gam02 Del	311.664583	16.124294	4.25
102561	HD 197954	311.764840	-2.486909	6.26
102571	V* T Cyg	311.794801	34.374123	4.93
102585	HD 198237	311.836534	45.579934	6.411
102589	* lam Cyg	311.852240	36.490715	4.54
102599	HD 199437	311.889396	80.552260	5.371
102618	* eps Aqr	311.918957	-9.495777	3.77
102624	* k Aqr	311.934327	-5.027701	4.44
102631	HD 198070	311.949495	3.306467	6.4
102633	*  13 Del	311.951388	6.008209	5.64
102635	HD 198345	311.955360	47.831868	5.586
102670	HD 197900	312.076816	-44.196833	6.477
102693	* iot Mic	312.121470	-43.988484	5.1
102724	*  55 Cyg	312.234548	46.114134	4.86
102770	V* IQ Aqr	312.321824	-0.563337	6.36
102771	HD 198781	312.322462	64.042259	6.451
102772	HD 198174	312.323388	-25.781244	5.849
102773	* sig Pav	312.325715	-68.776521	5.407
102780	HD 198208	312.335596	-18.035856	6.193
102790	* zet Ind	312.370677	-46.226827	4.882
102805	*  15 Del	312.407364	12.545127	5.991
102819	*  14 Del	312.451085	7.864187	6.318
102827	HD 198625	312.477675	46.661337	6.333
102831	* alf Mic	312.492004	-33.779704	4.89
102833	HD 198404	312.496219	5.544586	6.188
102891	HD 198431	312.674070	-12.544902	5.872
102901	HD 198356	312.696452	-32.054605	6.405
102916	HD 198357	312.753159	-37.913331	5.5
102945	*   4 Aqr	312.857284	-5.626631	6.07
102949	V* T Vul	312.867660	28.250505	5.77
102950	* iot Ind	312.875212	-51.608179	5.044
102962	CD-62  1338	312.910453	-62.429328	5.65
102978	* ome Cap	312.955377	-26.919135	4.12
102989	* bet Mic	312.994841	-33.177974	6.055
102993	HD 198820	313.001622	32.848897	6.44
103004	*  31 Vul	313.032043	27.096944	4.568
103005	*   5 Aqr	313.036224	-5.507058	5.554
103045	* mu. Aqr	313.163462	-8.983327	4.72
103077	HD 198802	313.273325	-11.573654	6.389
103079	HD 198976	313.280698	29.649099	6.355
103089	*  57 Cyg	313.311495	44.387263	4.77
103094	HD 199098	313.327371	45.181681	5.462
103103	HD 198751	313.354003	-30.718953	6.342
103127	HD 198716	313.417439	-39.809864	5.334
103145	HD 199101	313.474549	33.437893	5.47
103154	HD 198949	313.493279	-6.889459	6.434
103168	V* BY Mic	313.527371	-27.925237	6.409
103200	*  32 Vul	313.640163	28.057624	5.01
103206	HD 198766	313.646282	-50.727343	6.219
103219	HD 200039	313.684797	75.925573	5.988
103226	*  19 Cap	313.699235	-17.922895	5.782
103227	* bet Ind	313.702492	-58.454145	3.65
103294	*  17 Del	313.902871	13.721536	5.182
103298	*  16 Del	313.910708	12.568577	5.54
103301	HD 199223	313.919492	4.532721	6.05
103312	HD 199478	313.957517	47.417657	5.64
103346	HD 199661	314.070882	56.887518	6.218
103359	HD 199611	314.106156	50.728597	5.82
103360	HD 199612	314.107898	49.195831	5.913
103371	HD 199579	314.144908	44.924722	5.96
103389	HD 199260	314.197215	-26.296378	5.7
103401	*   7 Aqr	314.225111	-9.697542	5.48
103413	* nu. Cyg	314.293411	41.167131	3.94
103414	HD 199442	314.294073	0.463780	6.047
103460	HD 199443	314.419354	-16.031539	5.869
103511	*  33 Vul	314.568128	22.325907	5.288
103519	HD 199870	314.581110	44.471706	5.547
103527	*  18 Del	314.608056	10.839286	5.506
103530	HD 199955	314.625141	50.461789	5.9
103532	HD 199892	314.628975	41.939925	6.156
103545	V* DV Aqr	314.674333	-14.483125	5.963
103596	HD 200030	314.852581	42.324464	6.465
103598	HD 200205	314.855770	59.438600	5.526
103616	*  20 Cap	314.900582	-19.035279	6.25
103632	* f01 Cyg	314.956476	47.520934	4.75
103646	HD 199684	314.998719	-36.129638	6.096
103652	HD 199942	315.016624	7.516188	5.995
103673	HD 199623	315.089512	-51.265313	5.761
103675	HD 200044	315.115368	19.329581	5.702
103682	*  11 Aqr	315.141003	-4.730260	6.192
103693	HD 199642	315.180927	-53.739069	6.26
103703	*  21 Cap	315.215691	-17.530895	6.05
103732	*  60 Cyg	315.295532	46.155776	5.432
103734	HD 200253	315.303603	36.026012	5.997
103738	* gam Mic	315.322785	-32.257730	4.654
103752	HD 199475	315.366742	-68.209608	6.36
103777	HD 200052	315.438664	-26.880998	6.037
103822	HD 200465	315.587325	39.509033	6.44
103828	V* V1981 Cyg	315.600832	44.790979	6.23
103836	HD 200073	315.613189	-38.530970	5.94
103871	HD 200595	315.702581	45.848891	6.486
103882	* zet Mic	315.741471	-38.631444	5.305
103889	HD 200340	315.748445	-0.924745	6.488
103891	HD 200430	315.757478	14.730027	6.329
103894	HD 200577	315.770165	38.657414	6.097
103902	HD 200245	315.792456	-27.731592	6.26
103929	HD 200740	315.858709	50.351915	6.364
103949	HD 200753	315.931111	46.863137	6.31
103956	HD 200817	315.948427	53.285912	5.918
103963	HD 200723	315.967232	41.628175	6.324
104019	* eta Cap	316.101237	-19.855092	4.84
104031	*   3 Equ	316.144382	5.502864	5.585
104041	HD 200661	316.173502	2.942274	6.413
104043	* alf Oct	316.179428	-77.023768	5.15
104048	HD 200663	316.189065	2.269779	6.349
104060	* ksi Cyg	316.232750	43.927853	3.73
104085	* mu. Ind	316.309370	-54.727042	5.163
104105	*  77 Dra	316.371940	78.126391	5.907
104139	* tet Cap	316.486785	-17.232863	4.07
104148	* del Mic	316.504742	-30.125145	5.687
104171	HD 201636	316.597091	71.431798	5.877
104172	HD 201051	316.597833	26.924361	6.13
104174	*   2 PsA	316.602822	-32.341619	5.196
104177	* eta Mic	316.606333	-41.385964	5.505
104185	V* DT Cyg	316.626018	31.184656	5.82
104194	* f02 Cyg	316.650389	47.648403	4.514
104202	HD 200964	316.666009	3.803119	6.487
104214	*  61 Cyg A	316.724748	38.749417	5.21
104217	*  61 Cyg B	316.730266	38.742044	6.03
104234	*  24 Cap	316.781951	-25.005853	4.5
104281	HD 201196	316.890182	15.658658	6.26
104296	HD 200887	316.935553	-45.379456	6.44
104297	HD 201057	316.936226	-17.455901	6.17
104357	HD 201298	317.117245	6.989360	6.18
104364	HD 200751	317.136231	-63.928260	5.75
104365	* chi Cap	317.140104	-21.193671	5.316
104382	* sig Oct	317.195265	-88.956500	5.42
104440	HD 200525	317.343607	-73.172817	5.67
104441	HD 201242	317.343013	-36.705864	6.46
104452	*  27 Cap	317.387497	-20.556661	6.242
104459	* nu. Aqr	317.398535	-11.371690	4.52
104481	HD 201507	317.492769	2.943697	6.43
104516	HD 201834	317.564889	53.563101	5.747
104521	* gam Equ	317.585417	10.131581	4.68
104538	*   6 Equ	317.630484	10.048913	6.057
104557	HD 201567	317.695582	-9.354074	6.267
104597	HD 200924	317.837234	-72.544356	6.186
104634	V* EW Aqr	317.922243	-14.472377	6.445
104680	HD 201647	318.057137	-40.269361	5.83
104732	* zet Cyg	318.234108	30.226899	3.21
104738	HD 201772	318.262784	-39.424919	5.26
104750	*   3 PsA	318.322197	-27.619364	5.388
104752	HD 201852	318.329006	-36.423528	5.954
104755	* omi Pav	318.335434	-70.126255	5.071
104756	HD 203501	318.339936	81.230970	6.12
104765	HD 202240	318.360106	36.633261	6.071
104771	HD 202128	318.369953	15.982422	6.252
104788	HD 202582	318.427011	64.403953	6.39
104822	HD 202314	318.542850	29.900961	6.166
104858	* del Equ	318.620064	10.006979	4.49
104872	HD 202259	318.654371	0.092256	6.39
104887	* tau Cyg	318.697886	38.045318	3.73
104914	HD 202261	318.777574	-17.345179	6.037
104925	HD 202135	318.809950	-40.506064	6.212
104962	HD 202654	318.904909	47.973996	6.441
104963	* phi Cap	318.907915	-20.651695	5.152
104968	HD 203399	318.926868	77.012297	5.898
104974	*  29 Cap	318.936843	-15.171501	5.317
104978	HD 202103	318.941096	-53.263089	5.719
104980	HD 202287	318.944937	-36.210709	6.14
104987	* alf Equ	318.955988	5.247892	3.933
105017	HD 202710	319.071371	44.238231	6.37
105019	*  14 Aqr	319.074056	-9.214665	6.46
105034	HD 202720	319.123411	42.251790	6.21
105046	HD 202554	319.164464	-1.607768	6.479
105064	HD 202923	319.258553	53.997693	6.13
105079	HD 202606	319.306396	-13.278972	6.402
105080	HD 202987	319.309364	55.798002	5.975
105091	HD 203025	319.328287	58.611484	6.425
105101	HD 202862	319.346594	42.683572	6.159
105102	* sig Cyg	319.353968	39.394680	4.24
105138	* ups Cyg	319.479524	34.896896	4.42
105140	* eps Mic	319.484525	-32.172548	4.708
105143	*  30 Cap	319.488694	-17.985139	5.383
105148	HD 202299	319.502040	-64.681580	6.313
105164	*  15 Aqr	319.546136	-4.519480	5.812
105186	*  68 Cyg	319.613276	43.945944	5.0
105193	V* V422 Cep	319.635104	61.184396	6.49
105199	* alf Cep	319.644885	62.585574	2.46
105224	HD 202951	319.716779	11.203381	5.951
105228	HD 202773	319.725748	-28.765819	6.4
105229	HD 203096	319.730539	41.040519	6.15
105259	HD 203338	319.815355	58.623507	5.75
105268	*   6 Cep	319.842587	64.871857	5.18
105269	V* V1334 Cyg	319.842413	38.237464	5.882
105282	HD 203245	319.869794	49.510295	5.74
105319	* tet Ind	319.966623	-53.449426	4.483
105334	V* T Ind	320.039515	-45.021891	6.0
105344	HD 203206	320.058661	22.026178	6.282
105370	HD 203574	320.139363	60.756408	6.104
105382	* tet01 Mic	320.190081	-40.809617	4.82
105390	HD 203358	320.208555	32.452217	5.68
105412	*  16 Aqr	320.267997	-4.560125	5.848
105413	*   9 Equ	320.270108	7.354504	5.798
105425	HD 203010	320.319169	-49.938248	6.38
105432	HD 203439	320.341406	32.612736	6.037
105497	HD 203644	320.501742	49.388847	5.671
105502	*   1 Peg	320.521665	19.804510	4.09
105515	* iot Cap	320.561650	-16.834544	4.27
105558	HD 203630	320.675242	30.309883	6.06
105570	* bet Equ	320.723389	6.811140	5.148
105574	*  17 Aqr	320.734410	-9.319328	5.965
105576	HD 203475	320.752061	-22.669047	5.6
105637	HD 203857	320.951618	37.351478	6.43
105646	HD 203607	320.982896	-25.202484	6.47
105652	HD 203803	320.995110	24.274136	5.688
105660	HD 203858	321.031039	25.312429	6.19
105662	HD 203639	321.033040	-22.747083	6.373
105665	*  33 Cap	321.039972	-20.851870	5.366
105668	*  18 Aqr	321.047883	-12.878109	5.476
105678	V* Y Pav	321.069791	-69.733878	6.41
105685	HD 203548	321.086849	-46.614706	6.293
105689	HD 203886	321.096392	24.528392	6.339
105695	HD 203842	321.102349	10.174222	6.317
105696	* tet02 Mic	321.103408	-41.006695	5.775
105703	HD 203925	321.141689	26.174559	5.658
105727	HD 205072	321.206466	80.524825	5.965
105729	*  20 Aqr	321.215313	-3.398356	6.375
105761	*  19 Aqr	321.304262	-9.748557	5.713
105767	*  21 Aqr	321.320657	-3.556746	5.469
105768	HD 203212	321.325194	-71.799059	6.09
105769	HD 204153	321.331454	46.714341	5.58
105811	*  69 Cyg	321.445938	36.667384	5.94
105819	HD 204041	321.464937	0.534343	6.45
105841	* gam Ind	321.564330	-54.660459	6.082
105854	HD 203949	321.595310	-37.829431	5.62
105858	* gam Pav	321.610854	-65.366198	4.22
105860	V* IK Peg	321.611088	19.375642	6.064
105881	* zet Cap	321.666794	-22.411320	3.74
105891	HD 204428	321.687374	52.898536	5.987
105898	HD 204411	321.715091	48.835167	5.31
105928	*  35 Cap	321.811757	-21.196214	5.76
105942	*  70 Cyg	321.839025	37.116796	5.293
105949	V* V426 Cep	321.855320	59.750077	6.129
105966	*  35 Vul	321.916907	27.608594	5.379
105972	*   7 Cep	321.942258	66.809097	5.41
106021	HD 204445	322.103492	8.195648	6.41
106032	* bet Cep	322.164987	70.560715	3.23
106039	* b Cap	322.180836	-21.807180	4.5
106044	V* SX Pav	322.187189	-69.505384	5.62
106052	HD 204754	322.219746	55.418708	6.127
106062	V* NV Peg	322.249053	22.179439	5.95
106064	HD 204560	322.249658	17.905912	6.401
106065	HD 204228	322.250611	-53.705912	6.38
106067	*   5 PsA	322.265589	-31.238560	6.5
106093	* g Cyg	322.362291	46.540586	5.217
106103	HD 204603	322.393732	6.581378	6.41
106140	*   2 Peg	322.487060	23.638840	4.509
106171	HD 204965	322.584711	52.957996	6.007
106227	HD 205139	322.747049	60.459432	5.522
106243	HD 204862	322.790122	12.137476	6.093
106267	BD+51  3079	322.864457	52.619865	6.18
106278	* bet Aqr	322.889717	-5.571175	2.89
106306	HD 205011	322.958936	23.845163	6.42
106320	HD 202418	323.012769	-84.810069	6.404
106327	* ksi Gru	323.024483	-41.179310	5.286
106340	*   6 PsA	323.060707	-33.944626	5.958
106363	HD 204943	323.138591	-24.590418	6.428
106393	HD 205314	323.235800	49.977633	5.755
106419	HD 204873	323.323386	-52.737773	6.404
106420	HD 205349	323.324519	45.854015	6.209
106424	HD 203955	323.338110	-80.039360	6.466
106429	HD 204960	323.347978	-44.848705	5.563
106474	HD 203532	323.477394	-82.683085	6.38
106481	* rho Cyg	323.495221	45.591839	4.02
106500	HD 205096	323.571489	-42.924680	6.324
106518	HD 205551	323.614431	51.698467	6.163
106527	HD 205420	323.641561	22.754522	6.451
106550	HD 205422	323.691298	18.328932	6.47
106551	*  72 Cyg	323.694112	38.534067	4.91
106559	*  37 Cap	323.712718	-20.084261	5.696
106564	HD 205265	323.720841	-29.696118	6.42
106590	HD 205342	323.816486	-23.454314	6.382
106592	HD 205423	323.823419	-3.983305	5.778
106595	HD 205539	323.829652	28.197607	6.31
106604	V* V431 Cep	323.858065	68.219292	6.45
106605	HD 205541	323.862655	24.452160	6.22
106642	V* W Cyg	324.010406	45.374590	5.38
106654	*   8 PsA	324.045724	-26.171516	5.725
106661	HD 205688	324.058257	30.055421	6.26
106703	*   7 PsA	324.203337	-33.047896	6.099
106711	*  74 Cyg	324.237397	40.413526	5.035
106723	* eps Cap	324.270130	-19.466011	4.55
106752	HD 205939	324.366142	44.696549	6.2
106758	HD 205765	324.390678	-0.390562	6.214
106771	HD 206040	324.411730	54.042197	6.159
106783	*   3 Peg	324.431858	6.618391	6.177
106786	* ksi Aqr	324.437957	-7.854202	4.69
106787	*   5 Peg	324.439292	19.318609	5.448
106801	*   9 Cep	324.480101	62.081942	4.73
106818	HD 205417	324.511868	-64.824167	6.206
106856	*   4 Peg	324.633085	5.771745	5.656
106872	HD 206027	324.688190	25.498777	6.197
106881	HD 204904	324.734917	-79.442583	6.17
106886	HD 206267	324.740082	57.489043	5.62
106897	V* NZ Peg	324.754953	20.265451	5.762
106907	HD 205872	324.775482	-33.678853	6.277
106938	HD 206005	324.867106	-10.576872	6.07
106944	* d Aqr	324.888613	2.243561	5.1
106978	HD 205877	324.998824	-52.359000	6.202
106985	* gam Cap	325.022689	-16.662371	3.67
106999	*  75 Cyg	325.046292	43.273838	5.086
107030	HD 205935	325.140463	-55.737979	6.328
107041	HD 206509	325.180447	54.872155	6.15
107089	* nu. Oct	325.368925	-77.390009	3.728
107095	*  42 Cap	325.386912	-14.047612	5.18
107097	*  76 Cyg	325.392731	40.805220	6.075
107112	HD 206291	325.442562	-25.101515	6.498
107128	*  41 Cap	325.502905	-23.262857	5.24
107129	V* V460 Cyg	325.504513	35.510200	5.84
107136	* pi.01 Cyg	325.523586	51.189628	4.66
107140	V* V1339 Cyg	325.534807	45.765698	6.23
107144	*  26 Aqr	325.542136	1.285254	5.641
107151	*   7 Peg	325.564380	5.680139	5.301
107162	*  77 Cyg	325.595662	41.077020	5.726
107173	HD 206540	325.637335	10.824316	6.051
107186	HD 206731	325.661708	49.600247	6.089
107188	* kap Cap	325.664617	-18.866321	4.726
107197	HD 206842	325.689023	59.270843	6.088
107230	*  78 Dra	325.766847	72.320086	5.173
107232	*  44 Cap	325.768321	-14.399710	5.879
107235	HD 206749	325.776964	41.154973	5.505
107238	HD 206546	325.806389	-19.620962	6.209
107253	*  79 Cyg	325.856885	38.283591	5.695
107259	* mu. Cep	325.876915	58.780046	4.08
107271	HD 206689	325.915704	7.528657	6.47
107297	HD 206793	325.992111	22.815317	6.42
107299	HD 206429	325.995962	-57.325248	6.482
107302	*  45 Cap	326.004017	-14.749372	5.949
107310	* mu. Cyg	326.035740	28.742627	4.49
107315	* eps Peg	326.046484	9.875009	2.39
107344	HD 206642	326.122801	-38.552528	6.283
107348	*   9 Peg	326.127899	17.350017	4.35
107354	* kap Peg	326.161397	25.645038	4.135
107374	HD 207198	326.221996	62.460569	5.94
107380	* iot PsA	326.236707	-33.025782	4.34
107382	* c Cap	326.251061	-9.082428	5.079
107398	HD 207119	326.301662	52.267576	6.369
107409	HD 206690	326.328066	-49.498760	6.462
107418	* nu. Cep	326.362188	61.120806	4.29
107423	HD 206399	326.370120	-71.008850	6.011
107445	HD 207088	326.435469	35.857309	6.43
107472	*  12 Peg	326.518181	22.948879	5.266
107487	*  47 Cap	326.567789	-9.275935	6.0
107517	* lam Cap	326.633738	-11.365955	5.567
107533	* pi.02 Cyg	326.698374	49.309571	4.18
107555	HD 207636	326.753540	70.150882	6.45
107556	* del Cap	326.760184	-16.127287	2.83
107558	V* V372 Peg	326.769834	17.194041	6.174
107575	*  11 Peg	326.808175	2.686123	5.624
107586	*  12 Cep	326.855397	60.692689	5.514
107596	HD 207235	326.909328	-5.916808	6.168
107608	* tet PsA	326.933958	-30.898306	5.017
107637	HD 207446	327.034976	36.580388	6.26
107649	HD 207129	327.065630	-47.303616	5.58
107664	HD 207516	327.122310	38.648586	6.091
107710	HD 207826	327.283648	66.792037	6.48
107723	HD 207780	327.329211	61.272761	6.17
107734	HD 207563	327.361944	20.462445	6.267
107749	HD 207673	327.417059	41.148787	6.48
107750	HD 207503	327.420897	-12.722881	6.298
107763	*  14 Peg	327.461227	30.174212	5.069
107773	HD 207229	327.500516	-64.712538	5.62
107788	*  13 Peg	327.536070	17.285695	5.336
107797	HD 207552	327.554090	-16.844911	6.38
107835	* omi Ind	327.696563	-69.629374	5.505
107843	* lam Oct	327.727348	-82.718901	5.29
107856	V* V1619 Cyg	327.770753	39.536658	6.193
107887	HD 207840	327.892703	19.826682	5.768
107893	BD+65  1664	327.905190	65.752713	6.38
107901	HD 207760	327.923946	-18.622939	6.16
107929	HD 208063	328.001894	55.791979	6.419
107930	HD 208095	328.004331	55.796750	5.657
107952	HD 208742	328.054187	79.551774	6.48
107956	V* HO Peg	328.075765	21.273162	6.33
107975	*  15 Peg	328.124653	28.793542	5.53
108022	*  16 Peg	328.265703	25.925136	5.081
108036	* mu. Cap	328.324044	-13.551769	5.08
108060	HD 208108	328.405786	19.668467	5.676
108085	* gam Gru	328.482151	-37.364872	3.01
108090	HD 208110	328.490691	6.864805	6.143
108102	HD 208111	328.543220	-4.276176	5.704
108119	HD 208202	328.572574	19.718123	6.341
108144	HD 208177	328.649644	-3.301273	6.23
108165	*  13 Cep	328.721475	56.611226	5.8
108195	HD 207964	328.797476	-61.886610	5.96
108209	HD 208606	328.835812	61.541812	6.125
108226	HD 208682	328.879166	65.320809	5.86
108259	HD 208285	328.981828	-30.605921	6.414
108268	HD 208184	329.014357	-52.463758	6.49
108281	* pi. Ind	329.058568	-57.899588	6.168
108294	HD 208321	329.094878	-37.253655	5.443
108296	HD 208527	329.099935	21.239859	6.37
108317	V* VV Cep	329.163090	63.625550	4.9
108339	*  17 Peg	329.234885	12.076494	5.533
108347	V* BZ Gru	329.258958	-37.746845	6.168
108364	HD 208947	329.296254	66.156154	6.394
108420	HD 209258	329.462719	74.996715	6.34
108431	* del Ind	329.479620	-54.992598	4.39
108453	HD 208703	329.555451	-5.424921	6.331
108478	* kap01 Ind	329.625330	-59.012145	6.141
108494	V* BW Cap	329.682475	-21.182932	6.11
108505	HD 209112	329.723014	62.697988	5.979
108506	HD 208801	329.729106	-4.373109	6.22
108543	HD 208737	329.824633	-38.395095	5.495
108612	*  18 Peg	330.033021	6.717447	6.0
108626	HD 208796	330.101034	-55.883487	6.004
108632	HD 209149	330.111250	33.005927	6.47
108691	*  28 Aqr	330.270897	0.604718	5.597
108693	*  20 Peg	330.272296	13.119838	5.599
108699	*  19 Peg	330.288476	8.257166	5.633
108758	HD 209419	330.460778	52.882250	5.776
108759	HD 208500	330.469226	-77.662542	6.389
108766	HD 209288	330.505731	10.973809	6.367
108772	*  14 Cep	330.519053	58.000364	5.542
108784	HD 209240	330.549399	-17.903473	6.283
108845	HD 209515	330.736086	44.649861	5.596
108849	HD 208741	330.765928	-76.118459	5.926
108868	*  30 Aqr	330.818576	-6.522407	5.543
108870	* eps Ind	330.840223	-56.785979	4.69
108874	* omi Aqr	330.828517	-2.155365	4.69
108875	*  21 Peg	330.829303	11.386548	5.822
108917	* ksi Cep	330.947729	64.627976	4.29
108924	*  18 Cep	330.970738	63.119921	5.3
108952	*  13 PsA	331.099317	-29.916532	6.46
108969	HD 209693	331.143823	32.941746	6.37
108975	HD 209522	331.153193	-26.822360	5.953
108991	*  32 Aqr	331.197593	-0.906344	5.271
109005	*  20 Cep	331.252078	62.785671	5.265
109009	HD 209709	331.264422	14.815934	6.42
109017	*  19 Cep	331.286624	62.279815	5.11
109023	HD 209761	331.297227	26.673690	5.744
109033	V* HT Lac	331.318746	46.744835	6.13
109056	*  23 Peg	331.394477	28.963980	5.7
109068	* nu. Peg	331.419796	5.058530	4.84
109074	* alf Aqr	331.445981	-0.319851	2.94
109079	HD 209932	331.460206	45.112501	6.494
109081	* kap02 Ind	331.462567	-59.636072	5.607
109082	V* V365 Lac	331.463411	48.231494	6.254
109102	HD 209945	331.508136	45.014347	5.07
109111	* lam Gru	331.528687	-39.543353	4.458
109121	HD 209993	331.551108	45.248687	6.181
109124	HD 210071	331.556527	56.343394	6.382
109139	* iot Aqr	331.609281	-13.869681	4.27
109176	* iot Peg	331.752773	25.345099	3.77
109190	HD 210220	331.790136	58.840720	6.341
109205	HD 210221	331.856605	53.307437	6.171
109209	HD 210074	331.869136	19.475529	5.74
109212	V* OY Peg	331.874861	18.000713	6.35
109240	*  25 Peg	331.959599	21.702927	5.78
109268	* alf Gru	332.058270	-46.960974	1.71
109272	HD 210289	332.067848	49.796990	6.4
109276	HD 210210	332.071825	25.543521	6.072
109285	* mu. PsA	332.095881	-32.988470	4.5
109289	* ups PsA	332.108048	-34.043841	4.99
109303	V* AR Lac	332.170076	45.742252	6.11
109306	HD 210111	332.177684	-33.125693	6.386
109332	*  35 Aqr	332.245793	-18.519593	5.793
109352	* pi.01 Peg	332.306771	33.172355	5.582
109375	HD 210244	332.370663	-23.659111	6.36
109400	*  24 Cep	332.451794	72.341205	4.786
109404	HD 210271	332.482088	-34.014966	5.371
109408	HD 210204	332.491168	-48.107661	6.424
109410	* pi. Peg	332.496846	33.178222	4.29
109412	HD 210300	332.500636	-28.292434	6.436
109422	* tau PsA	332.536584	-32.548408	4.92
109427	* tet Peg	332.549953	6.197922	3.55
109434	*  80 Dra	332.563750	72.111264	6.346
109439	HD 210460	332.579255	19.616339	6.179
109442	HD 210419	332.587950	-3.894088	6.282
109445	HD 210461	332.591814	14.629860	6.359
109458	*  28 Peg	332.625764	20.977984	6.438
109466	HD 210434	332.640613	-4.266855	5.98
109471	HD 210502	332.655968	11.624539	5.774
109472	* e Aqr	332.656177	-11.564939	5.422
109474	HD 210884	332.661623	70.132575	5.52
109492	* zet Cep	332.713657	58.201262	3.35
109493	HD 210594	332.715454	30.553000	6.32
109509	HD 210464	332.759907	-21.232797	6.09
109521	HD 210715	332.791223	50.823415	5.377
109556	* lam Cep	332.877402	59.414487	5.05
109577	HD 210702	332.963879	16.040555	5.93
109584	HD 210056	332.979101	-76.116022	6.127
109592	HD 210939	333.008398	60.759098	5.359
109602	HD 210762	333.033724	24.950643	5.923
109620	HD 211029	333.093538	63.291035	5.778
109624	*  39 Aqr	333.107327	-14.193966	6.043
109647	HD 210763	333.182785	-4.720678	6.4
109654	HD 210889	333.199268	34.604591	5.343
109659	HD 211300	333.219852	73.307194	6.082
109667	HD 210739	333.239515	-26.327792	6.182
109691	HD 210890	333.291734	18.279811	6.488
109693	HD 212710	333.293803	86.108003	5.258
109730	HD 211006	333.411244	28.608016	5.867
109737	HD 210848	333.435140	-25.180904	5.584
109745	HD 211096	333.455168	45.440612	5.53
109746	HD 211242	333.457097	63.162338	6.121
109754	HD 211073	333.469698	39.714925	4.49
109788	HD 211076	333.576672	17.189341	6.49
109789	* lam PsA	333.578130	-27.766906	5.43
109821	HD 210918	333.661054	-41.381665	6.23
109831	HD 211211	333.684839	42.953900	5.72
109857	* eps Cep	333.759155	57.043569	4.18
109902	HD 211053	333.895988	-44.451498	6.089
109908	* mu.01 Gru	333.903828	-41.346763	4.798
109937	*   1 Lac	333.992404	37.748735	4.15
109939	HD 211287	333.999286	8.549574	6.192
109972	HD 211554	334.110680	57.220238	5.882
109973	* mu.02 Gru	334.110632	-41.627182	5.117
109977	HD 211432	334.123528	27.804030	6.37
109984	HD 211356	334.140227	-1.596390	6.143
109990	HD 211291	334.156099	-25.898162	6.14
110000	*  42 Aqr	334.200191	-12.831433	5.333
110003	* tet Aqr	334.208486	-7.783289	4.16
110009	HD 211392	334.219031	-9.040055	5.791
110018	HD 211364	334.249325	-23.140241	6.177
110023	*  44 Aqr	334.277082	-5.387165	5.751
110055	HD 211660	334.368012	49.126957	6.45
110078	* psi Oct	334.460814	-77.511555	5.472
110091	HD 211575	334.517800	-0.237655	6.379
110103	*  25 Cep	334.552699	62.804390	5.741
110109	HD 211415	334.565056	-53.627074	5.39
110130	* alf Tuc	334.625468	-60.259630	2.82
110171	HD 211797	334.734194	37.769287	6.179
110179	*  45 Aqr	334.753087	-13.304993	5.959
110256	* eps Oct	335.007003	-80.439747	5.177
110273	* rho Aqr	335.049652	-7.821102	5.339
110298	*  30 Peg	335.114886	5.789503	5.37
110311	HD 211726	335.151141	-57.509782	6.396
110314	HD 212136	335.161541	58.409905	6.448
110316	HD 212071	335.164666	50.980814	6.37
110341	HD 211976	335.232488	8.186742	6.163
110346	V* PT Peg	335.250241	26.935161	6.48
110351	*   2 Lac	335.256447	46.536570	4.54
110371	*  32 Peg	335.330579	28.330530	4.81
110386	*  31 Peg	335.379480	12.205184	4.99
110391	*  47 Aqr	335.398201	-21.598230	5.124
110395	* gam Aqr	335.414048	-1.387349	3.834
110408	HD 212222	335.461976	42.078162	6.369
110487	HD 212334	335.709505	36.659045	6.457
110497	HD 212454	335.750780	57.284613	6.168
110498	HD 212495	335.752169	62.419359	6.032
110506	* pi.02 Gru	335.783279	-45.928488	5.62
110529	*  49 Aqr	335.878537	-24.762663	5.527
110532	HD 212320	335.883958	-7.194412	5.907
110538	* bet Lac	335.890097	52.229047	4.44
110578	*  51 Aqr	336.028685	-4.837019	5.779
110602	*  50 Aqr	336.112750	-13.529370	5.752
110609	*   4 Lac	336.129131	49.476392	4.58
110618	* nu. Ind	336.153689	-72.255413	5.29
110649	HD 212330	336.234869	-57.797456	5.31
110668	HD 212211	336.294184	-70.431621	5.768
110672	* pi. Aqr	336.319263	1.377398	4.64
110696	HD 212670	336.419581	18.444312	6.264
110712	HD 212168	336.463146	-75.015688	6.119
110725	HD 213022	336.503431	70.770903	5.469
110736	V* S Gru	336.522811	-48.438541	6.0
110746	HD 212643	336.544600	-23.682446	6.276
110785	*  34 Peg	336.655711	4.393779	5.81
110787	* rho01 Cep	336.676810	78.785873	5.84
110817	*  26 Cep	336.772127	65.132267	5.515
110838	* del Tuc	336.833179	-64.966360	4.49
110849	HD 212978	336.860411	39.810026	6.16
110873	HD 212988	336.942729	31.840046	5.986
110882	*  35 Peg	336.964680	4.695668	4.8
110907	HD 213025	337.046356	27.018805	6.49
110919	HD 213242	337.081205	64.085155	6.285
110935	HD 212728	337.156960	-67.489061	5.564
110936	* nu. Gru	337.163376	-39.131791	5.473
110960	* zet Aqr	337.207945	-0.019943	3.65
110986	*  36 Peg	337.283261	9.129035	5.574
110988	* del Cep B	337.288528	58.404096	6.3
110991	* del Cep	337.292761	58.415194	3.75
110992	HD 213179	337.292614	26.763198	5.778
110997	* del01 Gru	337.317391	-43.495562	3.97
111022	*   5 Lac	337.382617	47.706906	4.37
111043	* del02 Gru	337.439305	-43.749219	4.11
111045	HD 213135	337.441893	-27.107262	5.95
111056	* rho Cep	337.470742	78.824287	5.46
111066	HD 213198	337.506180	-12.915118	6.4
111068	*  38 Peg	337.507560	32.572638	5.65
111072	V* V350 Lac	337.527098	49.356412	6.42
111086	*  56 Aqr	337.572296	-14.585733	6.347
111104	*   6 Lac	337.621920	43.123376	4.511
111123	* sig Aqr	337.661756	-10.677918	4.81
111138	* zet PsA	337.724055	-26.073751	6.43
111169	* alf Lac	337.822923	50.282492	3.77
111170	HD 213429	337.826368	-6.555297	6.16
111171	HD 213428	337.826742	-2.911265	6.139
111188	* bet PsA	337.876377	-32.346075	4.29
111191	V* GX Peg	337.893131	29.542760	6.33
111196	* ups Oct	337.906313	-85.967253	5.752
111200	*  58 Aqr	337.922153	-10.905504	6.381
111242	HD 214035	338.067603	76.226441	5.7
111247	HD 213720	338.078010	54.037031	6.37
111259	HD 213660	338.109904	39.779732	5.88
111296	HD 213644	338.195453	15.863265	6.33
111310	* nu. Tuc	338.250257	-61.982122	4.81
111325	HD 214019	338.320123	70.373715	6.32
111362	HD 213930	338.419373	56.624738	5.72
111394	*  60 Aqr	338.512140	-1.574267	5.875
111449	* ups Aqr	338.673482	-20.708216	5.203
111497	* eta Aqr	338.839089	-0.117497	4.03
111504	HD 213402	338.860514	-78.771585	6.139
111515	HD 213986	338.901566	-23.991094	5.964
111539	*  61 Aqr	338.953339	-17.460429	6.37
111543	HD 214279	338.966642	56.070575	6.373
111544	*   8 Lac B	338.967079	39.628150	5.67
111546	*   8 Lac A	338.967845	39.634330	5.69
111548	HD 213884	338.970546	-57.883751	6.224
111550	HD 214240	338.972427	50.070788	6.275
111567	HD 214200	339.032922	35.577502	6.105
111594	* sig01 Gru	339.122093	-40.582705	6.276
111600	HD 214122	339.147667	-31.663791	5.808
111601	HD 214203	339.151374	11.696636	6.419
111627	HD 214313	339.202828	35.652419	6.275
111643	* sig02 Gru	339.245222	-40.591035	5.874
111649	HD 214298	339.270203	12.576817	6.28
111660	HD 214710	339.304023	75.371811	5.777
111674	*   9 Lac	339.343408	51.545121	4.63
111710	* kap Aqr	339.439086	-4.228055	5.03
111753	HD 214558	339.572487	45.182933	6.37
111761	HD 214448	339.592274	-7.897558	6.244
111795	V* V416 Lac	339.658014	56.795633	5.167
111797	*  30 Cep	339.662716	63.584471	5.188
111801	HD 214462	339.686132	-28.748214	6.457
111809	V* VZ PsA	339.714444	-33.081346	5.66
111810	*  40 Peg	339.719141	19.522251	5.82
111841	*  10 Lac	339.815328	39.050270	4.88
111869	HD 214714	339.893055	37.592817	6.023
111879	HD 214599	339.934103	-28.325660	6.314
111884	*  41 Peg	339.945880	19.681126	6.324
111925	HD 214878	340.076696	53.845927	5.92
111934	HD 214690	340.092938	-30.658870	5.89
111944	*  11 Lac	340.128577	44.276307	4.46
111954	* eps PsA	340.163951	-27.043615	4.177
111965	HD 214810	340.199887	-3.554308	6.31
111967	HD 214632	340.203821	-57.422319	5.967
112029	*  42 Peg	340.365503	10.831363	3.41
112031	*  12 Lac	340.369373	40.225447	5.229
112032	HD 214979	340.380450	30.965863	6.36
112051	* omi Peg	340.439184	29.307675	4.79
112067	HD 214995	340.489399	14.516394	5.921
112098	HD 215159	340.586704	53.908748	6.106
112102	*  19 PsA	340.592029	-29.361048	6.168
112117	HD 214953	340.653681	-47.210813	6.06
112122	* bet Gru	340.666876	-46.884576	2.11
112127	HD 214987	340.679507	-44.248023	6.067
112144	HD 215191	340.731028	37.802733	6.421
112158	* eta Peg	340.750537	30.221215	2.95
112168	HD 215114	340.764223	-8.311441	6.45
112179	*  67 Aqr	340.809430	-6.962937	6.405
112203	* rho Gru	340.874901	-41.414346	4.835
112211	* g Aqr	340.896805	-18.830375	4.69
112241	HD 215359	341.021736	39.465348	5.99
112242	*  13 Lac	341.022828	41.819235	5.08
112259	HD 215121	341.068663	-60.499617	6.298
112300	HD 215518	341.204658	52.517210	6.41
112305	HD 215473	341.220750	39.201026	6.441
112358	*  45 Peg	341.367399	19.366557	6.269
112374	* eta Gru	341.407841	-53.500120	4.846
112381	HD 215405	341.419936	-46.547324	5.51
112405	* bet Oct	341.514629	-81.381614	4.128
112417	HD 215664	341.542592	44.546055	5.84
112432	HD 215504	341.617887	-49.685790	6.48
112440	* lam Peg	341.632825	23.565656	3.93
112447	* ksi Peg	341.673249	12.172886	4.2
112501	HD 215669	341.829841	-34.161720	6.296
112508	HD 215907	341.846824	58.483029	6.36
112519	HD 216446	341.871121	83.153829	4.78
112529	*  68 Aqr	341.888014	-19.613375	5.26
112533	HD 215562	341.898594	-65.560252	6.49
112542	* tau01 Aqr	341.928206	-14.056428	5.681
112567	HD 215782	341.984180	-25.912035	6.309
112590	HD 215943	342.045979	37.416690	5.809
112603	HD 215682	342.089104	-61.684364	6.365
112615	*  70 Aqr	342.125876	-10.555477	6.18
112623	* eps Gru	342.138742	-51.316865	3.466
112635	HD 216102	342.184400	62.938413	6.063
112641	HD 216057	342.199569	54.414892	6.124
112655	HD 215769	342.230323	-63.718404	6.5
112694	HD 215729	342.322794	-70.347984	6.333
112716	* tau Aqr	342.397921	-13.592629	3.98
112724	* iot Cep	342.420073	66.200405	3.54
112731	HD 216174	342.442978	55.902777	5.439
112746	HD 216042	342.496762	-32.805468	6.332
112748	* mu. Peg	342.500804	24.601581	3.48
112761	HD 216206	342.542058	50.676919	6.23
112778	*  14 Lac	342.590744	41.953395	5.91
112781	* ksi Oct	342.595058	-80.123845	5.311
112803	HD 216201	342.663031	19.141206	6.49
112832	HD 216149	342.758996	-39.156836	5.4
112833	HD 217157	342.762761	85.373735	5.891
112862	*  21 PsA	342.837244	-29.536307	5.987
112895	HD 216169	342.937310	-59.881382	6.454
112917	*  15 Lac	343.008474	43.312417	4.938
112924	HD 216187	343.041724	-63.188668	6.21
112935	* sig Peg	343.100310	9.835665	5.16
112948	* gam PsA	343.131376	-32.875460	4.51
112961	* lam Aqr	343.153642	-7.579597	3.79
112986	HD 216523	343.217704	50.412285	6.463
112997	V* IM Peg	343.259443	16.841195	5.89
112998	HD 216595	343.265769	60.101031	5.984
113009	HD 216538	343.297402	40.167361	6.32
113031	*  74 Aqr	343.369604	-11.616515	5.78
113044	* tau01 Gru	343.408051	-48.598284	6.04
113080	HD 216553	343.523530	-19.175149	6.38
113084	HD 216646	343.529095	40.376870	5.805
113116	HD 217382	343.604045	84.346175	4.684
113127	*  78 Aqr	343.642174	-7.204625	6.181
113131	V* HR Peg	343.648447	16.941835	6.36
113136	* del Aqr	343.662526	-15.820820	3.28
113137	* rho Ind	343.664508	-70.073709	6.05
113148	*  77 Aqr	343.689458	-16.271957	5.56
113167	*   1 Psc	343.747856	1.064903	6.11
113174	HD 216756	343.761030	37.076828	5.901
113184	HD 216718	343.795673	-4.987903	5.757
113186	* rho Peg	343.806954	8.816181	4.9
113189	HD 216666	343.812105	-36.388576	6.407
113204	HD 216727	343.877488	-20.139421	6.35
113222	HD 216831	343.935450	36.351396	5.725
113234	HD 216761	343.964714	-31.633234	6.067
113246	* del PsA	343.987084	-32.539624	4.208
113281	*  16 Lac	344.098458	41.603875	5.587
113283	V* TW PsA	344.100219	-31.565564	6.48
113288	V* V424 Lac	344.108327	49.733544	4.94
113307	* tau03 Gru	344.199168	-47.969220	5.714
113327	HD 217050	344.268759	48.684068	5.43
113345	HD 216953	344.321643	-4.810095	6.313
113357	*  51 Peg	344.366585	20.768833	5.46
113360	HD 217019	344.386685	3.810242	6.282
113368	* alf PsA	344.412693	-29.622237	1.16
113371	HD 217101	344.419741	39.308776	6.18
113421	HD 217107	344.564754	-2.395384	6.163
113433	HD 217131	344.598587	-1.410207	6.374
113445	HD 217166	344.646169	9.356855	6.44
113447	HD 217096	344.645862	-35.523229	6.144
113465	HD 217186	344.677604	7.340079	6.34
113498	HD 217348	344.787520	59.814652	6.45
113501	HD 217314	344.793087	52.654531	6.293
113521	*   2 Psc	344.864391	0.962925	5.426
113531	HD 217251	344.898635	-13.070897	6.1
113532	V* WX PsA	344.898991	-29.462312	5.503
113561	V* V509 Cas	345.021255	56.945375	5.13
113562	HD 217303	345.024122	-25.164180	5.656
113593	HD 217358	345.102668	-25.626848	6.296
113603	HD 217491	345.143305	45.374806	6.49
113610	*   3 Psc	345.157946	0.185864	6.224
113622	HD 217459	345.178752	3.011804	5.848
113638	* zet Gru	345.220031	-52.754111	4.115
113657	HD 217403	345.281577	-50.950028	5.672
113669	HD 217484	345.330773	-28.853961	5.542
113673	HD 217498	345.346019	-22.790894	6.28
113674	*  81 Aqr	345.348507	-7.061153	6.215
113684	HD 217673	345.377977	57.105460	6.207
113686	HD 217563	345.382121	-4.711459	5.933
113705	HD 217590	345.431586	3.530910	6.45
113726	* omi And	345.480271	42.326016	3.62
113750	HD 217731	345.547186	44.572859	6.43
113781	*  82 Aqr	345.635653	-6.574012	6.2
113801	HD 217703	345.684377	-20.870712	5.976
113802	HD 217811	345.688116	44.058750	6.42
113852	HD 217944	345.839101	58.563865	6.428
113860	* pi. PsA	345.874231	-34.749415	5.124
113864	HD 218029	345.887010	67.209211	5.23
113881	* bet Peg	345.943573	28.082787	2.42
113889	* bet Psc	345.969222	3.820046	4.52
113902	HD 217842	345.998495	-41.478895	5.796
113904	HD 217926	346.003248	6.616341	6.417
113957	* kap Gru	346.165115	-53.964902	5.363
113963	* alf Peg	346.190223	15.205267	2.48
113969	HD 217831	346.217584	-68.820226	5.514
113996	*  83 Aqr	346.291088	-7.693909	5.47
113998	HD 218061	346.303557	-17.079244	6.143
114005	HD 218103	346.323471	1.307127	6.388
114104	*   1 Cas	346.653407	59.419760	4.84
114119	* c01 Aqr	346.670199	-23.742990	4.47
114131	* tet Gru	346.719710	-43.520357	4.332
114144	*  55 Peg	346.751086	9.409493	4.52
114152	HD 218365	346.770969	35.636492	6.379
114155	*  56 Peg	346.778091	25.468271	4.74
114159	HD 218255	346.789335	-49.606133	6.31
114162	HD 218416	346.791896	52.816600	6.12
114163	HD 218440	346.793551	59.727394	6.419
114167	HD 218269	346.811560	-50.686685	6.24
114187	HD 218395A	346.865515	32.825344	6.34
114189	HD 218396	346.869649	21.134253	5.953
114200	*   4 And	346.913613	46.387231	5.294
114212	HD 218537	346.948944	63.633465	6.26
114222	* pi. Cep	346.974391	75.387499	4.41
114227	HD 218560	346.988355	64.222523	6.212
114254	HD 218434	347.087745	-28.823701	5.6
114258	HD 218108	347.099335	-79.480687	6.108
114268	HD 218288	347.148316	-73.586118	6.15
114273	*   5 Psc	347.170456	2.127877	5.43
114341	* c02 Aqr	347.361650	-21.172415	3.64
114347	*  57 Peg	347.381072	8.677157	5.14
114365	*   2 Cas	347.433912	59.332691	5.679
114366	HD 218619	347.435960	-28.088569	5.868
114367	HD 218497	347.436380	-67.876283	6.45
114371	HD 218639	347.456457	-14.510555	6.43
114375	*  89 Aqr	347.478706	-22.457607	4.8
114382	HD 218630	347.488946	-42.861242	5.83
114389	*  58 Peg	347.506088	9.822082	5.386
114407	V* DL Gru	347.540564	-40.591546	5.97
114408	HD 218558	347.551398	-66.857644	6.47
114421	* iot Gru	347.589701	-45.246709	3.877
114449	HD 218792	347.677654	17.594373	5.661
114520	*  59 Peg	347.934126	8.720116	5.154
114550	HD 218559	348.052221	-80.912697	6.41
114570	*   7 And	348.137515	49.406207	4.52
114607	HD 219110	348.266608	29.441526	6.331
114622	HD 219134	348.320729	57.168357	5.57
114641	HD 219139	348.360435	11.065004	5.852
114686	HD 219196	348.497335	19.633902	6.47
114699	HD 219077	348.527449	-62.700002	6.12
114714	HD 219290	348.559925	50.617895	6.31
114724	* phi Aqr	348.580659	-6.049006	4.22
114725	HD 219291	348.590487	29.771831	6.395
114742	HD 219310	348.652048	24.102897	6.34
114745	HD 219485	348.654604	74.231272	5.89
114750	HD 219279	348.667386	-10.688720	6.12
114775	HD 219263	348.744249	-41.105395	5.768
114822	HD 219402	348.892739	-3.496378	5.55
114831	V* V388 Cep	348.907247	70.888082	5.55
114844	*  61 Peg	348.942879	28.247898	6.5
114855	* psi01 Aqr	348.972892	-9.087735	4.25
114921	HD 219507	349.165796	-44.489164	5.918
114937	HD 219531	349.207625	-41.194394	6.48
114939	* chi Aqr	349.212246	-7.726499	5.06
114948	HD 219482	349.240365	-62.001198	5.647
114969	HD 219580	349.286487	-28.438275	6.25
114971	* gam Psc	349.291405	3.282290	3.7
114981	HD 219668	349.319473	45.164167	6.455
114984	HD 219841	349.328743	75.299026	6.34
114996	* gam Tuc	349.357319	-58.235701	3.98
115015	HD 219659	349.417018	-11.712943	6.327
115022	*   8 And	349.436030	49.015301	4.86
115033	* psi02 Aqr	349.475891	-9.182519	4.4
115036	V* ET And	349.483381	45.488922	6.479
115054	* phi Gru	349.541184	-40.824362	5.537
115062	HD 219644	349.583430	-67.471178	6.13
115065	*   9 And	349.597176	41.773668	5.97
115102	* gam Scl	349.705990	-32.532022	4.406
115115	* psi03 Aqr	349.740319	-9.610749	5.003
115121	HD 219823	349.763714	-28.387842	6.49
115126	*  94 Aqr	349.777997	-13.458841	5.18
115129	HD 219572	349.786039	-79.472382	6.331
115144	HD 219879	349.850444	-18.075374	5.94
115148	HD 219927	349.864225	34.793182	6.315
115152	*  11 And	349.874199	48.625323	5.44
115178	HD 219912	349.929785	-33.708052	6.349
115191	*  10 And	349.968439	42.078070	5.789
115218	HD 220074	350.059915	61.970128	6.4
115227	*   7 Psc	350.085763	5.381308	5.069
115245	HD 220130	350.143899	62.213264	6.36
115250	* tau Peg	350.159359	23.740355	4.58
115257	HD 220035	350.170362	-5.907969	6.172
115261	HD 220105	350.183744	44.116167	6.24
115271	*  63 Peg	350.206493	30.414925	5.557
115280	*  12 And	350.221932	38.182324	5.765
115312	HD 220096	350.314579	-26.986768	5.656
115355	*  64 Peg	350.478898	31.812465	5.348
115389	HD 220288	350.619078	25.918484	6.354
115395	HD 220369	350.635553	60.133487	5.513
115404	*  97 Aqr	350.663213	-15.039340	5.22
115407	*  65 Peg	350.668800	20.828714	6.267
115433	V* DR Tuc	350.736554	-60.055840	6.114
115438	* b01 Aqr	350.742608	-20.100582	3.98
115444	*  66 Peg	350.769032	12.313910	5.081
115476	HD 220406	350.883105	0.291328	6.34
115496	HD 220401	350.939263	-43.124427	6.104
115510	V* DQ Gru	350.977172	-53.808740	6.108
115522	HD 220466	351.016581	-21.774412	6.475
115528	HD 220465	351.032720	-18.687997	6.186
115530	V* V385 And	351.036954	41.612878	6.41
115537	HD 220440	351.055253	-51.891173	5.731
115590	*   4 Cas	351.209427	62.282810	4.955
115591	*  67 Peg	351.211802	32.384881	5.548
115620	HD 220572	351.331103	-56.848984	5.597
115623	* ups Peg	351.344929	23.404101	4.4
115669	* b02 Aqr	351.511608	-20.642018	4.39
115709	HD 220766	351.647806	-21.740837	6.44
115713	* omi Gru	351.652337	-52.721578	5.522
115738	* kap Psc	351.733149	1.255605	4.94
115746	HD 221525	351.753878	87.307511	5.56
115755	*  13 And	351.780834	42.912010	5.736
115756	HD 220759	351.780930	-66.580898	6.457
115759	HD 220802	351.787955	-50.157244	6.199
115768	*   9 Psc	351.811638	1.122607	6.25
115769	HD 220790	351.812470	-58.476109	5.636
115770	HD 220974	351.819289	70.359783	5.6
115806	*  69 Peg	351.918276	25.167279	5.979
115830	* tet Psc	351.992061	6.378992	4.3
115833	HD 220929	352.002889	-35.544482	6.335
115836	* tau Oct	352.015773	-87.482213	5.49
115839	HD 220957	352.021647	-11.449755	6.375
115906	HD 221081	352.252761	-9.266098	6.191
115907	HD 221051	352.253444	-44.498068	6.432
115908	V* CG Tuc	352.254090	-63.110655	5.68
115915	HD 221113	352.273654	23.048083	6.44
115919	*  70 Peg	352.288747	12.760550	4.56
115945	*  11 Psc	352.362446	-1.791214	6.34
115953	HD 221148	352.383674	-4.532748	6.25
115990	V* AR Cas	352.508086	58.548920	4.886
115996	HD 221246	352.530890	49.133145	6.152
116030	HD 221293	352.664838	38.662254	6.059
116060	HD 221308	352.754759	-6.288079	6.391
116097	HD 221323	352.862339	-44.843581	6.02
116106	HD 221356	352.881262	-4.087403	6.49
116118	* 100 Aqr	352.925158	-21.369462	6.239
116119	V* V354 Peg	352.929291	28.403488	6.388
116146	*  13 Psc	352.989862	-1.085896	6.384
116187	HD 221493	353.120959	23.843612	6.4
116231	* bet Scl	353.242753	-37.818285	4.37
116247	* b03 Aqr	353.319259	-20.914495	4.758
116250	HD 221420	353.331579	-77.385332	5.806
116264	*  71 Peg	353.367054	22.498781	5.42
116292	HD 221661	353.429107	45.058096	6.246
116307	HD 221662	353.481212	20.840933	6.111
116310	*  72 Peg	353.488283	31.325279	5.008
116323	*  14 Psc	353.537562	-1.247561	5.87
116354	*  15 And	353.656403	40.236440	5.563
116355	*  73 Peg	353.659178	33.497328	5.621
116365	HD 221776	353.694759	38.024001	6.173
116368	HD 221745	353.705665	-15.246002	5.944
116380	HD 221861	353.746012	71.642044	5.84
116389	* iot Phe	353.769002	-42.615140	4.71
116422	*  15 Psc	353.869077	1.313138	6.463
116428	HD 221835	353.883633	-7.464430	6.407
116465	HD 221905	353.983092	24.561014	6.47
116495	*  16 Psc	354.097019	2.102222	5.68
116505	HD 221970	354.127137	32.904213	6.335
116584	* lam And	354.391012	46.458151	3.82
116591	HD 222093	354.414833	-13.060241	5.654
116592	*  74 Peg	354.415597	16.825498	6.249
116602	HD 222095	354.462477	-45.492352	4.74
116611	*  75 Peg	354.486676	18.400666	5.482
116624	HD 222125	354.512626	-15.095106	6.38
116631	* iot And	354.534168	43.268073	4.29
116653	HD 222060	354.599526	-76.869544	5.983
116709	*  18 And	354.784715	50.471733	5.35
116714	HD 222386	354.792393	75.292882	5.946
116727	* gam Cep	354.837127	77.632364	3.21
116728	HD 222387	354.838072	74.002678	5.973
116737	* tet Phe	354.866434	-46.637800	6.09
116758	* ome01 Aqr	354.946122	-14.222154	4.977
116768	HD 222377	354.979335	9.677297	5.96
116771	* iot Psc	354.987669	5.626293	4.12
116805	* kap And	355.102116	44.333933	4.14
116820	* mu. Scl	355.158953	-32.073124	5.303
116853	HD 222493	355.287135	-11.680651	5.92
116876	HD 222570	355.361605	49.512417	6.26
116889	* 103 Aqr	355.393702	-18.027074	5.344
116901	* 104 Aqr	355.440860	-17.816532	4.83
116912	HD 222618	355.477344	57.259954	6.22
116918	HD 222602	355.486207	7.250549	5.891
116928	* lam Psc	355.511689	1.780042	4.51
116941	HD 222641	355.561112	44.991715	6.41
116957	HD 222643	355.615927	-15.448029	5.257
116962	HD 222682	355.631078	61.679373	6.395
116971	* ome02 Aqr	355.680605	-14.544906	4.484
116972	*  76 Peg	355.682759	16.335720	6.293
116991	HD 222748	355.771067	51.939333	6.44
117020	*  77 Peg	355.843162	10.331538	5.071
117073	*  78 Peg	355.997855	29.361456	4.96
117075	HD 222803	356.005506	-45.083120	6.09
117088	HD 222820	356.050193	-64.404452	5.711
117089	* i01 Aqr	356.050325	-18.276950	5.239
117105	HD 222805	356.105966	-70.490226	6.07
117107	HD 222872	356.121106	-26.246634	6.23
117125	HD 222806	356.170269	-78.791441	5.738
117133	HD 222932	356.201651	55.799687	6.44
117219	HD 223011	356.505234	-40.182566	6.302
117221	* psi And	356.508529	46.420274	4.966
117245	*  19 Psc	356.597985	3.486811	5.02
117265	HD 223128	356.653069	66.782245	5.937
117299	HD 223173	356.757994	57.451359	5.503
117301	* tau Cas	356.764393	58.651991	4.873
117314	HD 223170	356.816300	-11.911128	5.731
117315	* sig Phe	356.816652	-50.226459	5.166
117340	HD 223229	356.887705	46.832562	6.13
117371	HD 223274	356.978212	67.806809	5.044
117375	*  20 Psc	356.985591	-2.761598	5.49
117420	HD 223311	357.135331	-6.380424	6.069
117445	HD 223346	357.205692	2.214415	6.457
117450	HD 223386	357.224879	59.978956	6.324
117452	* del Scl	357.231443	-28.130271	4.57
117472	HD 223421	357.299686	58.963201	6.355
117491	*  21 Psc	357.364476	1.076129	5.7
117494	HD 223428	357.381705	-15.861275	6.213
117500	*  79 Peg	357.414145	28.842389	5.96
117503	V* OU And	357.420665	36.425281	5.9
117510	HD 223466	357.456647	-25.331346	6.42
117541	HD 223524	357.561374	-9.974137	5.936
117551	HD 223552	357.592639	51.621661	6.472
117567	HD 223559	357.638687	-14.401497	5.691
117571	HD 223549	357.648498	-47.376943	6.49
117628	*  80 Peg	357.838542	9.313356	5.78
117629	* i03 Aqr	357.838910	-18.909164	5.18
117683	*  22 Psc	357.990995	2.930386	5.554
117689	* gam01 Oct	358.026972	-82.018823	5.106
117710	*  23 Psc	358.097460	21.671101	6.113
117712	HD 223778	358.105871	75.544543	6.38
117718	* phi Peg	358.122033	19.120286	5.08
117722	HD 223774	358.124961	-14.251212	5.848
117730	*  82 Peg	358.154613	10.947287	5.3
117756	* h Aqr	358.210539	-8.996758	5.747
117761	*  24 Psc	358.231513	-3.155482	5.94
117774	*  25 Psc	358.269837	2.090616	6.28
117797	HD 223884	358.336851	-24.229252	6.231
117863	* rho Cas	358.595969	57.499382	4.59
117880	HD 224022	358.660921	-40.300062	6.03
117887	V* XZ Psc	358.694268	0.109313	5.61
117927	*  26 Psc	358.782469	7.070971	6.209
117931	V* AL Scl	358.819114	-31.921478	6.076
117939	HD 224128	358.845911	25.954995	6.5
117956	HD 224165	358.889481	47.355804	5.989
117957	V* V373 Cas	358.890995	57.412169	6.0
118029	HD 224283	359.124779	-24.737218	6.315
118048	HD 224303	359.172922	22.648093	6.166
118071	HD 224342	359.265134	42.658232	6.02
118076	HD 224350	359.283994	-26.623443	6.249
118077	V* V1022 Cas	359.285300	55.705705	5.561
118081	HD 224349	359.292144	-20.833641	6.44
118092	HD 224361	359.332955	-62.956597	5.943
118114	* gam02 Oct	359.386924	-82.169808	5.724
118116	HD 224404	359.389716	60.023601	6.461
118121	* eta Tuc	359.396161	-64.298230	4.989
118131	* psi Peg	359.439694	25.141405	4.66
118178	*   1 Cet	359.588437	-15.847484	6.276
118188	V* R Cas	359.603618	51.388809	4.8
118209	*  27 Psc	359.668214	-3.555970	4.886
118234	* pi. Phe	359.732415	-52.745806	5.133
118268	* ome Psc	359.827876	6.863322	4.03
118277	V* BU Scl	359.866233	-29.485165	5.573
118322	* eps Tuc	359.979071	-65.577133	4.47
